ISO-10303-21;
HEADER;
FILE_DESCRIPTION (( 'STEP AP203' ),
    '1' );
FILE_NAME ('housing_body_Rev01b.STEP',
    '2023-08-18T10:43:22',
    ( '' ),
    ( '' ),
    'SwSTEP 2.0',
    'SolidWorks 2022',
    '' );
FILE_SCHEMA (( 'CONFIG_CONTROL_DESIGN' ));
ENDSEC;

DATA;
#1 = ORIENTED_EDGE ( 'NONE', *, *, #2389, .T. ) ;
#2 = FACE_OUTER_BOUND ( 'NONE', #4158, .T. ) ;
#3 = AXIS2_PLACEMENT_3D ( 'NONE', #3075, #119, #3052 ) ;
#4 = CARTESIAN_POINT ( 'NONE',  ( 27.99999999999996803, 2.000000000000000000, -21.80000000000003268 ) ) ;
#5 = VECTOR ( 'NONE', #444, 1000.000000000000000 ) ;
#6 = AXIS2_PLACEMENT_3D ( 'NONE', #497, #3319, #3342 ) ;
#7 = ORIENTED_EDGE ( 'NONE', *, *, #2751, .F. ) ;
#8 = DIRECTION ( 'NONE',  ( -0.000000000000000000, 1.000000000000000000, -0.000000000000000000 ) ) ;
#9 = CARTESIAN_POINT ( 'NONE',  ( 75.99999999999998579, 2.000000000000000000, -63.00000000000000000 ) ) ;
#10 = DIRECTION ( 'NONE',  ( -1.000000000000000000, 0.000000000000000000, 6.938893903907232322E-16 ) ) ;
#11 = VERTEX_POINT ( 'NONE', #1447 ) ;
#12 = EDGE_LOOP ( 'NONE', ( #3922, #2957, #3850, #1649 ) ) ;
#13 = CARTESIAN_POINT ( 'NONE',  ( 46.00000000000000711, 2.000000000000001776, -80.00000000000000000 ) ) ;
#14 = LINE ( 'NONE', #4173, #2158 ) ;
#15 = CARTESIAN_POINT ( 'NONE',  ( 114.0000000000000000, 2.000000000000000000, -53.39999999999999858 ) ) ;
#16 = VERTEX_POINT ( 'NONE', #117 ) ;
#17 = EDGE_LOOP ( 'NONE', ( #718, #927, #1779, #202 ) ) ;
#18 = EDGE_CURVE ( 'NONE', #825, #783, #4025, .T. ) ;
#19 = ORIENTED_EDGE ( 'NONE', *, *, #2089, .F. ) ;
#20 = CARTESIAN_POINT ( 'NONE',  ( 0.000000000000000000, 7.000000000000000000, 0.000000000000000000 ) ) ;
#21 = EDGE_CURVE ( 'NONE', #3868, #2510, #1063, .T. ) ;
#22 = ORIENTED_EDGE ( 'NONE', *, *, #1575, .T. ) ;
#23 = AXIS2_PLACEMENT_3D ( 'NONE', #103, #1382, #1092 ) ;
#24 = CARTESIAN_POINT ( 'NONE',  ( 106.5000000000000142, 8.000000000000000000, -45.39999999999999858 ) ) ;
#25 = LINE ( 'NONE', #2296, #1963 ) ;
#26 = VERTEX_POINT ( 'NONE', #1156 ) ;
#27 = ORIENTED_EDGE ( 'NONE', *, *, #889, .T. ) ;
#28 = DIRECTION ( 'NONE',  ( -0.000000000000000000, 1.000000000000000000, -0.000000000000000000 ) ) ;
#29 = CARTESIAN_POINT ( 'NONE',  ( 111.0000000000000000, 30.00000000000000000, -4.999999999999999112 ) ) ;
#30 = DIRECTION ( 'NONE',  ( 0.000000000000000000, 1.000000000000000000, -0.000000000000000000 ) ) ;
#31 = VERTEX_POINT ( 'NONE', #2039 ) ;
#32 = CIRCLE ( 'NONE', #1586, 1.250000000000000222 ) ;
#33 = VERTEX_POINT ( 'NONE', #456 ) ;
#34 = ORIENTED_EDGE ( 'NONE', *, *, #2963, .T. ) ;
#35 = ORIENTED_EDGE ( 'NONE', *, *, #3929, .F. ) ;
#36 = DIRECTION ( 'NONE',  ( -0.000000000000000000, 1.000000000000000000, -0.000000000000000000 ) ) ;
#37 = CC_DESIGN_PERSON_AND_ORGANIZATION_ASSIGNMENT ( #864, #2159, ( #3254 ) ) ;
#38 = ADVANCED_FACE ( 'NONE', ( #3702 ), #3638, .F. ) ;
#39 = ORIENTED_EDGE ( 'NONE', *, *, #1769, .F. ) ;
#40 = AXIS2_PLACEMENT_3D ( 'NONE', #280, #1566, #1245 ) ;
#41 = EDGE_CURVE ( 'NONE', #3630, #2164, #1486, .T. ) ;
#42 = PLANE ( 'NONE',  #2776 ) ;
#43 = DIRECTION ( 'NONE',  ( -0.000000000000000000, 1.000000000000000000, -0.000000000000000000 ) ) ;
#44 = CIRCLE ( 'NONE', #2873, 3.000000000000002665 ) ;
#45 = ORIENTED_EDGE ( 'NONE', *, *, #2372, .F. ) ;
#46 = DIRECTION ( 'NONE',  ( 0.000000000000000000, 0.000000000000000000, 1.000000000000000000 ) ) ;
#47 = VECTOR ( 'NONE', #3492, 1000.000000000000000 ) ;
#48 = CARTESIAN_POINT ( 'NONE',  ( 97.00000000000000000, 8.000000000000000000, -1.999999999999999556 ) ) ;
#49 = CARTESIAN_POINT ( 'NONE',  ( -3.784851220313040258E-15, 2.000000000000000000, -11.99999999999999645 ) ) ;
#50 = ORIENTED_EDGE ( 'NONE', *, *, #1907, .T. ) ;
#51 = EDGE_LOOP ( 'NONE', ( #594, #1971 ) ) ;
#52 = ORIENTED_EDGE ( 'NONE', *, *, #3393, .F. ) ;
#53 = EDGE_CURVE ( 'NONE', #213, #3790, #2155, .T. ) ;
#54 = VERTEX_POINT ( 'NONE', #3387 ) ;
#55 = CARTESIAN_POINT ( 'NONE',  ( 91.49999999999998579, 18.00000000000000000, -83.00000000000000000 ) ) ;
#56 = AXIS2_PLACEMENT_3D ( 'NONE', #392, #2385, #2959 ) ;
#57 = VECTOR ( 'NONE', #2869, 1000.000000000000000 ) ;
#58 = VERTEX_POINT ( 'NONE', #2121 ) ;
#59 = VECTOR ( 'NONE', #2026, 1000.000000000000000 ) ;
#60 = LINE ( 'NONE', #1607, #3177 ) ;
#61 = DIRECTION ( 'NONE',  ( 0.9999999984711560597, -5.529636409530926144E-05, 0.000000000000000000 ) ) ;
#62 = AXIS2_PLACEMENT_3D ( 'NONE', #1199, #2390, #1524 ) ;
#63 = ADVANCED_FACE ( 'NONE', ( #924 ), #1243, .F. ) ;
#64 = CARTESIAN_POINT ( 'NONE',  ( 27.99999999999996803, -8.000000000000000000, -25.00000000000002487 ) ) ;
#65 = DIRECTION ( 'NONE',  ( 1.000000000000000000, 0.000000000000000000, 0.000000000000000000 ) ) ;
#66 = DIRECTION ( 'NONE',  ( 0.000000000000000000, 0.000000000000000000, -1.000000000000000000 ) ) ;
#67 = EDGE_CURVE ( 'NONE', #3199, #3390, #4097, .T. ) ;
#68 = FACE_OUTER_BOUND ( 'NONE', #1987, .T. ) ;
#69 = VERTEX_POINT ( 'NONE', #1861 ) ;
#70 = ORIENTED_EDGE ( 'NONE', *, *, #2627, .F. ) ;
#71 = ORIENTED_EDGE ( 'NONE', *, *, #1479, .F. ) ;
#72 = ADVANCED_FACE ( 'NONE', ( #4160, #1544 ), #276, .T. ) ;
#73 = ORIENTED_EDGE ( 'NONE', *, *, #1852, .T. ) ;
#74 = DIRECTION ( 'NONE',  ( 0.000000000000000000, 0.000000000000000000, 1.000000000000000000 ) ) ;
#75 = DIRECTION ( 'NONE',  ( 0.000000000000000000, 0.000000000000000000, 1.000000000000000000 ) ) ;
#76 = CYLINDRICAL_SURFACE ( 'NONE', #548, 3.000000000000000888 ) ;
#77 = CIRCLE ( 'NONE', #2967, 3.000000000000000000 ) ;
#78 = ORIENTED_EDGE ( 'NONE', *, *, #262, .T. ) ;
#79 = DIRECTION ( 'NONE',  ( 0.000000000000000000, 0.000000000000000000, 1.000000000000000000 ) ) ;
#80 = CARTESIAN_POINT ( 'NONE',  ( 97.00000000000000000, 2.000000000000001776, -4.999999999999999112 ) ) ;
#81 = LINE ( 'NONE', #1324, #1159 ) ;
#82 = CC_DESIGN_PERSON_AND_ORGANIZATION_ASSIGNMENT ( #4036, #174, ( #3934 ) ) ;
#83 = DIRECTION ( 'NONE',  ( -1.000000000000000000, 0.000000000000000000, -1.224510688924804848E-16 ) ) ;
#84 = EDGE_CURVE ( 'NONE', #3043, #556, #1405, .T. ) ;
#85 = DIRECTION ( 'NONE',  ( 0.000000000000000000, -1.000000000000000000, 0.000000000000000000 ) ) ;
#86 = LINE ( 'NONE', #2652, #1614 ) ;
#87 = LINE ( 'NONE', #106, #644 ) ;
#88 = ORIENTED_EDGE ( 'NONE', *, *, #1450, .F. ) ;
#89 = VERTEX_POINT ( 'NONE', #2803 ) ;
#90 = ORIENTED_EDGE ( 'NONE', *, *, #395, .F. ) ;
#91 = ORIENTED_EDGE ( 'NONE', *, *, #2686, .T. ) ;
#92 = CARTESIAN_POINT ( 'NONE',  ( 71.04000000000006310, 15.99000000000000021, -10.00000000000000000 ) ) ;
#93 = CARTESIAN_POINT ( 'NONE',  ( 71.04000000000006310, 12.99000000000000199, 0.000000000000000000 ) ) ;
#94 = LINE ( 'NONE', #434, #1961 ) ;
#95 = EDGE_LOOP ( 'NONE', ( #3124, #3559, #804, #35 ) ) ;
#96 = EDGE_CURVE ( 'NONE', #555, #976, #2490, .T. ) ;
#97 = ORIENTED_EDGE ( 'NONE', *, *, #634, .F. ) ;
#98 = DIRECTION ( 'NONE',  ( -0.000000000000000000, 1.000000000000000000, -0.000000000000000000 ) ) ;
#99 = CARTESIAN_POINT ( 'NONE',  ( 111.0000000000000000, 2.000000000000000000, -12.00000000000000000 ) ) ;
#100 = CARTESIAN_POINT ( 'NONE',  ( 0.001188574302302099987, 21.49461940094865753, -10.00000000000000000 ) ) ;
#101 = VECTOR ( 'NONE', #2487, 1000.000000000000000 ) ;
#102 = LINE ( 'NONE', #2025, #4145 ) ;
#103 = CARTESIAN_POINT ( 'NONE',  ( 75.99999999999998579, 8.000000000000000000, -66.00000000000000000 ) ) ;
#104 = CARTESIAN_POINT ( 'NONE',  ( 71.04000000000006310, 12.99000000000000199, -10.00000000000000000 ) ) ;
#105 = CIRCLE ( 'NONE', #379, 3.000000000000000888 ) ;
#106 = CARTESIAN_POINT ( 'NONE',  ( 16.00000000000000000, 2.000000000000000000, -0.000000000000000000 ) ) ;
#107 = VERTEX_POINT ( 'NONE', #2864 ) ;
#108 = VERTEX_POINT ( 'NONE', #1564 ) ;
#109 = VERTEX_POINT ( 'NONE', #2460 ) ;
#110 = AXIS2_PLACEMENT_3D ( 'NONE', #2248, #3532, #1295 ) ;
#111 = VERTEX_POINT ( 'NONE', #2484 ) ;
#112 = DIRECTION ( 'NONE',  ( -0.000000000000000000, -0.000000000000000000, 1.000000000000000000 ) ) ;
#113 = CYLINDRICAL_SURFACE ( 'NONE', #3834, 3.000000000000002665 ) ;
#114 = CARTESIAN_POINT ( 'NONE',  ( 0.000000000000000000, 30.00000000000000000, -2.750000000000001332 ) ) ;
#115 = EDGE_LOOP ( 'NONE', ( #143, #3154, #339, #2546 ) ) ;
#116 = EDGE_CURVE ( 'NONE', #3540, #586, #2526, .T. ) ;
#117 = CARTESIAN_POINT ( 'NONE',  ( 74.04008294569290172, 18.98999999999999844, 0.000000000000000000 ) ) ;
#118 = CIRCLE ( 'NONE', #3954, 3.000000000000002665 ) ;
#119 = DIRECTION ( 'NONE',  ( 0.000000000000000000, 0.000000000000000000, -1.000000000000000000 ) ) ;
#120 = CIRCLE ( 'NONE', #3617, 2.999999999999999112 ) ;
#121 = CARTESIAN_POINT ( 'NONE',  ( 17.00000000000000000, 8.000000000000000000, -43.39999999999999147 ) ) ;
#122 = CARTESIAN_POINT ( 'NONE',  ( 114.0000000000000000, 30.00000000000000000, -53.39999999999999858 ) ) ;
#123 = DIRECTION ( 'NONE',  ( 0.000000000000000000, 0.000000000000000000, -1.000000000000000000 ) ) ;
#124 = VECTOR ( 'NONE', #2554, 1000.000000000000000 ) ;
#125 = CARTESIAN_POINT ( 'NONE',  ( 1.530808498934189598E-16, 21.50000000000000000, -82.25000000000000000 ) ) ;
#126 = CARTESIAN_POINT ( 'NONE',  ( 60.03999999999999915, 15.93999999999999950, -30.00000000000000000 ) ) ;
#127 = CARTESIAN_POINT ( 'NONE',  ( 27.99999999999996803, -8.000000000000000000, -25.00000000000002487 ) ) ;
#128 = DIRECTION ( 'NONE',  ( -0.000000000000000000, 1.000000000000000000, -0.000000000000000000 ) ) ;
#129 = ORIENTED_EDGE ( 'NONE', *, *, #1264, .T. ) ;
#130 = AXIS2_PLACEMENT_3D ( 'NONE', #583, #1525, #1881 ) ;
#131 = AXIS2_PLACEMENT_3D ( 'NONE', #2502, #3831, #2560 ) ;
#132 = ORIENTED_EDGE ( 'NONE', *, *, #321, .T. ) ;
#133 = ORIENTED_EDGE ( 'NONE', *, *, #1062, .T. ) ;
#134 = CARTESIAN_POINT ( 'NONE',  ( 111.0000000000000000, 2.000000000000000000, -15.00000000000000000 ) ) ;
#135 = DIRECTION ( 'NONE',  ( -0.000000000000000000, 1.000000000000000000, -0.000000000000000000 ) ) ;
#136 = VECTOR ( 'NONE', #2242, 1000.000000000000000 ) ;
#137 = DIRECTION ( 'NONE',  ( 0.9999999984711561707, -5.529636409518463240E-05, 0.000000000000000000 ) ) ;
#138 = ORIENTED_EDGE ( 'NONE', *, *, #2942, .F. ) ;
#139 = ADVANCED_FACE ( 'NONE', ( #881 ), #3520, .F. ) ;
#140 = CIRCLE ( 'NONE', #673, 1.024999999999998135 ) ;
#141 = LINE ( 'NONE', #1446, #1139 ) ;
#142 = EDGE_CURVE ( 'NONE', #2093, #632, #2319, .T. ) ;
#143 = ORIENTED_EDGE ( 'NONE', *, *, #1858, .F. ) ;
#144 = AXIS2_PLACEMENT_3D ( 'NONE', #3593, #702, #745 ) ;
#145 = CARTESIAN_POINT ( 'NONE',  ( 120.0000000000000142, 115.2877482408815837, 8.572527594031484037E-16 ) ) ;
#146 = EDGE_CURVE ( 'NONE', #470, #1213, #3408, .T. ) ;
#147 = AXIS2_PLACEMENT_3D ( 'NONE', #3643, #3034, #460 ) ;
#148 = DIRECTION ( 'NONE',  ( 0.000000000000000000, 0.000000000000000000, 1.000000000000000000 ) ) ;
#149 = FACE_OUTER_BOUND ( 'NONE', #2685, .T. ) ;
#150 = CARTESIAN_POINT ( 'NONE',  ( 43.00000000000000000, 8.000000000000000000, 0.000000000000000000 ) ) ;
#151 = COORDINATED_UNIVERSAL_TIME_OFFSET ( 1, 0, .AHEAD. ) ;
#152 = EDGE_CURVE ( 'NONE', #1981, #586, #256, .T. ) ;
#153 = CARTESIAN_POINT ( 'NONE',  ( 46.00000000000000711, 2.000000000000000000, -83.00000000000000000 ) ) ;
#154 = FACE_OUTER_BOUND ( 'NONE', #3667, .T. ) ;
#155 = CIRCLE ( 'NONE', #3049, 3.000000000000002665 ) ;
#156 = PLANE ( 'NONE',  #3946 ) ;
#157 = ORIENTED_EDGE ( 'NONE', *, *, #4126, .T. ) ;
#158 = ORIENTED_EDGE ( 'NONE', *, *, #1637, .F. ) ;
#159 = ORIENTED_EDGE ( 'NONE', *, *, #2804, .F. ) ;
#160 = CARTESIAN_POINT ( 'NONE',  ( 93.04008293843087074, 18.98947468454089460, -10.00000000000000000 ) ) ;
#161 = CARTESIAN_POINT ( 'NONE',  ( 82.99999999999997158, 8.000000000000001776, -74.02499999999999147 ) ) ;
#162 = DIRECTION ( 'NONE',  ( -0.000000000000000000, 1.000000000000000000, -0.000000000000000000 ) ) ;
#163 = ORIENTED_EDGE ( 'NONE', *, *, #258, .F. ) ;
#164 = ADVANCED_FACE ( 'NONE', ( #2146 ), #1602, .F. ) ;
#165 = LOCAL_TIME ( 12, 43, 22.00000000000000000, #612 ) ;
#166 = CARTESIAN_POINT ( 'NONE',  ( 74.04008294569290172, 18.98999999999999844, -10.00000000000000000 ) ) ;
#167 = ORIENTED_EDGE ( 'NONE', *, *, #3411, .T. ) ;
#168 = CARTESIAN_POINT ( 'NONE',  ( 99.03999999044479807, 15.98930879544854733, 0.000000000000000000 ) ) ;
#169 = ORIENTED_EDGE ( 'NONE', *, *, #3549, .T. ) ;
#170 = CARTESIAN_POINT ( 'NONE',  ( 16.00000000000000000, 8.000000000000000000, -8.999999999999980460 ) ) ;
#171 = DIRECTION ( 'NONE',  ( 0.000000000000000000, 0.000000000000000000, -1.000000000000000000 ) ) ;
#172 = DIRECTION ( 'NONE',  ( 0.000000000000000000, -1.000000000000000000, 0.000000000000000000 ) ) ;
#173 = EDGE_CURVE ( 'NONE', #58, #4170, #2508, .T. ) ;
#174 = PERSON_AND_ORGANIZATION_ROLE ( 'design_owner' ) ;
#175 = CARTESIAN_POINT ( 'NONE',  ( 106.5000000000000142, 8.000000000000000000, -6.149999999999996803 ) ) ;
#176 = CARTESIAN_POINT ( 'NONE',  ( 40.00000000000000000, 8.000000000000000000, -66.00000000000000000 ) ) ;
#177 = VECTOR ( 'NONE', #3369, 1000.000000000000000 ) ;
#178 = CARTESIAN_POINT ( 'NONE',  ( 60.03999999999999915, 15.93999999999999950, 0.000000000000000000 ) ) ;
#179 = ORIENTED_EDGE ( 'NONE', *, *, #3200, .T. ) ;
#180 = ORIENTED_EDGE ( 'NONE', *, *, #4004, .F. ) ;
#181 = VECTOR ( 'NONE', #3322, 1000.000000000000000 ) ;
#182 = ORIENTED_EDGE ( 'NONE', *, *, #597, .T. ) ;
#183 = DIRECTION ( 'NONE',  ( 1.000000000000000000, 5.303319243360361186E-16, 0.000000000000000000 ) ) ;
#184 = DIRECTION ( 'NONE',  ( 1.000000000000000000, 0.000000000000000000, 0.000000000000000000 ) ) ;
#185 = LINE ( 'NONE', #3432, #1198 ) ;
#186 = VERTEX_POINT ( 'NONE', #298 ) ;
#187 = CIRCLE ( 'NONE', #1936, 3.000000000000002665 ) ;
#188 = CYLINDRICAL_SURFACE ( 'NONE', #3821, 3.000000000000002665 ) ;
#189 = ORIENTED_EDGE ( 'NONE', *, *, #3777, .F. ) ;
#190 = LINE ( 'NONE', #1477, #2944 ) ;
#191 = VERTEX_POINT ( 'NONE', #2175 ) ;
#192 = FACE_BOUND ( 'NONE', #2817, .T. ) ;
#193 = VECTOR ( 'NONE', #2919, 1000.000000000000114 ) ;
#194 = CARTESIAN_POINT ( 'NONE',  ( 106.5000000000000142, 8.000000000000000000, -46.64999999999999858 ) ) ;
#195 = FACE_OUTER_BOUND ( 'NONE', #1630, .T. ) ;
#196 = AXIS2_PLACEMENT_3D ( 'NONE', #2013, #3594, #1099 ) ;
#197 = AXIS2_PLACEMENT_3D ( 'NONE', #3487, #1681, #4169 ) ;
#198 = MECHANICAL_CONTEXT ( 'NONE', #4046, 'mechanical' ) ;
#199 = DIRECTION ( 'NONE',  ( -0.000000000000000000, 1.000000000000000000, -0.000000000000000000 ) ) ;
#200 = CARTESIAN_POINT ( 'NONE',  ( 90.08173892140095518, 13.48963826180039227, -2.000000000000000000 ) ) ;
#201 = CARTESIAN_POINT ( 'NONE',  ( 23.00000000000000000, 8.000000000000000000, -66.00000000000000000 ) ) ;
#202 = ORIENTED_EDGE ( 'NONE', *, *, #2925, .T. ) ;
#203 = ADVANCED_FACE ( 'NONE', ( #2880 ), #3478, .F. ) ;
#204 = ORIENTED_EDGE ( 'NONE', *, *, #1458, .F. ) ;
#205 = ORIENTED_EDGE ( 'NONE', *, *, #504, .F. ) ;
#206 = DIRECTION ( 'NONE',  ( 0.000000000000000000, 0.000000000000000000, 1.000000000000000000 ) ) ;
#207 = CARTESIAN_POINT ( 'NONE',  ( 101.9999999999999858, 8.000000000000000000, -47.39999999999999858 ) ) ;
#208 = DIRECTION ( 'NONE',  ( 0.000000000000000000, 0.000000000000000000, -1.000000000000000000 ) ) ;
#209 = ORIENTED_EDGE ( 'NONE', *, *, #358, .F. ) ;
#210 = VECTOR ( 'NONE', #576, 1000.000000000000000 ) ;
#211 = EDGE_CURVE ( 'NONE', #3967, #3969, #941, .T. ) ;
#212 = CARTESIAN_POINT ( 'NONE',  ( 82.99999999999998579, 18.00000000000000000, -85.00000000000000000 ) ) ;
#213 = VERTEX_POINT ( 'NONE', #4 ) ;
#214 = CARTESIAN_POINT ( 'NONE',  ( 106.5000000000000142, 8.000000000000000000, -7.399999999999997691 ) ) ;
#215 = VERTEX_POINT ( 'NONE', #3438 ) ;
#216 = CARTESIAN_POINT ( 'NONE',  ( 117.0000000000000000, 0.000000000000000000, -85.00000000000000000 ) ) ;
#217 = DIRECTION ( 'NONE',  ( -0.000000000000000000, 1.000000000000000000, -0.000000000000000000 ) ) ;
#218 = AXIS2_PLACEMENT_3D ( 'NONE', #3371, #4007, #2765 ) ;
#219 = FACE_OUTER_BOUND ( 'NONE', #872, .T. ) ;
#220 = CIRCLE ( 'NONE', #2172, 3.000000000000002665 ) ;
#221 = DIRECTION ( 'NONE',  ( 0.000000000000000000, 1.000000000000000000, -0.000000000000000000 ) ) ;
#222 = DATE_AND_TIME ( #1140, #1646 ) ;
#223 = EDGE_CURVE ( 'NONE', #4138, #2434, #545, .T. ) ;
#224 = EDGE_CURVE ( 'NONE', #3044, #1126, #2077, .T. ) ;
#225 = FACE_OUTER_BOUND ( 'NONE', #3928, .T. ) ;
#226 = LINE ( 'NONE', #2722, #2886 ) ;
#227 = LINE ( 'NONE', #1512, #777 ) ;
#228 = EDGE_CURVE ( 'NONE', #1335, #2093, #2379, .T. ) ;
#229 = ORIENTED_EDGE ( 'NONE', *, *, #2256, .T. ) ;
#230 = VERTEX_POINT ( 'NONE', #3645 ) ;
#231 = EDGE_CURVE ( 'NONE', #2876, #555, #2338, .T. ) ;
#232 = EDGE_LOOP ( 'NONE', ( #70, #2616 ) ) ;
#233 = DIRECTION ( 'NONE',  ( -0.000000000000000000, 1.000000000000000000, -0.000000000000000000 ) ) ;
#234 = DIRECTION ( 'NONE',  ( -0.000000000000000000, -0.000000000000000000, 1.000000000000000000 ) ) ;
#235 = CARTESIAN_POINT ( 'NONE',  ( 117.0000000000000000, 0.000000000000000000, -2.999999999999999556 ) ) ;
#236 = ORIENTED_EDGE ( 'NONE', *, *, #893, .T. ) ;
#237 = CARTESIAN_POINT ( 'NONE',  ( 1.530808498934190338E-16, 30.00000000000000000, -5.249999999999999112 ) ) ;
#238 = DIRECTION ( 'NONE',  ( 1.000000000000000000, 0.000000000000000000, 0.000000000000000000 ) ) ;
#239 = FACE_OUTER_BOUND ( 'NONE', #730, .T. ) ;
#240 = ORIENTED_EDGE ( 'NONE', *, *, #1904, .F. ) ;
#241 = VECTOR ( 'NONE', #1931, 1000.000000000000000 ) ;
#242 = EDGE_CURVE ( 'NONE', #666, #3270, #599, .T. ) ;
#243 = FACE_OUTER_BOUND ( 'NONE', #2656, .T. ) ;
#244 = CARTESIAN_POINT ( 'NONE',  ( 117.0000000000000000, 30.00000000000000000, -82.00000000000000000 ) ) ;
#245 = DIRECTION ( 'NONE',  ( 0.000000000000000000, 0.000000000000000000, -1.000000000000000000 ) ) ;
#246 = DIRECTION ( 'NONE',  ( -0.000000000000000000, -1.000000000000000000, -0.000000000000000000 ) ) ;
#247 = EDGE_LOOP ( 'NONE', ( #1929, #2362, #1145, #4111 ) ) ;
#248 = EDGE_LOOP ( 'NONE', ( #3705, #1366, #1701, #3793 ) ) ;
#249 = ORIENTED_EDGE ( 'NONE', *, *, #1953, .F. ) ;
#250 = CARTESIAN_POINT ( 'NONE',  ( 0.000000000000000000, 30.00000000000000000, -79.75000000000000000 ) ) ;
#251 = DIRECTION ( 'NONE',  ( 0.000000000000000000, 0.000000000000000000, -1.000000000000000000 ) ) ;
#252 = DIRECTION ( 'NONE',  ( -1.000000000000000000, 0.000000000000000000, 0.000000000000000000 ) ) ;
#253 = ORIENTED_EDGE ( 'NONE', *, *, #573, .F. ) ;
#254 = VECTOR ( 'NONE', #3642, 1000.000000000000000 ) ;
#255 = DIRECTION ( 'NONE',  ( 0.000000000000000000, -0.000000000000000000, -1.000000000000000000 ) ) ;
#256 = LINE ( 'NONE', #2194, #3842 ) ;
#257 = CIRCLE ( 'NONE', #2330, 3.000000000000002665 ) ;
#258 = EDGE_CURVE ( 'NONE', #2641, #779, #2413, .T. ) ;
#259 = CONICAL_SURFACE ( 'NONE', #1879, 1.250000000000001110, 1.029744258676655200 ) ;
#260 = FACE_BOUND ( 'NONE', #780, .T. ) ;
#261 = EDGE_LOOP ( 'NONE', ( #2939, #3262 ) ) ;
#262 = EDGE_CURVE ( 'NONE', #1657, #3540, #384, .T. ) ;
#263 = LINE ( 'NONE', #3337, #883 ) ;
#264 = DIRECTION ( 'NONE',  ( 1.000000000000000000, 0.000000000000000000, 0.000000000000000000 ) ) ;
#265 = DIRECTION ( 'NONE',  ( 0.000000000000000000, 1.000000000000000000, -0.000000000000000000 ) ) ;
#266 = CARTESIAN_POINT ( 'NONE',  ( 116.0000000000000000, 30.00000000000000000, -4.000000000000000000 ) ) ;
#267 = ORIENTED_EDGE ( 'NONE', *, *, #1259, .F. ) ;
#268 = CIRCLE ( 'NONE', #393, 2.999999999999999112 ) ;
#269 = VERTEX_POINT ( 'NONE', #775 ) ;
#270 = CARTESIAN_POINT ( 'NONE',  ( 5.000000000000000000, 8.000000000000000000, -14.99999999999999822 ) ) ;
#271 = LINE ( 'NONE', #3512, #4122 ) ;
#272 = AXIS2_PLACEMENT_3D ( 'NONE', #1410, #2359, #2567 ) ;
#273 = DIRECTION ( 'NONE',  ( 0.000000000000000000, -1.000000000000000000, 0.000000000000000000 ) ) ;
#274 = EDGE_LOOP ( 'NONE', ( #1934, #3244, #1365, #2849 ) ) ;
#275 = CARTESIAN_POINT ( 'NONE',  ( 99.03999999044479807, 15.98930879544854733, -10.00000000000000000 ) ) ;
#276 = PLANE ( 'NONE',  #4121 ) ;
#277 = EDGE_CURVE ( 'NONE', #2272, #3555, #3306, .T. ) ;
#278 = EDGE_CURVE ( 'NONE', #3724, #4171, #1137, .T. ) ;
#279 = EDGE_CURVE ( 'NONE', #3941, #3270, #959, .T. ) ;
#280 = CARTESIAN_POINT ( 'NONE',  ( 0.000000000000000000, 30.00000000000000000, -1.999999999999999556 ) ) ;
#281 = ORIENTED_EDGE ( 'NONE', *, *, #2458, .T. ) ;
#282 = AXIS2_PLACEMENT_3D ( 'NONE', #3068, #785, #1173 ) ;
#283 = CYLINDRICAL_SURFACE ( 'NONE', #1418, 1.250000000000001110 ) ;
#284 = APPROVAL_STATUS ( 'not_yet_approved' ) ;
#285 = DIRECTION ( 'NONE',  ( 0.000000000000000000, 0.000000000000000000, 1.000000000000000000 ) ) ;
#286 = FACE_OUTER_BOUND ( 'NONE', #1352, .T. ) ;
#287 = VECTOR ( 'NONE', #4080, 1000.000000000000000 ) ;
#288 = VERTEX_POINT ( 'NONE', #2972 ) ;
#289 = CIRCLE ( 'NONE', #3517, 3.000000000000002665 ) ;
#290 = EDGE_LOOP ( 'NONE', ( #2165, #2580, #858, #1227, #2862, #3379, #1073, #2978 ) ) ;
#291 = EDGE_CURVE ( 'NONE', #1857, #609, #3162, .T. ) ;
#292 = CARTESIAN_POINT ( 'NONE',  ( 1.530808498934188366E-16, 30.00000000000000000, -82.25000000000000000 ) ) ;
#293 = LINE ( 'NONE', #1952, #3776 ) ;
#294 = FACE_OUTER_BOUND ( 'NONE', #2323, .T. ) ;
#295 = ORIENTED_EDGE ( 'NONE', *, *, #1432, .T. ) ;
#296 = ORIENTED_EDGE ( 'NONE', *, *, #2539, .T. ) ;
#297 = DIRECTION ( 'NONE',  ( 0.000000000000000000, 0.000000000000000000, 1.000000000000000000 ) ) ;
#298 = CARTESIAN_POINT ( 'NONE',  ( 116.0000000000000000, 21.50000000000000000, -2.749999999999999112 ) ) ;
#299 = EDGE_CURVE ( 'NONE', #1036, #2407, #3986, .T. ) ;
#300 = EDGE_CURVE ( 'NONE', #2641, #109, #2065, .T. ) ;
#301 = ORIENTED_EDGE ( 'NONE', *, *, #977, .T. ) ;
#302 = CARTESIAN_POINT ( 'NONE',  ( 0.000000000000000000, 30.00000000000000000, -83.00000000000000000 ) ) ;
#303 = CIRCLE ( 'NONE', #4003, 5.999999999999998224 ) ;
#304 = CARTESIAN_POINT ( 'NONE',  ( 108.8489367685222220, 7.000000000000000000, -77.00000000000000000 ) ) ;
#305 = EDGE_CURVE ( 'NONE', #3630, #356, #1710, .T. ) ;
#306 = FACE_OUTER_BOUND ( 'NONE', #895, .T. ) ;
#307 = ORIENTED_EDGE ( 'NONE', *, *, #1849, .T. ) ;
#308 = ORIENTED_EDGE ( 'NONE', *, *, #420, .F. ) ;
#309 = CARTESIAN_POINT ( 'NONE',  ( 48.03999999999999915, 15.93999999999999950, -30.00000000000000000 ) ) ;
#310 = PLANE ( 'NONE',  #3503 ) ;
#311 = LINE ( 'NONE', #49, #3272 ) ;
#312 = VERTEX_POINT ( 'NONE', #405 ) ;
#313 = ORIENTED_EDGE ( 'NONE', *, *, #3467, .T. ) ;
#314 = CYLINDRICAL_SURFACE ( 'NONE', #2281, 3.000000000000002665 ) ;
#315 = CARTESIAN_POINT ( 'NONE',  ( 96.03999999044479807, 15.98930879544854733, -10.00000000000000000 ) ) ;
#316 = AXIS2_PLACEMENT_3D ( 'NONE', #2986, #1703, #769 ) ;
#317 = AXIS2_PLACEMENT_3D ( 'NONE', #2469, #867, #1142 ) ;
#318 = ORIENTED_EDGE ( 'NONE', *, *, #3787, .F. ) ;
#319 = CARTESIAN_POINT ( 'NONE',  ( -1.000000000000009992, 30.00000000000000000, -2.999999999999999556 ) ) ;
#320 = CARTESIAN_POINT ( 'NONE',  ( 101.9999999999999858, 8.000000000000000000, -43.39999999999999858 ) ) ;
#321 = EDGE_CURVE ( 'NONE', #1715, #2297, #3894, .T. ) ;
#322 = DIRECTION ( 'NONE',  ( 0.000000000000000000, 0.000000000000000000, 1.000000000000000000 ) ) ;
#323 = ORIENTED_EDGE ( 'NONE', *, *, #2229, .T. ) ;
#324 = EDGE_LOOP ( 'NONE', ( #1146, #1103, #1325, #1285 ) ) ;
#325 = CARTESIAN_POINT ( 'NONE',  ( -1.000000000000000000, 30.00000000000000000, -85.00000000000000000 ) ) ;
#326 = CARTESIAN_POINT ( 'NONE',  ( 72.99999999999998579, 8.000000000000000000, -66.00000000000000000 ) ) ;
#327 = AXIS2_PLACEMENT_3D ( 'NONE', #2289, #2936, #3923 ) ;
#328 = EDGE_CURVE ( 'NONE', #2588, #3448, #1362, .T. ) ;
#329 = DIRECTION ( 'NONE',  ( 1.000000000000000000, 0.000000000000000000, 0.000000000000000000 ) ) ;
#330 = EDGE_LOOP ( 'NONE', ( #4157, #1547, #27, #4049 ) ) ;
#331 = CIRCLE ( 'NONE', #2606, 1.024999999999984368 ) ;
#332 = VERTEX_POINT ( 'NONE', #1731 ) ;
#333 = VERTEX_POINT ( 'NONE', #425 ) ;
#334 = DIRECTION ( 'NONE',  ( 0.000000000000000000, -0.000000000000000000, -1.000000000000000000 ) ) ;
#335 = VECTOR ( 'NONE', #969, 1000.000000000000000 ) ;
#336 = AXIS2_PLACEMENT_3D ( 'NONE', #1573, #1847, #3507 ) ;
#337 = AXIS2_PLACEMENT_3D ( 'NONE', #2879, #255, #1301 ) ;
#338 = EDGE_CURVE ( 'NONE', #1657, #2679, #898, .T. ) ;
#339 = ORIENTED_EDGE ( 'NONE', *, *, #4164, .F. ) ;
#340 = CIRCLE ( 'NONE', #3025, 3.000000000000002665 ) ;
#341 = LINE ( 'NONE', #3524, #2028 ) ;
#342 = CIRCLE ( 'NONE', #1221, 3.000000000000000000 ) ;
#343 = SECURITY_CLASSIFICATION_LEVEL ( 'unclassified' ) ;
#344 = DIRECTION ( 'NONE',  ( 0.000000000000000000, 0.000000000000000000, 1.000000000000000000 ) ) ;
#345 = ORIENTED_EDGE ( 'NONE', *, *, #503, .T. ) ;
#346 = EDGE_LOOP ( 'NONE', ( #3176, #760, #3279, #3527, #1148, #3401, #728, #1312, #3905, #723, #374, #132, #97, #2449, #2749, #3361, #1714, #323, #2592, #2780, #249, #2103, #1568, #3248, #2452, #448, #616, #1782, #698, #2327, #3718, #2403, #2562, #3114, #1388, #4017, #3607, #2278, #3547, #3257, #2931, #4070, #1466, #3780, #4137, #1790, #2663, #3493 ) ) ;
#347 = ADVANCED_FACE ( 'NONE', ( #3351 ), #1086, .F. ) ;
#348 = DIRECTION ( 'NONE',  ( 0.000000000000000000, 0.000000000000000000, 1.000000000000000000 ) ) ;
#349 = ADVANCED_FACE ( 'NONE', ( #3539 ), #1983, .T. ) ;
#350 = CARTESIAN_POINT ( 'NONE',  ( 82.99999999999998579, 18.00000000000000000, -80.00000000000000000 ) ) ;
#351 = AXIS2_PLACEMENT_3D ( 'NONE', #3864, #2867, #1908 ) ;
#352 = CARTESIAN_POINT ( 'NONE',  ( 106.5000000000000142, 8.000000000000000000, -8.649999999999998579 ) ) ;
#353 = AXIS2_PLACEMENT_3D ( 'NONE', #3223, #1945, #1306 ) ;
#354 = ORIENTED_EDGE ( 'NONE', *, *, #41, .F. ) ;
#355 = ORIENTED_EDGE ( 'NONE', *, *, #508, .F. ) ;
#356 = VERTEX_POINT ( 'NONE', #2160 ) ;
#357 = DIRECTION ( 'NONE',  ( 0.000000000000000000, 0.000000000000000000, 1.000000000000000000 ) ) ;
#358 = EDGE_CURVE ( 'NONE', #89, #3609, #1165, .T. ) ;
#359 = VERTEX_POINT ( 'NONE', #153 ) ;
#360 = AXIS2_PLACEMENT_3D ( 'NONE', #3664, #1344, #1753 ) ;
#361 = FACE_OUTER_BOUND ( 'NONE', #3378, .T. ) ;
#362 = CARTESIAN_POINT ( 'NONE',  ( 120.0000000000000142, 30.00000000000000000, -82.00000000000000000 ) ) ;
#363 = EDGE_CURVE ( 'NONE', #1161, #359, #1434, .T. ) ;
#364 = ORIENTED_EDGE ( 'NONE', *, *, #3761, .T. ) ;
#365 = AXIS2_PLACEMENT_3D ( 'NONE', #64, #3586, #46 ) ;
#366 = DIRECTION ( 'NONE',  ( 0.000000000000000000, 0.000000000000000000, 1.000000000000000000 ) ) ;
#367 = DIRECTION ( 'NONE',  ( -0.000000000000000000, -0.000000000000000000, -1.000000000000000000 ) ) ;
#368 = CYLINDRICAL_SURFACE ( 'NONE', #2471, 1.249999999999998890 ) ;
#369 = ORIENTED_EDGE ( 'NONE', *, *, #3829, .T. ) ;
#370 = ORIENTED_EDGE ( 'NONE', *, *, #4161, .T. ) ;
#371 = EDGE_LOOP ( 'NONE', ( #3311, #1986 ) ) ;
#372 = EDGE_LOOP ( 'NONE', ( #189, #981, #630, #1948 ) ) ;
#373 = FACE_OUTER_BOUND ( 'NONE', #3403, .T. ) ;
#374 = ORIENTED_EDGE ( 'NONE', *, *, #1695, .F. ) ;
#375 = EDGE_CURVE ( 'NONE', #3138, #3630, #2768, .T. ) ;
#376 = EDGE_CURVE ( 'NONE', #2876, #33, #3800, .T. ) ;
#377 = LINE ( 'NONE', #946, #677 ) ;
#378 = DIRECTION ( 'NONE',  ( -1.000000000000000000, -0.000000000000000000, -0.000000000000000000 ) ) ;
#379 = AXIS2_PLACEMENT_3D ( 'NONE', #696, #407, #1384 ) ;
#380 = EDGE_CURVE ( 'NONE', #2225, #2291, #2369, .T. ) ;
#381 = ORIENTED_EDGE ( 'NONE', *, *, #2064, .T. ) ;
#382 = LINE ( 'NONE', #1024, #2645 ) ;
#383 = CIRCLE ( 'NONE', #2741, 8.499999999999992895 ) ;
#384 = LINE ( 'NONE', #2990, #59 ) ;
#385 = CARTESIAN_POINT ( 'NONE',  ( 0.000000000000000000, 21.50000000000000000, -81.00000000000000000 ) ) ;
#386 = DIRECTION ( 'NONE',  ( -0.000000000000000000, 0.000000000000000000, 1.000000000000000000 ) ) ;
#387 = ORIENTED_EDGE ( 'NONE', *, *, #21, .T. ) ;
#388 = VERTEX_POINT ( 'NONE', #1209 ) ;
#389 = VERTEX_POINT ( 'NONE', #1776 ) ;
#390 = ORIENTED_EDGE ( 'NONE', *, *, #708, .F. ) ;
#391 = CARTESIAN_POINT ( 'NONE',  ( 0.000000000000000000, 18.98999999999999844, 0.000000000000000000 ) ) ;
#392 = CARTESIAN_POINT ( 'NONE',  ( 0.000000000000000000, 18.98999999999999844, -10.00000000000000000 ) ) ;
#393 = AXIS2_PLACEMENT_3D ( 'NONE', #1496, #491, #2116 ) ;
#394 = VECTOR ( 'NONE', #10, 1000.000000000000000 ) ;
#395 = EDGE_CURVE ( 'NONE', #3650, #4138, #155, .T. ) ;
#396 = ORIENTED_EDGE ( 'NONE', *, *, #3187, .F. ) ;
#398 = VECTOR ( 'NONE', #85, 1000.000000000000000 ) ;
#397 = DIRECTION ( 'NONE',  ( 0.000000000000000000, -1.000000000000000000, 0.000000000000000000 ) ) ;
#399 = EDGE_CURVE ( 'NONE', #2363, #3179, #3084, .T. ) ;
#400 = LINE ( 'NONE', #2395, #254 ) ;
#401 = CARTESIAN_POINT ( 'NONE',  ( 116.0000000000000000, 21.50000000000000000, -82.25000000000000000 ) ) ;
#402 = AXIS2_PLACEMENT_3D ( 'NONE', #518, #1812, #3026 ) ;
#403 = EDGE_CURVE ( 'NONE', #2636, #719, #2721, .T. ) ;
#404 = FACE_OUTER_BOUND ( 'NONE', #3993, .T. ) ;
#405 = CARTESIAN_POINT ( 'NONE',  ( 113.9999999999999716, 8.000000000000000000, -53.39999999999999858 ) ) ;
#406 = CARTESIAN_POINT ( 'NONE',  ( 14.00000000000000178, 8.000000000000000000, -43.39999999999999147 ) ) ;
#407 = DIRECTION ( 'NONE',  ( 0.000000000000000000, -1.000000000000000000, 0.000000000000000000 ) ) ;
#408 = EDGE_LOOP ( 'NONE', ( #3867, #2926, #3455, #1556, #748, #2178 ) ) ;
#409 = ORIENTED_EDGE ( 'NONE', *, *, #4093, .F. ) ;
#410 = ADVANCED_FACE ( 'NONE', ( #533 ), #3423, .F. ) ;
#411 = VERTEX_POINT ( 'NONE', #1846 ) ;
#412 = ORIENTED_EDGE ( 'NONE', *, *, #3656, .F. ) ;
#413 = CARTESIAN_POINT ( 'NONE',  ( 101.9999999999999858, 8.000000000000000000, -40.39999999999999858 ) ) ;
#414 = CARTESIAN_POINT ( 'NONE',  ( 90.08157303230868251, 10.48963826638692431, -10.00000000000000000 ) ) ;
#415 = VECTOR ( 'NONE', #807, 1000.000000000000000 ) ;
#416 = CARTESIAN_POINT ( 'NONE',  ( 0.000000000000000000, 12.99000000000000199, 0.000000000000000000 ) ) ;
#417 = EDGE_LOOP ( 'NONE', ( #3048, #364, #2785, #2345 ) ) ;
#418 = AXIS2_PLACEMENT_3D ( 'NONE', #2129, #3421, #1184 ) ;
#419 = EDGE_LOOP ( 'NONE', ( #2556, #1332, #1534, #3298 ) ) ;
#420 = EDGE_CURVE ( 'NONE', #2266, #2048, #2179, .T. ) ;
#421 = CARTESIAN_POINT ( 'NONE',  ( 23.00000000000000000, 2.000000000000000000, -80.00000000000000000 ) ) ;
#422 = DIRECTION ( 'NONE',  ( 0.000000000000000000, 0.000000000000000000, -1.000000000000000000 ) ) ;
#423 = CARTESIAN_POINT ( 'NONE',  ( 0.000000000000000000, 30.00000000000000000, -85.00000000000000000 ) ) ;
#424 = FACE_OUTER_BOUND ( 'NONE', #2709, .T. ) ;
#425 = CARTESIAN_POINT ( 'NONE',  ( 101.9999999999999858, 8.000000000000000000, -50.39999999999999858 ) ) ;
#426 = CARTESIAN_POINT ( 'NONE',  ( 5.000000000000000000, 30.00000000000000000, -80.00000000000000000 ) ) ;
#427 = DIRECTION ( 'NONE',  ( -0.000000000000000000, 1.000000000000000000, -0.000000000000000000 ) ) ;
#428 = ORIENTED_EDGE ( 'NONE', *, *, #3260, .T. ) ;
#429 = EDGE_LOOP ( 'NONE', ( #3402, #2870, #1291, #3998 ) ) ;
#430 = VERTEX_POINT ( 'NONE', #3060 ) ;
#431 = EDGE_LOOP ( 'NONE', ( #2106, #1937, #854, #1440 ) ) ;
#432 = DIRECTION ( 'NONE',  ( -1.000000000000000000, 0.000000000000000000, 0.000000000000000000 ) ) ;
#433 = CARTESIAN_POINT ( 'NONE',  ( 27.99999999999996803, 0.000000000000000000, -25.00000000000002487 ) ) ;
#434 = CARTESIAN_POINT ( 'NONE',  ( 5.000000000000000000, 30.00000000000000000, -2.000000000000000444 ) ) ;
#435 = ORIENTED_EDGE ( 'NONE', *, *, #1695, .T. ) ;
#436 = ORIENTED_EDGE ( 'NONE', *, *, #3367, .T. ) ;
#437 = CARTESIAN_POINT ( 'NONE',  ( 100.0000000000000000, 2.000000000000000000, -0.000000000000000000 ) ) ;
#438 = DIRECTION ( 'NONE',  ( 0.000000000000000000, 0.000000000000000000, -1.000000000000000000 ) ) ;
#439 = CYLINDRICAL_SURFACE ( 'NONE', #4057, 1.250000000000001110 ) ;
#440 = AXIS2_PLACEMENT_3D ( 'NONE', #2177, #1181, #1884 ) ;
#441 = DIRECTION ( 'NONE',  ( 0.000000000000000000, 0.000000000000000000, 1.000000000000000000 ) ) ;
#442 = ADVANCED_FACE ( 'NONE', ( #2181, #225 ), #3374, .T. ) ;
#443 = CARTESIAN_POINT ( 'NONE',  ( 12.99999999999997868, 8.000000000000000000, -12.00000000000000000 ) ) ;
#444 = DIRECTION ( 'NONE',  ( -0.000000000000000000, -0.000000000000000000, 1.000000000000000000 ) ) ;
#445 = CIRCLE ( 'NONE', #4165, 3.000000000000002665 ) ;
#446 = CARTESIAN_POINT ( 'NONE',  ( 23.64000000000000057, 15.93999999999999950, -1.999999999999998224 ) ) ;
#447 = ORIENTED_EDGE ( 'NONE', *, *, #2527, .T. ) ;
#448 = ORIENTED_EDGE ( 'NONE', *, *, #2376, .T. ) ;
#449 = CIRCLE ( 'NONE', #1120, 3.000000000000002665 ) ;
#450 = VERTEX_POINT ( 'NONE', #1186 ) ;
#451 = FACE_OUTER_BOUND ( 'NONE', #95, .T. ) ;
#452 = CARTESIAN_POINT ( 'NONE',  ( -0.001078576623053882069, 10.49461950949650380, -1.999999999999999556 ) ) ;
#453 = EDGE_CURVE ( 'NONE', #3951, #3767, #2866, .T. ) ;
#454 = DIRECTION ( 'NONE',  ( 0.000000000000000000, 0.000000000000000000, 1.000000000000000000 ) ) ;
#455 = ORIENTED_EDGE ( 'NONE', *, *, #782, .T. ) ;
#456 = CARTESIAN_POINT ( 'NONE',  ( 106.5000000000000142, 0.000000000000000000, -46.64999999999999858 ) ) ;
#457 = CYLINDRICAL_SURFACE ( 'NONE', #3686, 3.199999999999994404 ) ;
#458 = CARTESIAN_POINT ( 'NONE',  ( 93.04008293843087074, 18.98947468454089460, -2.000000000000000000 ) ) ;
#459 = CARTESIAN_POINT ( 'NONE',  ( 116.0000000000000000, 30.00000000000000000, -82.25000000000000000 ) ) ;
#460 = DIRECTION ( 'NONE',  ( 0.000000000000000000, 0.000000000000000000, 1.000000000000000000 ) ) ;
#461 = CIRCLE ( 'NONE', #3561, 1.250000000000001110 ) ;
#462 = LINE ( 'NONE', #4104, #1360 ) ;
#463 = CARTESIAN_POINT ( 'NONE',  ( 106.5000000000000142, 8.000000000000000000, -44.14999999999999147 ) ) ;
#464 = DIRECTION ( 'NONE',  ( -0.000000000000000000, -1.000000000000000000, 0.000000000000000000 ) ) ;
#465 = PLANE ( 'NONE',  #3823 ) ;
#466 = ORIENTED_EDGE ( 'NONE', *, *, #3637, .T. ) ;
#467 = AXIS2_PLACEMENT_3D ( 'NONE', #3228, #3266, #676 ) ;
#468 = CC_DESIGN_PERSON_AND_ORGANIZATION_ASSIGNMENT ( #1529, #2810, ( #3254 ) ) ;
#469 = ORIENTED_EDGE ( 'NONE', *, *, #146, .T. ) ;
#470 = VERTEX_POINT ( 'NONE', #175 ) ;
#471 = FACE_OUTER_BOUND ( 'NONE', #3356, .T. ) ;
#472 = DIRECTION ( 'NONE',  ( -0.000000000000000000, 1.000000000000000000, -0.000000000000000000 ) ) ;
#473 = CARTESIAN_POINT ( 'NONE',  ( 44.84000000000000341, 15.93999999999999950, -1.999999999999998224 ) ) ;
#474 = ORIENTED_EDGE ( 'NONE', *, *, #2942, .T. ) ;
#475 = VECTOR ( 'NONE', #2117, 1000.000000000000000 ) ;
#476 = CYLINDRICAL_SURFACE ( 'NONE', #3629, 2.999999999999999112 ) ;
#477 = VERTEX_POINT ( 'NONE', #3444 ) ;
#478 = EDGE_CURVE ( 'NONE', #2291, #2225, #707, .T. ) ;
#479 = AXIS2_PLACEMENT_3D ( 'NONE', #2888, #8, #1943 ) ;
#480 = CARTESIAN_POINT ( 'NONE',  ( 2.000000000000001776, 8.000000000000000000, -37.39999999999999147 ) ) ;
#481 = CARTESIAN_POINT ( 'NONE',  ( 46.00000000000000711, 30.00000000000000000, -80.00000000000000000 ) ) ;
#482 = CARTESIAN_POINT ( 'NONE',  ( 82.99999999999997158, 8.000000000000001776, -73.00000000000001421 ) ) ;
#483 = CARTESIAN_POINT ( 'NONE',  ( 88.00000000000000000, 0.000000000000000000, -21.80000000000003268 ) ) ;
#484 = CARTESIAN_POINT ( 'NONE',  ( 0.000000000000000000, 0.000000000000000000, 0.000000000000000000 ) ) ;
#485 = DIRECTION ( 'NONE',  ( 0.000000000000000000, -1.000000000000000000, 0.000000000000000000 ) ) ;
#486 = DIRECTION ( 'NONE',  ( 0.000000000000000000, 0.000000000000000000, 1.000000000000000000 ) ) ;
#487 = CARTESIAN_POINT ( 'NONE',  ( 5.000000000000000000, 8.000000000000000000, -53.39999999999999147 ) ) ;
#488 = EDGE_LOOP ( 'NONE', ( #808, #1241, #848, #2860 ) ) ;
#489 = EDGE_LOOP ( 'NONE', ( #1385, #3450, #2496, #2437, #2451, #78 ) ) ;
#490 = ORIENTED_EDGE ( 'NONE', *, *, #1788, .F. ) ;
#491 = DIRECTION ( 'NONE',  ( -0.000000000000000000, -1.000000000000000000, 0.000000000000000000 ) ) ;
#492 = CARTESIAN_POINT ( 'NONE',  ( 2.000000000000000000, 8.000000000000000000, -50.39999999999998437 ) ) ;
#493 = FACE_OUTER_BOUND ( 'NONE', #3649, .T. ) ;
#494 = ORIENTED_EDGE ( 'NONE', *, *, #363, .T. ) ;
#495 = VECTOR ( 'NONE', #1253, 1000.000000000000000 ) ;
#496 = CARTESIAN_POINT ( 'NONE',  ( 0.000000000000000000, 30.00000000000000000, -81.00000000000000000 ) ) ;
#497 = CARTESIAN_POINT ( 'NONE',  ( 13.00000000000000178, 8.000000000000000000, -9.000000000000001776 ) ) ;
#498 = CARTESIAN_POINT ( 'NONE',  ( 116.0000000000000000, 30.00000000000000000, -2.749999999999999112 ) ) ;
#499 = ORIENTED_EDGE ( 'NONE', *, *, #2971, .F. ) ;
#500 = CARTESIAN_POINT ( 'NONE',  ( 111.0000000000000000, 8.000000000000000000, -53.39999999999999858 ) ) ;
#501 = DIRECTION ( 'NONE',  ( -1.000000000000000000, 0.000000000000000000, -0.000000000000000000 ) ) ;
#502 = LINE ( 'NONE', #1798, #3855 ) ;
#503 = EDGE_CURVE ( 'NONE', #3868, #556, #799, .T. ) ;
#504 = EDGE_CURVE ( 'NONE', #783, #3729, #820, .T. ) ;
#505 = DIRECTION ( 'NONE',  ( 0.000000000000000000, 0.000000000000000000, 1.000000000000000000 ) ) ;
#506 = DIRECTION ( 'NONE',  ( -0.000000000000000000, -1.000000000000000000, 0.000000000000000000 ) ) ;
#507 = AXIS2_PLACEMENT_3D ( 'NONE', #1230, #264, #1109 ) ;
#508 = EDGE_CURVE ( 'NONE', #430, #230, #2125, .T. ) ;
#509 = DIRECTION ( 'NONE',  ( -5.529636409451376875E-05, -0.9999999984711560597, 0.000000000000000000 ) ) ;
#510 = ORIENTED_EDGE ( 'NONE', *, *, #529, .F. ) ;
#511 = EDGE_LOOP ( 'NONE', ( #3433, #2519 ) ) ;
#512 = ORIENTED_EDGE ( 'NONE', *, *, #1883, .T. ) ;
#513 = DIRECTION ( 'NONE',  ( 0.000000000000000000, 0.000000000000000000, -1.000000000000000000 ) ) ;
#514 = CARTESIAN_POINT ( 'NONE',  ( 33.00000000000000000, 0.000000000000000000, -73.00000000000001421 ) ) ;
#515 = CARTESIAN_POINT ( 'NONE',  ( 93.03975116024631120, 12.98947469371396224, -10.00000000000000000 ) ) ;
#516 = ORIENTED_EDGE ( 'NONE', *, *, #3580, .F. ) ;
#517 = CIRCLE ( 'NONE', #3341, 3.000000000000002665 ) ;
#518 = CARTESIAN_POINT ( 'NONE',  ( 106.5000000000000142, 8.000000000000000000, -45.39999999999999858 ) ) ;
#519 = VERTEX_POINT ( 'NONE', #2400 ) ;
#520 = FACE_OUTER_BOUND ( 'NONE', #2615, .T. ) ;
#521 = EDGE_CURVE ( 'NONE', #3790, #213, #2658, .T. ) ;
#522 = ADVANCED_FACE ( 'NONE', ( #3148 ), #4127, .T. ) ;
#523 = ORIENTED_EDGE ( 'NONE', *, *, #3191, .F. ) ;
#524 = CARTESIAN_POINT ( 'NONE',  ( 17.00000000000000000, 2.000000000000000000, -43.39999999999999147 ) ) ;
#525 = VECTOR ( 'NONE', #3891, 1000.000000000000000 ) ;
#526 = DIRECTION ( 'NONE',  ( 0.000000000000000000, 0.000000000000000000, 1.000000000000000000 ) ) ;
#527 = DIRECTION ( 'NONE',  ( 1.000000000000000000, 0.000000000000000000, 0.000000000000000000 ) ) ;
#528 = VECTOR ( 'NONE', #3703, 1000.000000000000000 ) ;
#529 = EDGE_CURVE ( 'NONE', #33, #976, #818, .T. ) ;
#530 = DIRECTION ( 'NONE',  ( -0.000000000000000000, 1.000000000000000000, -0.000000000000000000 ) ) ;
#531 = PERSON_AND_ORGANIZATION_ROLE ( 'creator' ) ;
#532 = AXIS2_PLACEMENT_3D ( 'NONE', #776, #464, #486 ) ;
#533 = FACE_OUTER_BOUND ( 'NONE', #1917, .T. ) ;
#534 = DIRECTION ( 'NONE',  ( -0.000000000000000000, 1.000000000000000000, -0.000000000000000000 ) ) ;
#535 = CARTESIAN_POINT ( 'NONE',  ( 0.000000000000000000, 8.000000000000000000, 0.000000000000000000 ) ) ;
#536 = VERTEX_POINT ( 'NONE', #3683 ) ;
#537 = ORIENTED_EDGE ( 'NONE', *, *, #2587, .T. ) ;
#538 = VERTEX_POINT ( 'NONE', #3055 ) ;
#539 = LINE ( 'NONE', #4112, #1739 ) ;
#540 = LINE ( 'NONE', #3722, #1001 ) ;
#541 = CARTESIAN_POINT ( 'NONE',  ( 90.08218129231372018, 21.48963824956963720, -2.000000000000000000 ) ) ;
#542 = EDGE_LOOP ( 'NONE', ( #3942, #744, #73 ) ) ;
#543 = VECTOR ( 'NONE', #2858, 1000.000000000000000 ) ;
#544 = DIRECTION ( 'NONE',  ( 0.000000000000000000, -1.000000000000000000, 0.000000000000000000 ) ) ;
#545 = LINE ( 'NONE', #1284, #796 ) ;
#546 = CARTESIAN_POINT ( 'NONE',  ( 74.04008294569290172, 12.99000000000000199, -10.00000000000000000 ) ) ;
#547 = CARTESIAN_POINT ( 'NONE',  ( -1.000000000000000000, 0.000000000000000000, -85.00000000000000000 ) ) ;
#548 = AXIS2_PLACEMENT_3D ( 'NONE', #3360, #747, #3654 ) ;
#549 = CARTESIAN_POINT ( 'NONE',  ( 111.0000000000000000, 8.000000000000000000, -2.000000000000000444 ) ) ;
#550 = APPROVAL_STATUS ( 'not_yet_approved' ) ;
#551 = DIRECTION ( 'NONE',  ( 0.000000000000000000, 0.000000000000000000, -1.000000000000000000 ) ) ;
#552 = CARTESIAN_POINT ( 'NONE',  ( 5.000000000000000000, 8.000000000000000000, -37.39999999999999147 ) ) ;
#553 = LINE ( 'NONE', #1827, #1538 ) ;
#554 = EDGE_LOOP ( 'NONE', ( #2288, #50, #992 ) ) ;
#555 = VERTEX_POINT ( 'NONE', #4077 ) ;
#556 = VERTEX_POINT ( 'NONE', #3418 ) ;
#557 = FACE_OUTER_BOUND ( 'NONE', #346, .T. ) ;
#558 = DIRECTION ( 'NONE',  ( 0.000000000000000000, 0.000000000000000000, 1.000000000000000000 ) ) ;
#559 = LINE ( 'NONE', #3770, #926 ) ;
#560 = ORIENTED_EDGE ( 'NONE', *, *, #2256, .F. ) ;
#561 = EDGE_CURVE ( 'NONE', #389, #2633, #1506, .T. ) ;
#562 = FACE_OUTER_BOUND ( 'NONE', #2911, .T. ) ;
#563 = DIRECTION ( 'NONE',  ( 1.000000000000000000, -0.000000000000000000, -1.541976423090495387E-16 ) ) ;
#564 = LINE ( 'NONE', #3440, #3670 ) ;
#565 = ORIENTED_EDGE ( 'NONE', *, *, #2501, .F. ) ;
#566 = VECTOR ( 'NONE', #1327, 1000.000000000000000 ) ;
#567 = FACE_OUTER_BOUND ( 'NONE', #3537, .T. ) ;
#568 = CARTESIAN_POINT ( 'NONE',  ( 98.99999999999997158, 8.000000000000000000, -43.39999999999999858 ) ) ;
#569 = LINE ( 'NONE', #3149, #3030 ) ;
#570 = CARTESIAN_POINT ( 'NONE',  ( -1.000000000000009992, 0.000000000000000000, -8.673617379884035472E-16 ) ) ;
#571 = ORIENTED_EDGE ( 'NONE', *, *, #1232, .F. ) ;
#572 = ORIENTED_EDGE ( 'NONE', *, *, #2436, .T. ) ;
#573 = EDGE_CURVE ( 'NONE', #3199, #1059, #1039, .T. ) ;
#574 = VERTEX_POINT ( 'NONE', #1820 ) ;
#575 = CARTESIAN_POINT ( 'NONE',  ( 83.54015206977908292, 21.49000000000000199, -10.00000000000000000 ) ) ;
#576 = DIRECTION ( 'NONE',  ( 1.000000000000000000, -0.000000000000000000, -1.541976423090495387E-16 ) ) ;
#577 = DIRECTION ( 'NONE',  ( 0.000000000000000000, -1.000000000000000000, 0.000000000000000000 ) ) ;
#578 = ORIENTED_EDGE ( 'NONE', *, *, #2881, .F. ) ;
#579 = ADVANCED_FACE ( 'NONE', ( #1429 ), #4006, .F. ) ;
#580 = AXIS2_PLACEMENT_3D ( 'NONE', #794, #1358, #1378 ) ;
#581 = EDGE_CURVE ( 'NONE', #2891, #312, #3707, .T. ) ;
#582 = CARTESIAN_POINT ( 'NONE',  ( 82.99999999999997158, 0.000000000000000000, -73.00000000000001421 ) ) ;
#583 = CARTESIAN_POINT ( 'NONE',  ( 9.500000000000010658, 8.000000000000000000, -45.39999999999998437 ) ) ;
#584 = VECTOR ( 'NONE', #1256, 1000.000000000000000 ) ;
#585 = FACE_BOUND ( 'NONE', #877, .T. ) ;
#586 = VERTEX_POINT ( 'NONE', #3347 ) ;
#587 = EDGE_CURVE ( 'NONE', #2407, #2891, #3071, .T. ) ;
#588 = CYLINDRICAL_SURFACE ( 'NONE', #2506, 5.999999999999998224 ) ;
#589 = VECTOR ( 'NONE', #1370, 1000.000000000000000 ) ;
#590 = LINE ( 'NONE', #1289, #3231 ) ;
#591 = LINE ( 'NONE', #3866, #2552 ) ;
#592 = ORIENTED_EDGE ( 'NONE', *, *, #1000, .F. ) ;
#593 = AXIS2_PLACEMENT_3D ( 'NONE', #2964, #3826, #2644 ) ;
#594 = ORIENTED_EDGE ( 'NONE', *, *, #376, .F. ) ;
#595 = EDGE_CURVE ( 'NONE', #2388, #2480, #3600, .T. ) ;
#596 = LINE ( 'NONE', #3190, #2524 ) ;
#597 = EDGE_CURVE ( 'NONE', #2239, #519, #2464, .T. ) ;
#598 = CARTESIAN_POINT ( 'NONE',  ( 116.0000000000000000, 30.00000000000000000, -2.749999999999999112 ) ) ;
#599 = CIRCLE ( 'NONE', #2608, 5.999999999999998224 ) ;
#600 = DIRECTION ( 'NONE',  ( 0.000000000000000000, 1.000000000000000000, -0.000000000000000000 ) ) ;
#601 = ORIENTED_EDGE ( 'NONE', *, *, #1376, .F. ) ;
#602 = VERTEX_POINT ( 'NONE', #838 ) ;
#603 = ORIENTED_EDGE ( 'NONE', *, *, #3529, .T. ) ;
#604 = FACE_OUTER_BOUND ( 'NONE', #1665, .T. ) ;
#605 = VECTOR ( 'NONE', #2521, 999.9999999999998863 ) ;
#606 = CARTESIAN_POINT ( 'NONE',  ( 17.64000000000000412, 15.93999999999999950, -30.00000000000000000 ) ) ;
#607 = ADVANCED_FACE ( 'NONE', ( #3754 ), #2716, .F. ) ;
#608 = EDGE_CURVE ( 'NONE', #1841, #3134, #3731, .T. ) ;
#609 = VERTEX_POINT ( 'NONE', #3982 ) ;
#610 = CONICAL_SURFACE ( 'NONE', #2236, 1.250000000000001110, 1.029744258676655200 ) ;
#611 = FACE_OUTER_BOUND ( 'NONE', #1680, .T. ) ;
#612 = COORDINATED_UNIVERSAL_TIME_OFFSET ( 1, 0, .AHEAD. ) ;
#613 = DIRECTION ( 'NONE',  ( 0.000000000000000000, 1.000000000000000000, -0.000000000000000000 ) ) ;
#614 = DIRECTION ( 'NONE',  ( -1.000000000000000000, 0.000000000000000000, 0.000000000000000000 ) ) ;
#615 = CIRCLE ( 'NONE', #351, 3.000000000000002665 ) ;
#616 = ORIENTED_EDGE ( 'NONE', *, *, #3409, .T. ) ;
#617 = AXIS2_PLACEMENT_3D ( 'NONE', #2625, #1020, #2333 ) ;
#618 = ORIENTED_EDGE ( 'NONE', *, *, #962, .T. ) ;
#619 = DIRECTION ( 'NONE',  ( 0.000000000000000000, 0.000000000000000000, -1.000000000000000000 ) ) ;
#620 = DIRECTION ( 'NONE',  ( 0.000000000000000000, 0.000000000000000000, -1.000000000000000000 ) ) ;
#621 = FACE_OUTER_BOUND ( 'NONE', #4150, .T. ) ;
#622 = EDGE_LOOP ( 'NONE', ( #2619, #3889 ) ) ;
#623 = ORIENTED_EDGE ( 'NONE', *, *, #84, .F. ) ;
#624 = DIRECTION ( 'NONE',  ( 0.000000000000000000, 0.000000000000000000, -1.000000000000000000 ) ) ;
#625 = DIRECTION ( 'NONE',  ( 0.000000000000000000, -0.000000000000000000, 1.000000000000000000 ) ) ;
#626 = ORIENTED_EDGE ( 'NONE', *, *, #152, .T. ) ;
#627 = DIRECTION ( 'NONE',  ( -1.000000000000000000, 0.000000000000000000, 0.000000000000000000 ) ) ;
#628 = CARTESIAN_POINT ( 'NONE',  ( 114.0000000000000000, 2.000000000000000000, 0.000000000000000000 ) ) ;
#629 = CARTESIAN_POINT ( 'NONE',  ( 23.00000000000002132, 8.000000000000000000, -76.99999999999998579 ) ) ;
#630 = ORIENTED_EDGE ( 'NONE', *, *, #41, .T. ) ;
#631 = LOCAL_TIME ( 12, 43, 22.00000000000000000, #3543 ) ;
#632 = VERTEX_POINT ( 'NONE', #547 ) ;
#633 = CARTESIAN_POINT ( 'NONE',  ( 75.99999999999998579, 2.000000000000000000, -66.00000000000000000 ) ) ;
#634 = EDGE_CURVE ( 'NONE', #430, #2297, #1454, .T. ) ;
#635 = DIRECTION ( 'NONE',  ( -0.000000000000000000, 1.000000000000000000, -0.000000000000000000 ) ) ;
#636 = CYLINDRICAL_SURFACE ( 'NONE', #1321, 3.000000000000002665 ) ;
#637 = ORIENTED_EDGE ( 'NONE', *, *, #1545, .T. ) ;
#638 = EDGE_LOOP ( 'NONE', ( #3309, #318, #2918, #2815 ) ) ;
#639 = EDGE_LOOP ( 'NONE', ( #1619, #1640, #833, #661, #815, #3501, #3383, #2557 ) ) ;
#640 = CARTESIAN_POINT ( 'NONE',  ( 71.04000000000006310, 18.98999999999999844, 0.000000000000000000 ) ) ;
#641 = DIRECTION ( 'NONE',  ( 0.000000000000000000, 1.000000000000000000, -0.000000000000000000 ) ) ;
#642 = VECTOR ( 'NONE', #3123, 1000.000000000000000 ) ;
#643 = ORIENTED_EDGE ( 'NONE', *, *, #3580, .T. ) ;
#644 = VECTOR ( 'NONE', #1690, 1000.000000000000000 ) ;
#645 = APPROVAL ( #1433, 'UNSPECIFIED' ) ;
#646 = EDGE_CURVE ( 'NONE', #2033, #3138, #3080, .T. ) ;
#647 = VECTOR ( 'NONE', #2859, 1000.000000000000000 ) ;
#648 = ADVANCED_FACE ( 'NONE', ( #1404 ), #2739, .F. ) ;
#649 = DIRECTION ( 'NONE',  ( 0.9999999984711561707, -5.529636409530927499E-05, 0.000000000000000000 ) ) ;
#650 = DIRECTION ( 'NONE',  ( -5.529636409530926144E-05, -0.9999999984711560597, 0.000000000000000000 ) ) ;
#651 = CYLINDRICAL_SURFACE ( 'NONE', #3284, 3.000000000000002665 ) ;
#652 = EDGE_CURVE ( 'NONE', #2655, #951, #2764, .T. ) ;
#653 = EDGE_LOOP ( 'NONE', ( #2475, #523 ) ) ;
#654 = ORIENTED_EDGE ( 'NONE', *, *, #1401, .F. ) ;
#655 = DIRECTION ( 'NONE',  ( 1.000000000000000000, 0.000000000000000000, -0.000000000000000000 ) ) ;
#656 = EDGE_CURVE ( 'NONE', #1051, #215, #3032, .T. ) ;
#657 = DIRECTION ( 'NONE',  ( -0.000000000000000000, 1.000000000000000000, -0.000000000000000000 ) ) ;
#658 = DIRECTION ( 'NONE',  ( 0.000000000000000000, -1.000000000000000000, 0.000000000000000000 ) ) ;
#659 = VERTEX_POINT ( 'NONE', #2443 ) ;
#660 = VECTOR ( 'NONE', #3550, 1000.000000000000000 ) ;
#661 = ORIENTED_EDGE ( 'NONE', *, *, #3097, .T. ) ;
#662 = ORIENTED_EDGE ( 'NONE', *, *, #380, .T. ) ;
#663 = DIRECTION ( 'NONE',  ( -0.9999999984711561707, 5.529636409518462562E-05, 0.000000000000000000 ) ) ;
#664 = VECTOR ( 'NONE', #1609, 1000.000000000000000 ) ;
#665 = VECTOR ( 'NONE', #3661, 1000.000000000000000 ) ;
#666 = VERTEX_POINT ( 'NONE', #2060 ) ;
#667 = ADVANCED_FACE ( 'NONE', ( #149 ), #314, .F. ) ;
#668 = AXIS2_PLACEMENT_3D ( 'NONE', #4120, #3457, #2824 ) ;
#669 = CIRCLE ( 'NONE', #3439, 3.000000000000002665 ) ;
#670 = DIRECTION ( 'NONE',  ( 0.000000000000000000, 0.000000000000000000, -1.000000000000000000 ) ) ;
#671 = VECTOR ( 'NONE', #265, 1000.000000000000000 ) ;
#672 = FACE_OUTER_BOUND ( 'NONE', #3189, .T. ) ;
#674 = VERTEX_POINT ( 'NONE', #923 ) ;
#673 = AXIS2_PLACEMENT_3D ( 'NONE', #514, #2454, #558 ) ;
#675 = DIRECTION ( 'NONE',  ( 0.000000000000000000, 0.000000000000000000, 1.000000000000000000 ) ) ;
#676 = DIRECTION ( 'NONE',  ( 0.000000000000000000, 0.000000000000000000, -1.000000000000000000 ) ) ;
#677 = VECTOR ( 'NONE', #2221, 1000.000000000000114 ) ;
#678 = DIRECTION ( 'NONE',  ( 0.000000000000000000, 0.000000000000000000, 1.000000000000000000 ) ) ;
#679 = AXIS2_PLACEMENT_3D ( 'NONE', #2740, #2669, #3081 ) ;
#680 = ORIENTED_EDGE ( 'NONE', *, *, #4008, .F. ) ;
#681 = ORIENTED_EDGE ( 'NONE', *, *, #685, .F. ) ;
#682 = ORIENTED_EDGE ( 'NONE', *, *, #2897, .F. ) ;
#683 = VERTEX_POINT ( 'NONE', #640 ) ;
#684 = PLANE ( 'NONE',  #2143 ) ;
#685 = EDGE_CURVE ( 'NONE', #2239, #3904, #461, .T. ) ;
#686 = EDGE_CURVE ( 'NONE', #2291, #450, #1261, .T. ) ;
#687 = ORIENTED_EDGE ( 'NONE', *, *, #1592, .T. ) ;
#688 = VECTOR ( 'NONE', #199, 1000.000000000000000 ) ;
#689 = EDGE_CURVE ( 'NONE', #2655, #683, #2566, .T. ) ;
#690 = DIRECTION ( 'NONE',  ( -5.529636409518461884E-05, -0.9999999984711560597, 0.000000000000000000 ) ) ;
#691 = DIRECTION ( 'NONE',  ( -0.000000000000000000, -0.000000000000000000, 1.000000000000000000 ) ) ;
#692 = ORIENTED_EDGE ( 'NONE', *, *, #116, .T. ) ;
#693 = AXIS2_PLACEMENT_3D ( 'NONE', #3623, #694, #1730 ) ;
#694 = DIRECTION ( 'NONE',  ( -0.000000000000000000, 1.000000000000000000, -0.000000000000000000 ) ) ;
#695 = CARTESIAN_POINT ( 'NONE',  ( -1.000000000000009548, 30.00000000000000000, 0.000000000000000000 ) ) ;
#696 = CARTESIAN_POINT ( 'NONE',  ( 5.000000000000000000, 30.00000000000000000, -4.999999999999999112 ) ) ;
#697 = VERTEX_POINT ( 'NONE', #2252 ) ;
#698 = ORIENTED_EDGE ( 'NONE', *, *, #2961, .T. ) ;
#699 = EDGE_CURVE ( 'NONE', #1265, #609, #3216, .T. ) ;
#700 = ORIENTED_EDGE ( 'NONE', *, *, #3502, .T. ) ;
#701 = ORIENTED_EDGE ( 'NONE', *, *, #1062, .F. ) ;
#702 = DIRECTION ( 'NONE',  ( 0.000000000000000000, 0.000000000000000000, 1.000000000000000000 ) ) ;
#703 = CARTESIAN_POINT ( 'NONE',  ( 0.000000000000000000, 30.00000000000000000, -1.999999999999999556 ) ) ;
#704 = EDGE_CURVE ( 'NONE', #873, #3650, #3860, .T. ) ;
#705 = EDGE_CURVE ( 'NONE', #1414, #3554, #1745, .T. ) ;
#706 = EDGE_LOOP ( 'NONE', ( #2213, #455, #2217, #2011 ) ) ;
#707 = CIRCLE ( 'NONE', #2530, 1.249999999999999334 ) ;
#708 = EDGE_CURVE ( 'NONE', #3215, #3230, #3435, .T. ) ;
#709 = VECTOR ( 'NONE', #2732, 1000.000000000000000 ) ;
#710 = FACE_BOUND ( 'NONE', #653, .T. ) ;
#711 = CARTESIAN_POINT ( 'NONE',  ( 0.000000000000000000, 21.50000000000000000, -2.750000000000001776 ) ) ;
#712 = ADVANCED_FACE ( 'NONE', ( #1622 ), #2904, .F. ) ;
#713 = AXIS2_PLACEMENT_3D ( 'NONE', #446, #1347, #740 ) ;
#714 = LINE ( 'NONE', #125, #1780 ) ;
#715 = DIRECTION ( 'NONE',  ( 0.000000000000000000, -1.000000000000000000, 0.000000000000000000 ) ) ;
#716 = DIRECTION ( 'NONE',  ( 0.000000000000000000, 0.000000000000000000, -1.000000000000000000 ) ) ;
#717 = CARTESIAN_POINT ( 'NONE',  ( 16.00000000000000000, 8.000000000000000000, 0.000000000000000000 ) ) ;
#718 = ORIENTED_EDGE ( 'NONE', *, *, #1953, .T. ) ;
#719 = VERTEX_POINT ( 'NONE', #3798 ) ;
#720 = ORIENTED_EDGE ( 'NONE', *, *, #2601, .T. ) ;
#721 = ADVANCED_FACE ( 'NONE', ( #604 ), #1900, .F. ) ;
#722 = EDGE_CURVE ( 'NONE', #3724, #3554, #1222, .T. ) ;
#723 = ORIENTED_EDGE ( 'NONE', *, *, #4022, .T. ) ;
#724 = CARTESIAN_POINT ( 'NONE',  ( 82.99999999999998579, 18.00000000000000000, -83.00000000000000000 ) ) ;
#725 = DIRECTION ( 'NONE',  ( 0.000000000000000000, 0.000000000000000000, 1.000000000000000000 ) ) ;
#726 = VECTOR ( 'NONE', #1517, 1000.000000000000000 ) ;
#727 = DIRECTION ( 'NONE',  ( -1.000000000000000000, 0.000000000000000000, 6.938893903907232322E-16 ) ) ;
#728 = ORIENTED_EDGE ( 'NONE', *, *, #4009, .T. ) ;
#729 = VECTOR ( 'NONE', #3205, 1000.000000000000000 ) ;
#730 = EDGE_LOOP ( 'NONE', ( #1527, #2251, #2676, #3581, #3977, #1169, #560, #1292 ) ) ;
#731 = LINE ( 'NONE', #1892, #394 ) ;
#732 = AXIS2_PLACEMENT_3D ( 'NONE', #3074, #1476, #2370 ) ;
#733 = EDGE_CURVE ( 'NONE', #3554, #2202, #1616, .T. ) ;
#734 = CARTESIAN_POINT ( 'NONE',  ( 9.500000000000010658, 8.000000000000000000, -45.39999999999998437 ) ) ;
#735 = DIRECTION ( 'NONE',  ( 0.000000000000000000, 0.000000000000000000, 1.000000000000000000 ) ) ;
#736 = VECTOR ( 'NONE', #251, 1000.000000000000000 ) ;
#737 = DIRECTION ( 'NONE',  ( 0.000000000000000000, -1.000000000000000000, 0.000000000000000000 ) ) ;
#738 = DIRECTION ( 'NONE',  ( -1.000000000000000000, 0.000000000000000000, 0.000000000000000000 ) ) ;
#739 = DIRECTION ( 'NONE',  ( -0.000000000000000000, 1.000000000000000000, -0.000000000000000000 ) ) ;
#740 = DIRECTION ( 'NONE',  ( -1.000000000000000000, 0.000000000000000000, 0.000000000000000000 ) ) ;
#741 = ORIENTED_EDGE ( 'NONE', *, *, #733, .T. ) ;
#742 = VERTEX_POINT ( 'NONE', #1584 ) ;
#743 = ORIENTED_EDGE ( 'NONE', *, *, #224, .F. ) ;
#744 = ORIENTED_EDGE ( 'NONE', *, *, #4093, .T. ) ;
#745 = DIRECTION ( 'NONE',  ( 1.000000000000000000, 0.000000000000000000, 0.000000000000000000 ) ) ;
#746 = DIRECTION ( 'NONE',  ( 0.000000000000000000, 0.000000000000000000, -1.000000000000000000 ) ) ;
#747 = DIRECTION ( 'NONE',  ( 0.000000000000000000, 1.000000000000000000, 0.000000000000000000 ) ) ;
#748 = ORIENTED_EDGE ( 'NONE', *, *, #4043, .T. ) ;
#749 = ORIENTED_EDGE ( 'NONE', *, *, #1913, .T. ) ;
#750 = DIRECTION ( 'NONE',  ( 0.000000000000000000, 0.000000000000000000, -1.000000000000000000 ) ) ;
#751 = EDGE_CURVE ( 'NONE', #1059, #430, #1563, .T. ) ;
#752 = DIRECTION ( 'NONE',  ( -0.9999999984711561707, 5.529636409402791743E-05, 0.000000000000000000 ) ) ;
#753 = FACE_BOUND ( 'NONE', #2138, .T. ) ;
#754 = EDGE_CURVE ( 'NONE', #3700, #388, #2863, .T. ) ;
#755 = DIRECTION ( 'NONE',  ( -0.000000000000000000, 1.000000000000000000, -0.000000000000000000 ) ) ;
#756 = CARTESIAN_POINT ( 'NONE',  ( 111.0000000000000000, 8.000000000000000000, -50.39999999999999147 ) ) ;
#757 = CYLINDRICAL_SURFACE ( 'NONE', #1058, 8.499999999999992895 ) ;
#758 = LINE ( 'NONE', #1116, #2808 ) ;
#759 = ORIENTED_EDGE ( 'NONE', *, *, #3570, .F. ) ;
#760 = ORIENTED_EDGE ( 'NONE', *, *, #3618, .T. ) ;
#761 = VERTEX_POINT ( 'NONE', #1860 ) ;
#762 = CARTESIAN_POINT ( 'NONE',  ( 20.00000000000000000, 2.000000000000000000, -83.00000000000000000 ) ) ;
#763 = CARTESIAN_POINT ( 'NONE',  ( 9.500000000000010658, 8.000000000000000000, -45.39999999999998437 ) ) ;
#764 = CIRCLE ( 'NONE', #3659, 1.249999999999998446 ) ;
#765 = CARTESIAN_POINT ( 'NONE',  ( 23.64000000000000057, 15.93999999999999950, 0.000000000000000000 ) ) ;
#766 = ORIENTED_EDGE ( 'NONE', *, *, #2212, .F. ) ;
#767 = VERTEX_POINT ( 'NONE', #3837 ) ;
#768 = CARTESIAN_POINT ( 'NONE',  ( 76.99812283724270401, 21.48999999999999844, 0.000000000000000000 ) ) ;
#769 = DIRECTION ( 'NONE',  ( 0.000000000000000000, 0.000000000000000000, 1.000000000000000000 ) ) ;
#770 = DIRECTION ( 'NONE',  ( 0.000000000000000000, 0.000000000000000000, 1.000000000000000000 ) ) ;
#771 = CARTESIAN_POINT ( 'NONE',  ( 40.00000000000000000, 2.000000000000000000, -63.00000000000000000 ) ) ;
#772 = VECTOR ( 'NONE', #3385, 1000.000000000000000 ) ;
#773 = ADVANCED_FACE ( 'NONE', ( #2 ), #2193, .F. ) ;
#774 = DIRECTION ( 'NONE',  ( -0.000000000000000000, 1.000000000000000000, -0.000000000000000000 ) ) ;
#775 = CARTESIAN_POINT ( 'NONE',  ( 74.04008294569290172, 12.99000000000000199, -2.000000000000000000 ) ) ;
#776 = CARTESIAN_POINT ( 'NONE',  ( 19.00000000000000000, 8.000000000000000000, -4.999999999999999112 ) ) ;
#777 = VECTOR ( 'NONE', #3762, 1000.000000000000000 ) ;
#778 = DIRECTION ( 'NONE',  ( 0.000000000000000000, 0.000000000000000000, 1.000000000000000000 ) ) ;
#779 = VERTEX_POINT ( 'NONE', #2234 ) ;
#780 = EDGE_LOOP ( 'NONE', ( #2654, #3016 ) ) ;
#781 = VECTOR ( 'NONE', #1969, 1000.000000000000000 ) ;
#782 = EDGE_CURVE ( 'NONE', #1161, #2171, #118, .T. ) ;
#783 = VERTEX_POINT ( 'NONE', #1919 ) ;
#784 = PLANE ( 'NONE',  #56 ) ;
#785 = DIRECTION ( 'NONE',  ( -0.000000000000000000, -0.000000000000000000, -1.000000000000000000 ) ) ;
#786 = LINE ( 'NONE', #114, #1224 ) ;
#787 = VERTEX_POINT ( 'NONE', #3253 ) ;
#788 = CARTESIAN_POINT ( 'NONE',  ( 92.99999999999997158, 2.000000000000000000, -66.00000000000001421 ) ) ;
#789 = CIRCLE ( 'NONE', #1326, 1.249999999999999334 ) ;
#790 = VERTEX_POINT ( 'NONE', #1369 ) ;
#791 = DIRECTION ( 'NONE',  ( 0.000000000000000000, -1.000000000000000000, 0.000000000000000000 ) ) ;
#792 = AXIS2_PLACEMENT_3D ( 'NONE', #2980, #3672, #725 ) ;
#793 = ADVANCED_FACE ( 'NONE', ( #2324 ), #1676, .T. ) ;
#794 = CARTESIAN_POINT ( 'NONE',  ( 14.00000000000000178, 8.000000000000000000, -47.39999999999997726 ) ) ;
#795 = DIRECTION ( 'NONE',  ( 0.000000000000000000, 1.000000000000000000, -0.000000000000000000 ) ) ;
#796 = VECTOR ( 'NONE', #715, 1000.000000000000000 ) ;
#797 = PLANE ( 'NONE',  #679 ) ;
#798 = CARTESIAN_POINT ( 'NONE',  ( 17.64000000000000412, 15.93999999999999950, 0.000000000000000000 ) ) ;
#799 = LINE ( 'NONE', #1460, #1596 ) ;
#800 = CARTESIAN_POINT ( 'NONE',  ( 2.000000000000000000, 2.000000000000000000, -50.39999999999998437 ) ) ;
#801 = CARTESIAN_POINT ( 'NONE',  ( 111.0000000000000000, 8.000000000000000000, -40.40000000000001279 ) ) ;
#802 = VERTEX_POINT ( 'NONE', #55 ) ;
#803 = ORIENTED_EDGE ( 'NONE', *, *, #4178, .T. ) ;
#804 = ORIENTED_EDGE ( 'NONE', *, *, #1337, .F. ) ;
#805 = DIRECTION ( 'NONE',  ( 0.000000000000000000, 0.000000000000000000, 1.000000000000000000 ) ) ;
#806 = FACE_OUTER_BOUND ( 'NONE', #17, .T. ) ;
#807 = DIRECTION ( 'NONE',  ( 0.000000000000000000, -1.000000000000000000, 0.000000000000000000 ) ) ;
#808 = ORIENTED_EDGE ( 'NONE', *, *, #699, .F. ) ;
#809 = AXIS2_PLACEMENT_3D ( 'NONE', #2073, #3431, #2432 ) ;
#810 = CARTESIAN_POINT ( 'NONE',  ( 43.00000000000000000, 8.000000000000000000, -80.00000000000000000 ) ) ;
#811 = EDGE_CURVE ( 'NONE', #3803, #69, #2305, .T. ) ;
#812 = DIRECTION ( 'NONE',  ( 0.000000000000000000, 1.000000000000000000, -0.000000000000000000 ) ) ;
#813 = CARTESIAN_POINT ( 'NONE',  ( 111.0000000000000000, 30.00000000000000000, -83.00000000000000000 ) ) ;
#814 = ADVANCED_FACE ( 'NONE', ( #2958 ), #1717, .F. ) ;
#815 = ORIENTED_EDGE ( 'NONE', *, *, #2784, .F. ) ;
#816 = EDGE_CURVE ( 'NONE', #2368, #1441, #2997, .T. ) ;
#817 = LINE ( 'NONE', #216, #1457 ) ;
#818 = LINE ( 'NONE', #194, #3819 ) ;
#819 = DIRECTION ( 'NONE',  ( 1.000000000000000000, -5.303319243360361186E-16, 0.000000000000000000 ) ) ;
#820 = LINE ( 'NONE', #2493, #3936 ) ;
#821 = LINE ( 'NONE', #4038, #3355 ) ;
#822 = DIRECTION ( 'NONE',  ( -0.000000000000000000, 1.000000000000000000, -0.000000000000000000 ) ) ;
#823 = ORIENTED_EDGE ( 'NONE', *, *, #1913, .F. ) ;
#824 = ORIENTED_EDGE ( 'NONE', *, *, #3639, .F. ) ;
#825 = VERTEX_POINT ( 'NONE', #1991 ) ;
#826 = CARTESIAN_POINT ( 'NONE',  ( 101.9999999999999858, 2.000000000000000000, -47.39999999999999858 ) ) ;
#827 = FACE_BOUND ( 'NONE', #232, .T. ) ;
#828 = FACE_OUTER_BOUND ( 'NONE', #3460, .T. ) ;
#829 = ORIENTED_EDGE ( 'NONE', *, *, #2925, .F. ) ;
#830 = EDGE_CURVE ( 'NONE', #2341, #1265, #1606, .T. ) ;
#831 = CIRCLE ( 'NONE', #4078, 1.249999999999999334 ) ;
#832 = DIRECTION ( 'NONE',  ( 0.000000000000000000, 0.000000000000000000, 1.000000000000000000 ) ) ;
#833 = ORIENTED_EDGE ( 'NONE', *, *, #1118, .F. ) ;
#834 = EDGE_CURVE ( 'NONE', #269, #411, #3217, .T. ) ;
#835 = DIRECTION ( 'NONE',  ( -0.000000000000000000, 1.000000000000000000, -0.000000000000000000 ) ) ;
#836 = ORIENTED_EDGE ( 'NONE', *, *, #3028, .F. ) ;
#837 = CARTESIAN_POINT ( 'NONE',  ( 32.99999999999998579, 18.00000000000000000, -80.00000000000000000 ) ) ;
#838 = CARTESIAN_POINT ( 'NONE',  ( 19.00000000000000000, 8.000000000000000000, -1.999999999999999556 ) ) ;
#839 = FACE_OUTER_BOUND ( 'NONE', #3849, .T. ) ;
#840 = DIRECTION ( 'NONE',  ( 0.000000000000000000, 1.000000000000000000, -0.000000000000000000 ) ) ;
#841 = CARTESIAN_POINT ( 'NONE',  ( -4.000000000000000000, 0.000000000000000000, -85.00000000000000000 ) ) ;
#842 = ADVANCED_FACE ( 'NONE', ( #373 ), #684, .T. ) ;
#843 = CARTESIAN_POINT ( 'NONE',  ( -3.784851220313040258E-15, 8.000000000000000000, -11.99999999999999645 ) ) ;
#844 = DIRECTION ( 'NONE',  ( -1.000000000000000000, 0.000000000000000000, 0.000000000000000000 ) ) ;
#845 = VECTOR ( 'NONE', #3480, 1000.000000000000000 ) ;
#846 = AXIS2_PLACEMENT_3D ( 'NONE', #3688, #1552, #2831 ) ;
#847 = CYLINDRICAL_SURFACE ( 'NONE', #1380, 1.250000000000001110 ) ;
#848 = ORIENTED_EDGE ( 'NONE', *, *, #3062, .T. ) ;
#849 = VERTEX_POINT ( 'NONE', #2637 ) ;
#850 = ORIENTED_EDGE ( 'NONE', *, *, #142, .F. ) ;
#851 = CARTESIAN_POINT ( 'NONE',  ( 90.08201540322141909, 18.48963825415616924, 0.000000000000000000 ) ) ;
#852 = CYLINDRICAL_SURFACE ( 'NONE', #1684, 3.000000000000002665 ) ;
#853 = DIRECTION ( 'NONE',  ( -0.000000000000000000, 1.000000000000000000, -0.000000000000000000 ) ) ;
#854 = ORIENTED_EDGE ( 'NONE', *, *, #3476, .T. ) ;
#855 = AXIS2_PLACEMENT_3D ( 'NONE', #3588, #2992, #1412 ) ;
#856 = LINE ( 'NONE', #3678, #2954 ) ;
#857 = DIRECTION ( 'NONE',  ( 0.000000000000000000, 0.000000000000000000, 1.000000000000000000 ) ) ;
#858 = ORIENTED_EDGE ( 'NONE', *, *, #561, .F. ) ;
#859 = DIRECTION ( 'NONE',  ( -0.000000000000000000, -1.000000000000000000, 0.000000000000000000 ) ) ;
#860 = CIRCLE ( 'NONE', #327, 1.250000000000001110 ) ;
#861 = CARTESIAN_POINT ( 'NONE',  ( 0.000000000000000000, 2.000000000000000000, -1.999999999999999556 ) ) ;
#862 = CIRCLE ( 'NONE', #1267, 3.000000000000000888 ) ;
#863 = FACE_OUTER_BOUND ( 'NONE', #2956, .T. ) ;
#864 = PERSON_AND_ORGANIZATION ( #1792, #1100 ) ;
#865 = EDGE_CURVE ( 'NONE', #111, #186, #3295, .T. ) ;
#866 = AXIS2_PLACEMENT_3D ( 'NONE', #2401, #1114, #4012 ) ;
#867 = DIRECTION ( 'NONE',  ( -0.000000000000000000, 1.000000000000000000, -0.000000000000000000 ) ) ;
#868 = DIRECTION ( 'NONE',  ( -0.000000000000000000, 1.000000000000000000, -0.000000000000000000 ) ) ;
#869 = AXIS2_PLACEMENT_3D ( 'NONE', #3160, #3180, #297 ) ;
#870 = LINE ( 'NONE', #1144, #2268 ) ;
#871 = ORIENTED_EDGE ( 'NONE', *, *, #4113, .T. ) ;
#872 = EDGE_LOOP ( 'NONE', ( #354, #3118, #2681, #3429, #2643, #1831, #2947, #1786 ) ) ;
#873 = VERTEX_POINT ( 'NONE', #413 ) ;
#874 = CARTESIAN_POINT ( 'NONE',  ( 17.00000000000000000, 8.000000000000000000, -43.39999999999999147 ) ) ;
#875 = CARTESIAN_POINT ( 'NONE',  ( 43.00000000000000000, 8.000000000000000000, 0.000000000000000000 ) ) ;
#876 = CARTESIAN_POINT ( 'NONE',  ( 116.0000000000000000, 30.00000000000000000, -79.75000000000000000 ) ) ;
#877 = EDGE_LOOP ( 'NONE', ( #2383, #2775 ) ) ;
#878 = AXIS2_PLACEMENT_3D ( 'NONE', #1838, #2758, #4051 ) ;
#879 = VECTOR ( 'NONE', #2950, 1000.000000000000000 ) ;
#880 = DIRECTION ( 'NONE',  ( 0.000000000000000000, 0.000000000000000000, -1.000000000000000000 ) ) ;
#881 = FACE_OUTER_BOUND ( 'NONE', #248, .T. ) ;
#882 = FACE_BOUND ( 'NONE', #261, .T. ) ;
#883 = VECTOR ( 'NONE', #1508, 1000.000000000000000 ) ;
#884 = EDGE_LOOP ( 'NONE', ( #1734, #1178, #1031, #2473 ) ) ;
#885 = VECTOR ( 'NONE', #43, 1000.000000000000000 ) ;
#886 = EDGE_CURVE ( 'NONE', #2597, #1674, #860, .T. ) ;
#887 = FACE_OUTER_BOUND ( 'NONE', #247, .T. ) ;
#888 = PERSON_AND_ORGANIZATION ( #1792, #1100 ) ;
#889 = EDGE_CURVE ( 'NONE', #16, #683, #2620, .T. ) ;
#890 = CARTESIAN_POINT ( 'NONE',  ( 106.5000000000000142, 0.000000000000000000, -45.39999999999999858 ) ) ;
#891 = DIRECTION ( 'NONE',  ( 0.000000000000000000, -1.000000000000000000, 0.000000000000000000 ) ) ;
#892 = FACE_OUTER_BOUND ( 'NONE', #1966, .T. ) ;
#893 = EDGE_CURVE ( 'NONE', #802, #2186, #2670, .T. ) ;
#894 = VERTEX_POINT ( 'NONE', #1076 ) ;
#895 = EDGE_LOOP ( 'NONE', ( #396, #1636, #871, #1330 ) ) ;
#896 = ORIENTED_EDGE ( 'NONE', *, *, #529, .T. ) ;
#897 = LINE ( 'NONE', #2187, #2145 ) ;
#898 = CIRCLE ( 'NONE', #23, 3.000000000000002665 ) ;
#899 = DIRECTION ( 'NONE',  ( 0.000000000000000000, 1.000000000000000000, -0.000000000000000000 ) ) ;
#900 = CARTESIAN_POINT ( 'NONE',  ( 120.0000000000000142, 0.000000000000000000, -2.999999999999999556 ) ) ;
#901 = ORIENTED_EDGE ( 'NONE', *, *, #18, .F. ) ;
#902 = CARTESIAN_POINT ( 'NONE',  ( 43.00000000000000000, 8.000000000000000000, -76.99999999999998579 ) ) ;
#903 = DIRECTION ( 'NONE',  ( -0.000000000000000000, -0.000000000000000000, 1.000000000000000000 ) ) ;
#904 = ADVANCED_FACE ( 'NONE', ( #1697 ), #3275, .F. ) ;
#905 = LOCAL_TIME ( 12, 43, 22.00000000000000000, #3108 ) ;
#906 = LINE ( 'NONE', #1840, #845 ) ;
#907 = ORIENTED_EDGE ( 'NONE', *, *, #1413, .T. ) ;
#908 = ADVANCED_FACE ( 'NONE', ( #2660 ), #2348, .F. ) ;
#909 = LINE ( 'NONE', #4103, #3978 ) ;
#910 = APPROVAL_DATE_TIME ( #3462, #3463 ) ;
#911 = FACE_OUTER_BOUND ( 'NONE', #1899, .T. ) ;
#912 = DIRECTION ( 'NONE',  ( -0.000000000000000000, 1.000000000000000000, -0.000000000000000000 ) ) ;
#913 = ORIENTED_EDGE ( 'NONE', *, *, #211, .F. ) ;
#914 = VERTEX_POINT ( 'NONE', #3632 ) ;
#915 = DIRECTION ( 'NONE',  ( 0.000000000000000000, 0.000000000000000000, 1.000000000000000000 ) ) ;
#916 = VECTOR ( 'NONE', #1182, 1000.000000000000000 ) ;
#917 = CARTESIAN_POINT ( 'NONE',  ( 72.99999999999998579, 2.000000000000000000, -80.00000000000000000 ) ) ;
#918 = DIRECTION ( 'NONE',  ( 0.000000000000000000, 0.000000000000000000, -1.000000000000000000 ) ) ;
#919 = ORIENTED_EDGE ( 'NONE', *, *, #689, .T. ) ;
#920 = EDGE_LOOP ( 'NONE', ( #823, #1673, #571, #2801 ) ) ;
#921 = CIRCLE ( 'NONE', #1188, 1.250000000000001110 ) ;
#922 = EDGE_CURVE ( 'NONE', #2186, #802, #3710, .T. ) ;
#923 = CARTESIAN_POINT ( 'NONE',  ( 114.0000000000000000, 8.000000000000000000, -15.00000000000000000 ) ) ;
#924 = FACE_OUTER_BOUND ( 'NONE', #12, .T. ) ;
#925 = AXIS2_PLACEMENT_3D ( 'NONE', #3400, #2088, #2402 ) ;
#926 = VECTOR ( 'NONE', #3454, 1000.000000000000000 ) ;
#927 = ORIENTED_EDGE ( 'NONE', *, *, #1322, .T. ) ;
#928 = DIRECTION ( 'NONE',  ( 0.000000000000000000, -1.000000000000000000, 0.000000000000000000 ) ) ;
#929 = DIRECTION ( 'NONE',  ( 0.000000000000000000, 1.000000000000000000, -0.000000000000000000 ) ) ;
#930 = DIRECTION ( 'NONE',  ( -0.000000000000000000, 1.000000000000000000, -0.000000000000000000 ) ) ;
#931 = VERTEX_POINT ( 'NONE', #2603 ) ;
#932 = CIRCLE ( 'NONE', #1478, 1.250000000000001110 ) ;
#933 = ORIENTED_EDGE ( 'NONE', *, *, #4100, .T. ) ;
#934 = DIRECTION ( 'NONE',  ( 6.938893903907231336E-16, -0.000000000000000000, 1.000000000000000000 ) ) ;
#935 = DIRECTION ( 'NONE',  ( 0.000000000000000000, 0.000000000000000000, 1.000000000000000000 ) ) ;
#936 = VECTOR ( 'NONE', #2004, 1000.000000000000000 ) ;
#937 = CARTESIAN_POINT ( 'NONE',  ( 20.00000000000000000, 2.000000000000000000, -80.00000000000000000 ) ) ;
#938 = EDGE_LOOP ( 'NONE', ( #2079, #2009 ) ) ;
#939 = ORIENTED_EDGE ( 'NONE', *, *, #3163, .F. ) ;
#940 = DIRECTION ( 'NONE',  ( -0.000000000000000000, 1.000000000000000000, -0.000000000000000000 ) ) ;
#941 = LINE ( 'NONE', #2235, #3499 ) ;
#942 = EDGE_CURVE ( 'NONE', #783, #1835, #3579, .T. ) ;
#943 = ORIENTED_EDGE ( 'NONE', *, *, #1845, .T. ) ;
#944 = EDGE_CURVE ( 'NONE', #3555, #3390, #3146, .T. ) ;
#945 = VECTOR ( 'NONE', #577, 1000.000000000000000 ) ;
#946 = CARTESIAN_POINT ( 'NONE',  ( 116.0000000000000000, 21.50000000000000000, -82.25000000000000000 ) ) ;
#947 = LINE ( 'NONE', #628, #136 ) ;
#948 = DIRECTION ( 'NONE',  ( 1.000000000000000000, 0.000000000000000000, 0.000000000000000000 ) ) ;
#949 = AXIS2_PLACEMENT_3D ( 'NONE', #3484, #1890, #3166 ) ;
#950 = ORIENTED_EDGE ( 'NONE', *, *, #1858, .T. ) ;
#951 = VERTEX_POINT ( 'NONE', #3994 ) ;
#952 = LINE ( 'NONE', #2246, #241 ) ;
#953 = CARTESIAN_POINT ( 'NONE',  ( 5.000000000000000000, 30.00000000000000000, -1.999999999999999556 ) ) ;
#954 = FACE_OUTER_BOUND ( 'NONE', #4064, .T. ) ;
#955 = VERTEX_POINT ( 'NONE', #2830 ) ;
#956 = ORIENTED_EDGE ( 'NONE', *, *, #2648, .F. ) ;
#957 = EDGE_LOOP ( 'NONE', ( #824, #1096, #3992, #1898 ) ) ;
#958 = DIRECTION ( 'NONE',  ( -0.000000000000000000, 1.000000000000000000, -0.000000000000000000 ) ) ;
#959 = LINE ( 'NONE', #126, #1549 ) ;
#960 = CC_DESIGN_DATE_AND_TIME_ASSIGNMENT ( #3037, #4081, ( #3521 ) ) ;
#961 = ADVANCED_FACE ( 'NONE', ( #243 ), #1843, .F. ) ;
#962 = EDGE_CURVE ( 'NONE', #3523, #333, #263, .T. ) ;
#963 = UNCERTAINTY_MEASURE_WITH_UNIT (LENGTH_MEASURE( 1.000000000000000082E-05 ), #1112, 'distance_accuracy_value', 'NONE');
#964 = EDGE_CURVE ( 'NONE', #230, #894, #1550, .T. ) ;
#965 = VERTEX_POINT ( 'NONE', #549 ) ;
#966 = CARTESIAN_POINT ( 'NONE',  ( 83.54015206977908292, 21.49000000000000199, -1.999999999999999556 ) ) ;
#967 = CIRCLE ( 'NONE', #3873, 3.000000000000002665 ) ;
#968 = CARTESIAN_POINT ( 'NONE',  ( 100.0000000000000000, 8.000000000000000000, 0.000000000000000000 ) ) ;
#969 = DIRECTION ( 'NONE',  ( 0.000000000000000000, -1.000000000000000000, 0.000000000000000000 ) ) ;
#970 = ORIENTED_EDGE ( 'NONE', *, *, #2021, .T. ) ;
#971 = ORIENTED_EDGE ( 'NONE', *, *, #751, .F. ) ;
#972 = CARTESIAN_POINT ( 'NONE',  ( 98.99999999999997158, 8.000000000000000000, -47.39999999999999858 ) ) ;
#973 = CARTESIAN_POINT ( 'NONE',  ( 1.530808498934190338E-16, 30.00000000000000000, -5.249999999999999112 ) ) ;
#974 = DIRECTION ( 'NONE',  ( -0.000000000000000000, -1.000000000000000000, -0.000000000000000000 ) ) ;
#975 = ORIENTED_EDGE ( 'NONE', *, *, #1085, .F. ) ;
#976 = VERTEX_POINT ( 'NONE', #4125 ) ;
#977 = EDGE_CURVE ( 'NONE', #333, #2301, #2623, .T. ) ;
#978 = ORIENTED_EDGE ( 'NONE', *, *, #2938, .T. ) ;
#979 = CARTESIAN_POINT ( 'NONE',  ( 71.04000000000006310, 18.98999999999999844, -10.00000000000000000 ) ) ;
#980 = VECTOR ( 'NONE', #3730, 1000.000000000000000 ) ;
#981 = ORIENTED_EDGE ( 'NONE', *, *, #305, .F. ) ;
#982 = CIRCLE ( 'NONE', #1660, 3.000000000000002665 ) ;
#983 = CARTESIAN_POINT ( 'NONE',  ( 82.99999999999997158, 8.000000000000001776, -73.00000000000001421 ) ) ;
#984 = DIRECTION ( 'NONE',  ( -1.000000000000000000, 0.000000000000000000, 0.000000000000000000 ) ) ;
#985 = VERTEX_POINT ( 'NONE', #1528 ) ;
#986 = EDGE_CURVE ( 'NONE', #1272, #767, #3302, .T. ) ;
#987 = CARTESIAN_POINT ( 'NONE',  ( -1.000000000000009992, 30.00000000000000000, -2.999999999999999556 ) ) ;
#988 = DIRECTION ( 'NONE',  ( 0.000000000000000000, 0.000000000000000000, -1.000000000000000000 ) ) ;
#989 = CARTESIAN_POINT ( 'NONE',  ( 17.00000000000000000, 2.000000000000000000, -50.39999999999997726 ) ) ;
#990 = ORIENTED_EDGE ( 'NONE', *, *, #2545, .F. ) ;
#991 = VECTOR ( 'NONE', #2453, 1000.000000000000000 ) ;
#992 = ORIENTED_EDGE ( 'NONE', *, *, #1320, .T. ) ;
#993 = ORIENTED_EDGE ( 'NONE', *, *, #2389, .F. ) ;
#994 = ADVANCED_FACE ( 'NONE', ( #1229 ), #3789, .F. ) ;
#995 = ORIENTED_EDGE ( 'NONE', *, *, #3059, .T. ) ;
#996 = DIRECTION ( 'NONE',  ( 0.000000000000000000, 1.000000000000000000, -0.000000000000000000 ) ) ;
#997 = EDGE_LOOP ( 'NONE', ( #1313, #3696, #3752, #3291 ) ) ;
#998 = CYLINDRICAL_SURFACE ( 'NONE', #2842, 3.000000000000000000 ) ;
#999 = FACE_OUTER_BOUND ( 'NONE', #2537, .T. ) ;
#1000 = EDGE_CURVE ( 'NONE', #2225, #4163, #909, .T. ) ;
#1002 = ORIENTED_EDGE ( 'NONE', *, *, #3345, .F. ) ;
#1001 = VECTOR ( 'NONE', #2799, 1000.000000000000000 ) ;
#1003 = ADVANCED_FACE ( 'NONE', ( #887 ), #283, .F. ) ;
#1004 = CARTESIAN_POINT ( 'NONE',  ( 108.8489367685222220, 7.000000000000000000, -77.00000000000000000 ) ) ;
#1005 = ADVANCED_FACE ( 'NONE', ( #2489 ), #2851, .F. ) ;
#1006 = CARTESIAN_POINT ( 'NONE',  ( 5.000000000000000000, 30.00000000000000000, -83.00000000000000000 ) ) ;
#1007 = CIRCLE ( 'NONE', #1567, 5.999999999999998224 ) ;
#1008 = CARTESIAN_POINT ( 'NONE',  ( 27.99999999999996803, 0.000000000000000000, -25.00000000000002487 ) ) ;
#1009 = AXIS2_PLACEMENT_3D ( 'NONE', #3544, #3959, #3662 ) ;
#1010 = ORIENTED_EDGE ( 'NONE', *, *, #705, .T. ) ;
#1011 = ORIENTED_EDGE ( 'NONE', *, *, #3483, .T. ) ;
#1012 = ORIENTED_EDGE ( 'NONE', *, *, #1397, .T. ) ;
#1013 = ORIENTED_EDGE ( 'NONE', *, *, #1765, .F. ) ;
#1014 = DIRECTION ( 'NONE',  ( 0.000000000000000000, 1.000000000000000000, 0.000000000000000000 ) ) ;
#1015 = CARTESIAN_POINT ( 'NONE',  ( 108.8489367685222220, 7.000000000000000000, -77.00000000000000000 ) ) ;
#1016 = ADVANCED_FACE ( 'NONE', ( #863 ), #1823, .T. ) ;
#1017 = ORIENTED_EDGE ( 'NONE', *, *, #3863, .F. ) ;
#1018 = LINE ( 'NONE', #2311, #2262 ) ;
#1019 = ADVANCED_BREP_SHAPE_REPRESENTATION ( 'housing_body_Rev01b', ( #1976, #2717 ), #3056 ) ;
#1020 = DIRECTION ( 'NONE',  ( -0.000000000000000000, -0.000000000000000000, 1.000000000000000000 ) ) ;
#1021 = ADVANCED_FACE ( 'NONE', ( #567 ), #588, .F. ) ;
#1022 = ADVANCED_FACE ( 'NONE', ( #1865 ), #2198, .F. ) ;
#1023 = VECTOR ( 'NONE', #737, 1000.000000000000000 ) ;
#1024 = CARTESIAN_POINT ( 'NONE',  ( 72.99999999999998579, 8.000000000000000000, -66.00000000000000000 ) ) ;
#1025 = DIRECTION ( 'NONE',  ( 0.000000000000000000, -1.000000000000000000, 0.000000000000000000 ) ) ;
#1026 = CARTESIAN_POINT ( 'NONE',  ( 116.0000000000000000, 30.00000000000000000, -4.000000000000000000 ) ) ;
#1027 = DIRECTION ( 'NONE',  ( -1.000000000000000000, 0.000000000000000000, -1.387778780781445676E-15 ) ) ;
#1028 = VERTEX_POINT ( 'NONE', #1570 ) ;
#1029 = ORIENTED_EDGE ( 'NONE', *, *, #228, .F. ) ;
#1030 = EDGE_CURVE ( 'NONE', #2382, #2655, #220, .T. ) ;
#1031 = ORIENTED_EDGE ( 'NONE', *, *, #3984, .T. ) ;
#1032 = VERTEX_POINT ( 'NONE', #762 ) ;
#1033 = CARTESIAN_POINT ( 'NONE',  ( 116.0000000000000000, 21.50000000000000000, -2.749999999999999112 ) ) ;
#1034 = PLANE ( 'NONE',  #1475 ) ;
#1035 = CARTESIAN_POINT ( 'NONE',  ( 38.84000000000000341, 15.93999999999999950, -30.00000000000000000 ) ) ;
#1036 = VERTEX_POINT ( 'NONE', #2052 ) ;
#1037 = ADVANCED_FACE ( 'NONE', ( #451 ), #42, .T. ) ;
#1038 = ORIENTED_EDGE ( 'NONE', *, *, #1259, .T. ) ;
#1039 = CIRCLE ( 'NONE', #3261, 3.000000000000002665 ) ;
#1040 = CARTESIAN_POINT ( 'NONE',  ( 14.00000000000000178, 8.000000000000000000, -43.39999999999999147 ) ) ;
#1041 = CARTESIAN_POINT ( 'NONE',  ( 14.00000000000000178, 2.000000000000000000, -40.39999999999999147 ) ) ;
#1042 = PLANE ( 'NONE',  #1228 ) ;
#1043 = CIRCLE ( 'NONE', #713, 5.999999999999998224 ) ;
#1044 = DIRECTION ( 'NONE',  ( 1.000000000000000000, 0.000000000000000000, 0.000000000000000000 ) ) ;
#1045 = CARTESIAN_POINT ( 'NONE',  ( 2.000000000000000000, 30.00000000000000000, -37.39999999999999147 ) ) ;
#1046 = PLANE ( 'NONE',  #1068 ) ;
#1047 = CARTESIAN_POINT ( 'NONE',  ( 72.99999999999998579, 7.000000000000000000, -80.00000000000000000 ) ) ;
#1048 = ORIENTED_EDGE ( 'NONE', *, *, #116, .F. ) ;
#1049 = ORIENTED_EDGE ( 'NONE', *, *, #3271, .T. ) ;
#1050 = VERTEX_POINT ( 'NONE', #2571 ) ;
#1051 = VERTEX_POINT ( 'NONE', #2275 ) ;
#1052 = CARTESIAN_POINT ( 'NONE',  ( -0.0009403357128290023561, 12.99461950567445534, -1.999999999999999556 ) ) ;
#1053 = CARTESIAN_POINT ( 'NONE',  ( 29.64000000000000057, 15.93999999999999950, 0.000000000000000000 ) ) ;
#1054 = AXIS2_PLACEMENT_3D ( 'NONE', #433, #3045, #1718 ) ;
#1055 = CARTESIAN_POINT ( 'NONE',  ( 27.99999999999996803, 0.000000000000000000, -21.80000000000003268 ) ) ;
#1056 = VERTEX_POINT ( 'NONE', #1323 ) ;
#1057 = CIRCLE ( 'NONE', #1612, 5.999999999999998224 ) ;
#1058 = AXIS2_PLACEMENT_3D ( 'NONE', #350, #2612, #1363 ) ;
#1059 = VERTEX_POINT ( 'NONE', #3824 ) ;
#1060 = VECTOR ( 'NONE', #770, 1000.000000000000000 ) ;
#1061 = FACE_OUTER_BOUND ( 'NONE', #997, .T. ) ;
#1062 = EDGE_CURVE ( 'NONE', #107, #1715, #1304, .T. ) ;
#1063 = CIRCLE ( 'NONE', #732, 1.250000000000001110 ) ;
#1064 = LINE ( 'NONE', #2041, #1374 ) ;
#1065 = LINE ( 'NONE', #150, #2294 ) ;
#1066 = CIRCLE ( 'NONE', #2491, 1.250000000000001110 ) ;
#1067 = ADVANCED_FACE ( 'NONE', ( #611 ), #2605, .F. ) ;
#1068 = AXIS2_PLACEMENT_3D ( 'NONE', #2339, #2027, #2991 ) ;
#1069 = CARTESIAN_POINT ( 'NONE',  ( 14.00000000000000178, 2.000000000000000000, -43.39999999999999147 ) ) ;
#1070 = CARTESIAN_POINT ( 'NONE',  ( -4.000000000000000000, 0.000000000000000000, -82.00000000000000000 ) ) ;
#1071 = LINE ( 'NONE', #2360, #2290 ) ;
#1072 = DIRECTION ( 'NONE',  ( 0.000000000000000000, 0.000000000000000000, 1.000000000000000000 ) ) ;
#1073 = ORIENTED_EDGE ( 'NONE', *, *, #3622, .T. ) ;
#1074 = EDGE_LOOP ( 'NONE', ( #603, #428, #2688, #2901 ) ) ;
#1075 = ORIENTED_EDGE ( 'NONE', *, *, #2308, .T. ) ;
#1076 = CARTESIAN_POINT ( 'NONE',  ( 23.00000000000000000, 2.000000000000000000, -80.00000000000000000 ) ) ;
#1077 = CYLINDRICAL_SURFACE ( 'NONE', #2746, 1.250000000000001110 ) ;
#1078 = AXIS2_PLACEMENT_3D ( 'NONE', #2478, #1124, #4019 ) ;
#1079 = CARTESIAN_POINT ( 'NONE',  ( 5.000000000000000000, 2.000000000000001776, -14.99999999999999822 ) ) ;
#1080 = ORIENTED_EDGE ( 'NONE', *, *, #3255, .F. ) ;
#1081 = EDGE_CURVE ( 'NONE', #2142, #1981, #615, .T. ) ;
#1082 = EDGE_LOOP ( 'NONE', ( #990, #3489, #1002, #836 ) ) ;
#1083 = EDGE_CURVE ( 'NONE', #761, #2239, #377, .T. ) ;
#1084 = CYLINDRICAL_SURFACE ( 'NONE', #1271, 3.000000000000002665 ) ;
#1085 = EDGE_CURVE ( 'NONE', #1260, #1935, #1924, .T. ) ;
#1086 = CONICAL_SURFACE ( 'NONE', #360, 1.250000000000001110, 1.029744258676655200 ) ;
#1087 = CARTESIAN_POINT ( 'NONE',  ( 95.99999999999997158, 2.000000000000000000, -83.00000000000000000 ) ) ;
#1088 = DIRECTION ( 'NONE',  ( 0.000000000000000000, 0.000000000000000000, -1.000000000000000000 ) ) ;
#1089 = LINE ( 'NONE', #3709, #1627 ) ;
#1090 = EDGE_CURVE ( 'NONE', #4171, #1414, #60, .T. ) ;
#1091 = LINE ( 'NONE', #2988, #566 ) ;
#1092 = DIRECTION ( 'NONE',  ( 0.000000000000000000, 0.000000000000000000, 1.000000000000000000 ) ) ;
#1093 = CARTESIAN_POINT ( 'NONE',  ( 5.563181886285042840E-15, 10.49000000000004462, 0.000000000000000000 ) ) ;
#1094 = DIRECTION ( 'NONE',  ( 1.000000000000000000, 0.000000000000000000, 0.000000000000000000 ) ) ;
#1095 = ORIENTED_EDGE ( 'NONE', *, *, #4166, .T. ) ;
#1096 = ORIENTED_EDGE ( 'NONE', *, *, #3206, .T. ) ;
#1097 = VERTEX_POINT ( 'NONE', #966 ) ;
#1098 = DIRECTION ( 'NONE',  ( 0.000000000000000000, 0.000000000000000000, 1.000000000000000000 ) ) ;
#1099 = DIRECTION ( 'NONE',  ( 0.000000000000000000, 0.000000000000000000, -1.000000000000000000 ) ) ;
#1100 = ORGANIZATION ( 'UNSPECIFIED', 'UNSPECIFIED', '' ) ;
#1101 = DIRECTION ( 'NONE',  ( 0.000000000000000000, 0.000000000000000000, 1.000000000000000000 ) ) ;
#1102 = CARTESIAN_POINT ( 'NONE',  ( 95.99999999999997158, 30.00000000000000000, -83.00000000000000000 ) ) ;
#1103 = ORIENTED_EDGE ( 'NONE', *, *, #1154, .T. ) ;
#1104 = EDGE_CURVE ( 'NONE', #2480, #2388, #2238, .T. ) ;
#1105 = CYLINDRICAL_SURFACE ( 'NONE', #878, 3.000000000000000888 ) ;
#1106 = ORIENTED_EDGE ( 'NONE', *, *, #2719, .F. ) ;
#1107 = CARTESIAN_POINT ( 'NONE',  ( 101.9999999999999858, 2.000000000000000000, -50.39999999999999858 ) ) ;
#1108 = CARTESIAN_POINT ( 'NONE',  ( -1.139683305398139331E-14, 21.48999999999995580, 0.000000000000000000 ) ) ;
#1109 = DIRECTION ( 'NONE',  ( 0.000000000000000000, 0.000000000000000000, -1.000000000000000000 ) ) ;
#1110 = FACE_BOUND ( 'NONE', #3792, .T. ) ;
#1111 = AXIS2_PLACEMENT_3D ( 'NONE', #3436, #1789, #3050 ) ;
#1112 =( LENGTH_UNIT ( ) NAMED_UNIT ( * ) SI_UNIT ( .MILLI., .METRE. ) );
#1113 = DIRECTION ( 'NONE',  ( -0.000000000000000000, 1.000000000000000000, -0.000000000000000000 ) ) ;
#1114 = DIRECTION ( 'NONE',  ( -0.000000000000000000, 1.000000000000000000, -0.000000000000000000 ) ) ;
#1115 = VECTOR ( 'NONE', #2265, 1000.000000000000000 ) ;
#1116 = CARTESIAN_POINT ( 'NONE',  ( 82.99999999999997158, 8.000000000000000000, -71.97500000000000853 ) ) ;
#1117 = ORIENTED_EDGE ( 'NONE', *, *, #1883, .F. ) ;
#1118 = EDGE_CURVE ( 'NONE', #3548, #1841, #3222, .T. ) ;
#1119 = ORIENTED_EDGE ( 'NONE', *, *, #3076, .F. ) ;
#1120 = AXIS2_PLACEMENT_3D ( 'NONE', #3157, #273, #2754 ) ;
#1121 = EDGE_LOOP ( 'NONE', ( #3293, #2892, #3556, #1521 ) ) ;
#1122 = CARTESIAN_POINT ( 'NONE',  ( 0.000000000000000000, 8.000000000000000000, -63.00000000000000000 ) ) ;
#1123 = EDGE_CURVE ( 'NONE', #4014, #1335, #3858, .T. ) ;
#1124 = DIRECTION ( 'NONE',  ( -0.000000000000000000, 1.000000000000000000, -0.000000000000000000 ) ) ;
#1125 = CYLINDRICAL_SURFACE ( 'NONE', #3301, 5.999999999999998224 ) ;
#1126 = VERTEX_POINT ( 'NONE', #4167 ) ;
#1127 = EDGE_CURVE ( 'NONE', #1426, #3941, #1157, .T. ) ;
#1128 = LINE ( 'NONE', #810, #2687 ) ;
#1129 = AXIS2_PLACEMENT_3D ( 'NONE', #826, #2798, #3721 ) ;
#1130 = DIRECTION ( 'NONE',  ( -1.000000000000000000, 0.000000000000000000, 0.000000000000000000 ) ) ;
#1131 = DIRECTION ( 'NONE',  ( -1.000000000000000000, 0.000000000000000000, 1.850371707708594366E-15 ) ) ;
#1132 = AXIS2_PLACEMENT_3D ( 'NONE', #1262, #3198, #857 ) ;
#1133 = VECTOR ( 'NONE', #397, 1000.000000000000000 ) ;
#1134 = VERTEX_POINT ( 'NONE', #1628 ) ;
#1135 = LINE ( 'NONE', #546, #4094 ) ;
#1136 = DIRECTION ( 'NONE',  ( 1.000000000000000000, -0.000000000000000000, 0.000000000000000000 ) ) ;
#1137 = CIRCLE ( 'NONE', #3840, 3.000000000000002665 ) ;
#1138 = CARTESIAN_POINT ( 'NONE',  ( 5.000000000000000000, 2.000000000000000000, -37.39999999999999147 ) ) ;
#1139 = VECTOR ( 'NONE', #2102, 1000.000000000000000 ) ;
#1140 = CALENDAR_DATE ( 2023, 18, 8 ) ;
#1141 = ADVANCED_FACE ( 'NONE', ( #361 ), #998, .T. ) ;
#1142 = DIRECTION ( 'NONE',  ( 0.000000000000000000, 0.000000000000000000, 1.000000000000000000 ) ) ;
#1143 = DIRECTION ( 'NONE',  ( 1.049727191138618942E-16, 0.5150380749100536004, -0.8571673007021125557 ) ) ;
#1144 = CARTESIAN_POINT ( 'NONE',  ( 97.00000000000000000, 30.00000000000000000, -1.999999999999999556 ) ) ;
#1145 = ORIENTED_EDGE ( 'NONE', *, *, #2101, .T. ) ;
#1146 = ORIENTED_EDGE ( 'NONE', *, *, #1852, .F. ) ;
#1147 = EDGE_CURVE ( 'NONE', #931, #3808, #2240, .T. ) ;
#1148 = ORIENTED_EDGE ( 'NONE', *, *, #3388, .T. ) ;
#1149 = LINE ( 'NONE', #1122, #991 ) ;
#1150 = CYLINDRICAL_SURFACE ( 'NONE', #282, 8.499999999999992895 ) ;
#1151 = CARTESIAN_POINT ( 'NONE',  ( 117.0000000000000000, 115.2877482408815837, -2.999999999999999556 ) ) ;
#1152 = ORIENTED_EDGE ( 'NONE', *, *, #2756, .T. ) ;
#1154 = EDGE_CURVE ( 'NONE', #1175, #3951, #341, .T. ) ;
#1153 = AXIS2_PLACEMENT_3D ( 'NONE', #2707, #3673, #3359 ) ;
#1155 = DIRECTION ( 'NONE',  ( -1.000000000000000000, 0.000000000000000000, 0.000000000000000000 ) ) ;
#1156 = CARTESIAN_POINT ( 'NONE',  ( 69.99999999999998579, 2.000000000000000000, -83.00000000000000000 ) ) ;
#1157 = CIRCLE ( 'NONE', #3516, 5.999999999999998224 ) ;
#1158 = LINE ( 'NONE', #2122, #3159 ) ;
#1159 = VECTOR ( 'NONE', #3621, 1000.000000000000000 ) ;
#1160 = EDGE_CURVE ( 'NONE', #2224, #58, #1007, .T. ) ;
#1161 = VERTEX_POINT ( 'NONE', #1288 ) ;
#1162 = DIRECTION ( 'NONE',  ( 0.000000000000000000, -1.000000000000000000, 0.000000000000000000 ) ) ;
#1163 = CARTESIAN_POINT ( 'NONE',  ( 0.000000000000000000, 18.98999999999999844, -1.999999999999999556 ) ) ;
#1164 = PLANE ( 'NONE',  #3578 ) ;
#1165 = LINE ( 'NONE', #568, #3243 ) ;
#1166 = LINE ( 'NONE', #2066, #4117 ) ;
#1167 = FACE_OUTER_BOUND ( 'NONE', #431, .T. ) ;
#1168 = ADVANCED_FACE ( 'NONE', ( #3241 ), #1645, .F. ) ;
#1169 = ORIENTED_EDGE ( 'NONE', *, *, #2825, .T. ) ;
#1170 = ORIENTED_EDGE ( 'NONE', *, *, #656, .T. ) ;
#1171 = ORIENTED_EDGE ( 'NONE', *, *, #321, .F. ) ;
#1172 = LINE ( 'NONE', #1783, #3281 ) ;
#1173 = DIRECTION ( 'NONE',  ( -1.000000000000000000, 0.000000000000000000, 0.000000000000000000 ) ) ;
#1174 = CARTESIAN_POINT ( 'NONE',  ( 75.99999999999998579, 8.000000000000000000, -63.00000000000000000 ) ) ;
#1175 = VERTEX_POINT ( 'NONE', #2943 ) ;
#1176 = VECTOR ( 'NONE', #2313, 1000.000000000000000 ) ;
#1177 = DIRECTION ( 'NONE',  ( 0.000000000000000000, 0.000000000000000000, 1.000000000000000000 ) ) ;
#1178 = ORIENTED_EDGE ( 'NONE', *, *, #173, .T. ) ;
#1179 = FACE_OUTER_BOUND ( 'NONE', #2034, .T. ) ;
#1180 = VERTEX_POINT ( 'NONE', #1727 ) ;
#1181 = DIRECTION ( 'NONE',  ( -0.000000000000000000, -1.000000000000000000, -0.000000000000000000 ) ) ;
#1182 = DIRECTION ( 'NONE',  ( 1.000000000000000000, 0.000000000000000000, 0.000000000000000000 ) ) ;
#1183 = CARTESIAN_POINT ( 'NONE',  ( 1.999999999999999556, 8.000000000000000000, -53.39999999999999147 ) ) ;
#1184 = DIRECTION ( 'NONE',  ( 0.000000000000000000, 0.000000000000000000, 1.000000000000000000 ) ) ;
#1185 = APPROVAL_ROLE ( '' ) ;
#1186 = CARTESIAN_POINT ( 'NONE',  ( 9.500000000000008882, 8.000000000000000000, -6.149999999999988809 ) ) ;
#1187 = DIRECTION ( 'NONE',  ( 0.000000000000000000, 0.000000000000000000, -1.000000000000000000 ) ) ;
#1188 = AXIS2_PLACEMENT_3D ( 'NONE', #3368, #1772, #1340 ) ;
#1189 = CARTESIAN_POINT ( 'NONE',  ( 14.00000000000000178, 8.000000000000000000, -40.39999999999999147 ) ) ;
#1190 = ORIENTED_EDGE ( 'NONE', *, *, #380, .F. ) ;
#1191 = EDGE_LOOP ( 'NONE', ( #1170, #3890, #3471, #3671, #2303, #2724 ) ) ;
#1192 = VERTEX_POINT ( 'NONE', #2332 ) ;
#1193 = FACE_BOUND ( 'NONE', #3875, .T. ) ;
#1194 = AXIS2_PLACEMENT_3D ( 'NONE', #535, #2472, #4129 ) ;
#1195 = DIRECTION ( 'NONE',  ( 0.000000000000000000, 0.000000000000000000, -1.000000000000000000 ) ) ;
#1196 = LINE ( 'NONE', #876, #2937 ) ;
#1197 = ORIENTED_EDGE ( 'NONE', *, *, #2192, .F. ) ;
#1198 = VECTOR ( 'NONE', #3117, 1000.000000000000000 ) ;
#1199 = CARTESIAN_POINT ( 'NONE',  ( 76.99812283724270401, 13.49000000000000199, 0.000000000000000000 ) ) ;
#1200 = CARTESIAN_POINT ( 'NONE',  ( 23.00000000000000000, 8.000000000000000000, 0.000000000000000000 ) ) ;
#1201 = EDGE_CURVE ( 'NONE', #556, #3043, #3479, .T. ) ;
#1202 = LINE ( 'NONE', #2419, #642 ) ;
#1203 = ORIENTED_EDGE ( 'NONE', *, *, #1656, .F. ) ;
#1204 = EDGE_CURVE ( 'NONE', #3179, #2994, #1869, .T. ) ;
#1205 = VECTOR ( 'NONE', #3972, 1000.000000000000000 ) ;
#1206 = CARTESIAN_POINT ( 'NONE',  ( 0.000000000000000000, 30.00000000000000000, -81.00000000000000000 ) ) ;
#1207 = PERSON_AND_ORGANIZATION ( #1792, #1100 ) ;
#1208 = CIRCLE ( 'NONE', #3015, 3.000000000000000888 ) ;
#1209 = CARTESIAN_POINT ( 'NONE',  ( 43.00000000000003553, 8.000000000000000000, -76.99999999999998579 ) ) ;
#1210 = DIRECTION ( 'NONE',  ( -0.000000000000000000, 1.000000000000000000, -0.000000000000000000 ) ) ;
#1211 = VECTOR ( 'NONE', #940, 1000.000000000000000 ) ;
#1212 = DIRECTION ( 'NONE',  ( -0.000000000000000000, 1.000000000000000000, -0.000000000000000000 ) ) ;
#1213 = VERTEX_POINT ( 'NONE', #2022 ) ;
#1214 = ORIENTED_EDGE ( 'NONE', *, *, #1542, .F. ) ;
#1215 = ORIENTED_EDGE ( 'NONE', *, *, #3273, .T. ) ;
#1216 = DIRECTION ( 'NONE',  ( 0.000000000000000000, 0.000000000000000000, 1.000000000000000000 ) ) ;
#1217 = CYLINDRICAL_SURFACE ( 'NONE', #1407, 5.999999999999998224 ) ;
#1218 = CARTESIAN_POINT ( 'NONE',  ( 114.0000000000000000, 8.000000000000000000, -4.999999999999999112 ) ) ;
#1219 = ORIENTED_EDGE ( 'NONE', *, *, #608, .F. ) ;
#1220 = AXIS2_PLACEMENT_3D ( 'NONE', #2595, #3307, #1688 ) ;
#1221 = AXIS2_PLACEMENT_3D ( 'NONE', #1411, #506, #1801 ) ;
#1222 = LINE ( 'NONE', #275, #1951 ) ;
#1223 = DIRECTION ( 'NONE',  ( 0.000000000000000000, -1.000000000000000000, 0.000000000000000000 ) ) ;
#1224 = VECTOR ( 'NONE', #2411, 1000.000000000000000 ) ;
#1225 = DIRECTION ( 'NONE',  ( 0.000000000000000000, 0.000000000000000000, 1.000000000000000000 ) ) ;
#1226 = AXIS2_PLACEMENT_3D ( 'NONE', #1316, #36, #357 ) ;
#1227 = ORIENTED_EDGE ( 'NONE', *, *, #2719, .T. ) ;
#1228 = AXIS2_PLACEMENT_3D ( 'NONE', #2907, #984, #735 ) ;
#1229 = FACE_OUTER_BOUND ( 'NONE', #3833, .T. ) ;
#1230 = CARTESIAN_POINT ( 'NONE',  ( 16.00000000000000000, 8.000000000000000000, 0.000000000000000000 ) ) ;
#1231 = CARTESIAN_POINT ( 'NONE',  ( -4.000000000000000000, 0.000000000000000000, -82.00000000000000000 ) ) ;
#1232 = EDGE_CURVE ( 'NONE', #2633, #2636, #2391, .T. ) ;
#1233 = DIRECTION ( 'NONE',  ( -0.000000000000000000, 1.000000000000000000, -0.000000000000000000 ) ) ;
#1234 = VERTEX_POINT ( 'NONE', #1087 ) ;
#1235 = ORIENTED_EDGE ( 'NONE', *, *, #1588, .F. ) ;
#1236 = DIRECTION ( 'NONE',  ( 1.000000000000000000, 0.000000000000000000, -6.938893903907231336E-16 ) ) ;
#1237 = VECTOR ( 'NONE', #3714, 1000.000000000000000 ) ;
#1238 = CARTESIAN_POINT ( 'NONE',  ( -2.265860067006950585E-15, 20.74892422621554999, -4.000000000000000000 ) ) ;
#1239 = CARTESIAN_POINT ( 'NONE',  ( 2.000000000000000000, 8.000000000000000000, 0.000000000000000000 ) ) ;
#1240 = VERTEX_POINT ( 'NONE', #2668 ) ;
#1241 = ORIENTED_EDGE ( 'NONE', *, *, #2648, .T. ) ;
#1242 = DIRECTION ( 'NONE',  ( 0.000000000000000000, -0.000000000000000000, -1.000000000000000000 ) ) ;
#1243 = CYLINDRICAL_SURFACE ( 'NONE', #668, 1.024999999999998135 ) ;
#1244 = SECURITY_CLASSIFICATION ( '', '', #343 ) ;
#1245 = DIRECTION ( 'NONE',  ( -1.000000000000000000, 0.000000000000000000, -0.000000000000000000 ) ) ;
#1246 = ORIENTED_EDGE ( 'NONE', *, *, #782, .F. ) ;
#1247 = DIRECTION ( 'NONE',  ( 0.000000000000000000, 0.000000000000000000, -1.000000000000000000 ) ) ;
#1248 = PERSON_AND_ORGANIZATION ( #1792, #1100 ) ;
#1249 = CARTESIAN_POINT ( 'NONE',  ( 82.99999999999997158, 8.000000000000000000, -73.00000000000001421 ) ) ;
#1250 = FACE_OUTER_BOUND ( 'NONE', #419, .T. ) ;
#1251 = EDGE_LOOP ( 'NONE', ( #3269, #3572, #3207, #3613 ) ) ;
#1252 = ORIENTED_EDGE ( 'NONE', *, *, #478, .F. ) ;
#1253 = DIRECTION ( 'NONE',  ( 1.000000000000000000, -0.000000000000000000, 0.000000000000000000 ) ) ;
#1254 = AXIS2_PLACEMENT_3D ( 'NONE', #2396, #2108, #1088 ) ;
#1255 = CARTESIAN_POINT ( 'NONE',  ( 114.0000000000000000, 2.000000000000000000, -80.00000000000000000 ) ) ;
#1256 = DIRECTION ( 'NONE',  ( -0.000000000000000000, -0.000000000000000000, 1.000000000000000000 ) ) ;
#1257 = ORIENTED_EDGE ( 'NONE', *, *, #3755, .T. ) ;
#1258 = ADVANCED_FACE ( 'NONE', ( #3303 ), #2059, .F. ) ;
#1259 = EDGE_CURVE ( 'NONE', #11, #107, #2733, .T. ) ;
#1260 = VERTEX_POINT ( 'NONE', #3054 ) ;
#1261 = LINE ( 'NONE', #1938, #2151 ) ;
#1262 = CARTESIAN_POINT ( 'NONE',  ( 106.5000000000000142, 8.000000000000000000, -7.399999999999997691 ) ) ;
#1263 = CIRCLE ( 'NONE', #3002, 1.250000000000001110 ) ;
#1264 = EDGE_CURVE ( 'NONE', #3857, #1391, #2692, .T. ) ;
#1265 = VERTEX_POINT ( 'NONE', #3913 ) ;
#1266 = DIRECTION ( 'NONE',  ( 0.000000000000000000, 0.000000000000000000, 1.000000000000000000 ) ) ;
#1267 = AXIS2_PLACEMENT_3D ( 'NONE', #270, #3135, #3697 ) ;
#1268 = LINE ( 'NONE', #4147, #124 ) ;
#1269 = CARTESIAN_POINT ( 'NONE',  ( 90.08201540322141909, 18.48963825415616924, -2.000000000000000000 ) ) ;
#1270 = EDGE_LOOP ( 'NONE', ( #2579, #1912, #2575, #3906, #2250, #2755, #2260, #169, #2828, #3585 ) ) ;
#1271 = AXIS2_PLACEMENT_3D ( 'NONE', #1746, #3414, #4002 ) ;
#1272 = VERTEX_POINT ( 'NONE', #99 ) ;
#1273 = ADVANCED_FACE ( 'NONE', ( #3346 ), #3957, .F. ) ;
#1274 = EDGE_CURVE ( 'NONE', #2762, #674, #1064, .T. ) ;
#1275 = FACE_BOUND ( 'NONE', #511, .T. ) ;
#1276 = CARTESIAN_POINT ( 'NONE',  ( 43.00000000000000000, 2.000000000000000000, -66.00000000000000000 ) ) ;
#1277 = DIRECTION ( 'NONE',  ( 0.000000000000000000, 0.000000000000000000, -1.000000000000000000 ) ) ;
#1278 = ORIENTED_EDGE ( 'NONE', *, *, #2639, .T. ) ;
#1279 = VERTEX_POINT ( 'NONE', #458 ) ;
#1280 = EDGE_CURVE ( 'NONE', #2428, #3448, #400, .T. ) ;
#1281 = ORIENTED_EDGE ( 'NONE', *, *, #399, .F. ) ;
#1282 = DIRECTION ( 'NONE',  ( 0.000000000000000000, -1.000000000000000000, 0.000000000000000000 ) ) ;
#1283 = CIRCLE ( 'NONE', #62, 3.000000000000002665 ) ;
#1284 = CARTESIAN_POINT ( 'NONE',  ( 114.0000000000000000, 30.00000000000000000, -37.40000000000001279 ) ) ;
#1285 = ORIENTED_EDGE ( 'NONE', *, *, #2101, .F. ) ;
#1286 = EDGE_CURVE ( 'NONE', #4171, #1279, #2646, .T. ) ;
#1287 = AXIS2_PLACEMENT_3D ( 'NONE', #4089, #472, #1762 ) ;
#1288 = CARTESIAN_POINT ( 'NONE',  ( 46.00000000000000711, 6.999999999999999112, -82.99999999999998579 ) ) ;
#1289 = CARTESIAN_POINT ( 'NONE',  ( 0.000000000000000000, 30.00000000000000000, -79.75000000000000000 ) ) ;
#1290 = LINE ( 'NONE', #421, #2218 ) ;
#1291 = ORIENTED_EDGE ( 'NONE', *, *, #3989, .F. ) ;
#1292 = ORIENTED_EDGE ( 'NONE', *, *, #1788, .T. ) ;
#1293 = DIRECTION ( 'NONE',  ( -0.000000000000000000, 1.000000000000000000, -0.000000000000000000 ) ) ;
#1294 = CARTESIAN_POINT ( 'NONE',  ( 0.000000000000000000, 8.000000000000000000, 0.000000000000000000 ) ) ;
#1295 = DIRECTION ( 'NONE',  ( 0.000000000000000000, 0.000000000000000000, 1.000000000000000000 ) ) ;
#1296 = VERTEX_POINT ( 'NONE', #1041 ) ;
#1297 = ORIENTED_EDGE ( 'NONE', *, *, #300, .T. ) ;
#1298 = VECTOR ( 'NONE', #4061, 1000.000000000000000 ) ;
#1299 = ORIENTED_EDGE ( 'NONE', *, *, #478, .T. ) ;
#1300 = VECTOR ( 'NONE', #563, 1000.000000000000000 ) ;
#1301 = DIRECTION ( 'NONE',  ( 1.000000000000000000, 0.000000000000000000, 0.000000000000000000 ) ) ;
#1302 = ORIENTED_EDGE ( 'NONE', *, *, #595, .T. ) ;
#1303 = ADVANCED_FACE ( 'NONE', ( #2082, #710, #1403 ), #3031, .F. ) ;
#1304 = LINE ( 'NONE', #2590, #3910 ) ;
#1305 = AXIS2_PLACEMENT_3D ( 'NONE', #1967, #915, #3851 ) ;
#1306 = DIRECTION ( 'NONE',  ( 0.000000000000000000, 0.000000000000000000, 1.000000000000000000 ) ) ;
#1307 = EDGE_LOOP ( 'NONE', ( #3407, #2703, #2318, #2909 ) ) ;
#1308 = VERTEX_POINT ( 'NONE', #2715 ) ;
#1309 = CARTESIAN_POINT ( 'NONE',  ( -4.000000000000010658, 0.000000000000000000, -3.000000000000002665 ) ) ;
#1310 = DIRECTION ( 'NONE',  ( 0.000000000000000000, -1.000000000000000000, 0.000000000000000000 ) ) ;
#1311 = LINE ( 'NONE', #2614, #2934 ) ;
#1312 = ORIENTED_EDGE ( 'NONE', *, *, #3119, .T. ) ;
#1313 = ORIENTED_EDGE ( 'NONE', *, *, #338, .F. ) ;
#1314 = ORIENTED_EDGE ( 'NONE', *, *, #3835, .F. ) ;
#1315 = ORIENTED_EDGE ( 'NONE', *, *, #1458, .T. ) ;
#1316 = CARTESIAN_POINT ( 'NONE',  ( 88.00000000000000000, -8.000000000000000000, -25.00000000000002487 ) ) ;
#1317 = AXIS2_PLACEMENT_3D ( 'NONE', #2827, #2126, #1225 ) ;
#1318 = EDGE_CURVE ( 'NONE', #931, #3518, #4005, .T. ) ;
#1319 = ORIENTED_EDGE ( 'NONE', *, *, #1320, .F. ) ;
#1320 = EDGE_CURVE ( 'NONE', #1180, #186, #921, .T. ) ;
#1321 = AXIS2_PLACEMENT_3D ( 'NONE', #2231, #600, #1652 ) ;
#1322 = EDGE_CURVE ( 'NONE', #742, #288, #1018, .T. ) ;
#1323 = CARTESIAN_POINT ( 'NONE',  ( 43.00000000000000000, 2.000000000000000000, -80.00000000000000000 ) ) ;
#1324 = CARTESIAN_POINT ( 'NONE',  ( 114.0000000000000000, 30.00000000000000000, -4.999999999999999112 ) ) ;
#1325 = ORIENTED_EDGE ( 'NONE', *, *, #453, .T. ) ;
#1326 = AXIS2_PLACEMENT_3D ( 'NONE', #3743, #2139, #1216 ) ;
#1327 = DIRECTION ( 'NONE',  ( 0.000000000000000000, 0.000000000000000000, -1.000000000000000000 ) ) ;
#1328 = CARTESIAN_POINT ( 'NONE',  ( 14.00000000000000178, 8.000000000000000000, -40.39999999999999147 ) ) ;
#1329 = LINE ( 'NONE', #352, #1115 ) ;
#1330 = ORIENTED_EDGE ( 'NONE', *, *, #2629, .F. ) ;
#1331 = VECTOR ( 'NONE', #2760, 1000.000000000000000 ) ;
#1332 = ORIENTED_EDGE ( 'NONE', *, *, #3260, .F. ) ;
#1333 = ADVANCED_FACE ( 'NONE', ( #1999 ), #1682, .F. ) ;
#1334 = ORIENTED_EDGE ( 'NONE', *, *, #3816, .T. ) ;
#1335 = VERTEX_POINT ( 'NONE', #1453 ) ;
#1336 = CARTESIAN_POINT ( 'NONE',  ( 114.0000000000000000, 30.00000000000000000, 0.000000000000000000 ) ) ;
#1337 = EDGE_CURVE ( 'NONE', #269, #790, #1135, .T. ) ;
#1338 = ORIENTED_EDGE ( 'NONE', *, *, #4028, .F. ) ;
#1339 = ADVANCED_FACE ( 'NONE', ( #2107 ), #3391, .T. ) ;
#1340 = DIRECTION ( 'NONE',  ( 0.000000000000000000, 0.000000000000000000, 1.000000000000000000 ) ) ;
#1341 = CARTESIAN_POINT ( 'NONE',  ( 0.000000000000000000, 0.000000000000000000, 0.000000000000000000 ) ) ;
#1342 = DIRECTION ( 'NONE',  ( 1.000000000000000000, 0.000000000000000000, -1.541976423090495633E-16 ) ) ;
#1343 = ADVANCED_FACE ( 'NONE', ( #239, #3706, #192, #260, #1526, #1819, #2763, #2738, #3104 ), #3753, .T. ) ;
#1344 = DIRECTION ( 'NONE',  ( -0.000000000000000000, 1.000000000000000000, -0.000000000000000000 ) ) ;
#1345 = DIRECTION ( 'NONE',  ( 0.000000000000000000, 0.000000000000000000, 1.000000000000000000 ) ) ;
#1346 = VECTOR ( 'NONE', #1589, 1000.000000000000000 ) ;
#1347 = DIRECTION ( 'NONE',  ( 0.000000000000000000, 0.000000000000000000, -1.000000000000000000 ) ) ;
#1348 = AXIS2_PLACEMENT_3D ( 'NONE', #100, #650, #61 ) ;
#1349 = ORIENTED_EDGE ( 'NONE', *, *, #3717, .F. ) ;
#1350 = EDGE_LOOP ( 'NONE', ( #2090, #3898, #3336, #1338 ) ) ;
#1351 = ORIENTED_EDGE ( 'NONE', *, *, #146, .F. ) ;
#1352 = EDGE_LOOP ( 'NONE', ( #3627, #1106, #3153, #138 ) ) ;
#1353 = DIRECTION ( 'NONE',  ( 1.000000000000000000, 0.000000000000000000, 0.000000000000000000 ) ) ;
#1354 = DIRECTION ( 'NONE',  ( 0.000000000000000000, -0.000000000000000000, -1.000000000000000000 ) ) ;
#1355 = DIRECTION ( 'NONE',  ( -0.000000000000000000, -1.000000000000000000, -0.000000000000000000 ) ) ;
#1356 = VERTEX_POINT ( 'NONE', #1482 ) ;
#1357 = CARTESIAN_POINT ( 'NONE',  ( 111.0000000000000000, 2.000000000000001776, -2.000000000000000444 ) ) ;
#1358 = DIRECTION ( 'NONE',  ( 0.000000000000000000, 1.000000000000000000, 0.000000000000000000 ) ) ;
#1359 = LINE ( 'NONE', #423, #2697 ) ;
#1360 = VECTOR ( 'NONE', #4060, 1000.000000000000000 ) ;
#1361 = DIRECTION ( 'NONE',  ( 1.541976423090495633E-16, 0.000000000000000000, 1.000000000000000000 ) ) ;
#1362 = LINE ( 'NONE', #1045, #3647 ) ;
#1363 = DIRECTION ( 'NONE',  ( -1.000000000000000000, 0.000000000000000000, 0.000000000000000000 ) ) ;
#1364 = LINE ( 'NONE', #3965, #2206 ) ;
#1365 = ORIENTED_EDGE ( 'NONE', *, *, #634, .T. ) ;
#1366 = ORIENTED_EDGE ( 'NONE', *, *, #722, .T. ) ;
#1367 = ORIENTED_EDGE ( 'NONE', *, *, #2989, .T. ) ;
#1368 = ORIENTED_EDGE ( 'NONE', *, *, #1030, .F. ) ;
#1369 = CARTESIAN_POINT ( 'NONE',  ( 74.04008294569290172, 12.99000000000000199, 0.000000000000000000 ) ) ;
#1370 = DIRECTION ( 'NONE',  ( -0.000000000000000000, -0.000000000000000000, 1.000000000000000000 ) ) ;
#1371 = CARTESIAN_POINT ( 'NONE',  ( 0.000000000000000000, 21.50000000000000000, -81.00000000000000000 ) ) ;
#1372 = ORIENTED_EDGE ( 'NONE', *, *, #3386, .T. ) ;
#1373 = PRODUCT_DEFINITION_SHAPE ( 'NONE', 'NONE',  #3521 ) ;
#1374 = VECTOR ( 'NONE', #3619, 1000.000000000000000 ) ;
#1375 = EDGE_LOOP ( 'NONE', ( #2604, #995, #2412, #3001 ) ) ;
#1376 = EDGE_CURVE ( 'NONE', #2164, #3475, #3143, .T. ) ;
#1377 = LINE ( 'NONE', #437, #528 ) ;
#1378 = DIRECTION ( 'NONE',  ( 0.000000000000000000, 0.000000000000000000, 1.000000000000000000 ) ) ;
#1379 = FACE_OUTER_BOUND ( 'NONE', #2796, .T. ) ;
#1380 = AXIS2_PLACEMENT_3D ( 'NONE', #266, #1554, #3063 ) ;
#1381 = DIRECTION ( 'NONE',  ( 0.000000000000000000, 0.000000000000000000, -1.000000000000000000 ) ) ;
#1382 = DIRECTION ( 'NONE',  ( 0.000000000000000000, 1.000000000000000000, -0.000000000000000000 ) ) ;
#1383 = FACE_OUTER_BOUND ( 'NONE', #3027, .T. ) ;
#1384 = DIRECTION ( 'NONE',  ( 0.000000000000000000, 0.000000000000000000, -1.000000000000000000 ) ) ;
#1385 = ORIENTED_EDGE ( 'NONE', *, *, #2477, .F. ) ;
#1386 = VERTEX_POINT ( 'NONE', #2196 ) ;
#1387 = ADVANCED_FACE ( 'NONE', ( #4055 ), #3802, .F. ) ;
#1388 = ORIENTED_EDGE ( 'NONE', *, *, #3522, .F. ) ;
#1389 = EDGE_CURVE ( 'NONE', #312, #1036, #3142, .T. ) ;
#1390 = ADVANCED_FACE ( 'NONE', ( #4123 ), #3079, .F. ) ;
#1391 = VERTEX_POINT ( 'NONE', #524 ) ;
#1392 = VECTOR ( 'NONE', #663, 999.9999999999998863 ) ;
#1393 = CARTESIAN_POINT ( 'NONE',  ( 76.99812283724270401, 13.49000000000000199, -2.000000000000000000 ) ) ;
#1394 = CARTESIAN_POINT ( 'NONE',  ( 76.99812283724270401, 13.49000000000000199, -10.00000000000000000 ) ) ;
#1395 = FACE_OUTER_BOUND ( 'NONE', #2071, .T. ) ;
#1396 = VERTEX_POINT ( 'NONE', #2153 ) ;
#1397 = EDGE_CURVE ( 'NONE', #2510, #3043, #564, .T. ) ;
#1398 = VECTOR ( 'NONE', #3689, 1000.000000000000000 ) ;
#1399 = CARTESIAN_POINT ( 'NONE',  ( 0.000000000000000000, 8.000000000000000000, -12.00000000000000000 ) ) ;
#1400 = VECTOR ( 'NONE', #3557, 1000.000000000000000 ) ;
#1401 = EDGE_CURVE ( 'NONE', #2048, #3862, #817, .T. ) ;
#1402 = CARTESIAN_POINT ( 'NONE',  ( 54.03999999999999915, 15.93999999999999950, -1.999999999999998224 ) ) ;
#1403 = FACE_OUTER_BOUND ( 'NONE', #2564, .T. ) ;
#1404 = FACE_OUTER_BOUND ( 'NONE', #3113, .T. ) ;
#1405 = CIRCLE ( 'NONE', #130, 1.250000000000001110 ) ;
#1406 = CARTESIAN_POINT ( 'NONE',  ( 71.04000000000006310, 15.99000000000000021, 0.000000000000000000 ) ) ;
#1407 = AXIS2_PLACEMENT_3D ( 'NONE', #3211, #1896, #3811 ) ;
#1408 = AXIS2_PLACEMENT_3D ( 'NONE', #200, #1187, #844 ) ;
#1409 = CYLINDRICAL_SURFACE ( 'NONE', #365, 3.199999999999994404 ) ;
#1410 = CARTESIAN_POINT ( 'NONE',  ( 69.99999999999998579, 7.000000000000000000, -80.00000000000000000 ) ) ;
#1411 = CARTESIAN_POINT ( 'NONE',  ( 97.00000000000000000, 8.000000000000000000, -4.999999999999999112 ) ) ;
#1412 = DIRECTION ( 'NONE',  ( 0.000000000000000000, 0.000000000000000000, -1.000000000000000000 ) ) ;
#1413 = EDGE_CURVE ( 'NONE', #873, #2574, #906, .T. ) ;
#1414 = VERTEX_POINT ( 'NONE', #1505 ) ;
#1415 = CIRCLE ( 'NONE', #1287, 3.000000000000000888 ) ;
#1416 = ORIENTED_EDGE ( 'NONE', *, *, #2148, .T. ) ;
#1417 = EDGE_LOOP ( 'NONE', ( #3719, #1973, #1605, #2932 ) ) ;
#1418 = AXIS2_PLACEMENT_3D ( 'NONE', #1206, #530, #2467 ) ;
#1419 = CARTESIAN_POINT ( 'NONE',  ( 54.03999999999999915, 15.93999999999999950, -30.00000000000000000 ) ) ;
#1420 = LINE ( 'NONE', #452, #3427 ) ;
#1421 = CIRCLE ( 'NONE', #1009, 8.499999999999992895 ) ;
#1422 = FACE_OUTER_BOUND ( 'NONE', #3213, .T. ) ;
#1423 = FACE_OUTER_BOUND ( 'NONE', #3194, .T. ) ;
#1424 = ORIENTED_EDGE ( 'NONE', *, *, #2457, .T. ) ;
#1425 = CARTESIAN_POINT ( 'NONE',  ( 106.5000000000000142, 0.000000000000000000, -7.399999999999997691 ) ) ;
#1426 = VERTEX_POINT ( 'NONE', #2786 ) ;
#1427 = FACE_OUTER_BOUND ( 'NONE', #1513, .T. ) ;
#1428 = DIRECTION ( 'NONE',  ( 1.000000000000000000, 0.000000000000000000, -0.000000000000000000 ) ) ;
#1429 = FACE_OUTER_BOUND ( 'NONE', #4001, .T. ) ;
#1430 = DIRECTION ( 'NONE',  ( -0.000000000000000000, 0.000000000000000000, 1.000000000000000000 ) ) ;
#1431 = EDGE_CURVE ( 'NONE', #1759, #965, #1202, .T. ) ;
#1432 = EDGE_CURVE ( 'NONE', #787, #1126, #3779, .T. ) ;
#1433 = APPROVAL_STATUS ( 'not_yet_approved' ) ;
#1434 = LINE ( 'NONE', #1489, #1842 ) ;
#1435 = LINE ( 'NONE', #1777, #3560 ) ;
#1436 = ADVANCED_FACE ( 'NONE', ( #882, #3459, #585, #3164, #2848 ), #4141, .T. ) ;
#1437 = DIRECTION ( 'NONE',  ( 0.000000000000000000, 0.000000000000000000, -1.000000000000000000 ) ) ;
#1438 = ORIENTED_EDGE ( 'NONE', *, *, #1828, .F. ) ;
#1439 = APPROVAL_PERSON_ORGANIZATION ( #888, #645, #1185 ) ;
#1440 = ORIENTED_EDGE ( 'NONE', *, *, #1765, .T. ) ;
#1441 = VERTEX_POINT ( 'NONE', #2482 ) ;
#1442 = CARTESIAN_POINT ( 'NONE',  ( 0.000000000000000000, 7.000000000000000000, 0.000000000000000000 ) ) ;
#1443 = FACE_BOUND ( 'NONE', #1692, .T. ) ;
#1444 = LINE ( 'NONE', #2729, #3370 ) ;
#1445 = VERTEX_POINT ( 'NONE', #4096 ) ;
#1446 = CARTESIAN_POINT ( 'NONE',  ( 72.99999999999998579, 7.000000000000000000, 0.000000000000000000 ) ) ;
#1447 = CARTESIAN_POINT ( 'NONE',  ( 40.00000000000000000, 8.000000000000000000, -63.00000000000000000 ) ) ;
#1448 = DIRECTION ( 'NONE',  ( -1.000000000000000000, 0.000000000000000000, 0.000000000000000000 ) ) ;
#1449 = AXIS2_PLACEMENT_3D ( 'NONE', #315, #2845, #238 ) ;
#1450 = EDGE_CURVE ( 'NONE', #1981, #1631, #3701, .T. ) ;
#1451 = ORIENTED_EDGE ( 'NONE', *, *, #2618, .F. ) ;
#1452 = AXIS2_PLACEMENT_3D ( 'NONE', #2422, #2110, #4011 ) ;
#1453 = CARTESIAN_POINT ( 'NONE',  ( -4.000000000000000000, 30.00000000000000000, -82.00000000000000000 ) ) ;
#1454 = LINE ( 'NONE', #1797, #3410 ) ;
#1455 = CARTESIAN_POINT ( 'NONE',  ( 17.00000000000000000, 2.000000000000000000, -47.39999999999997726 ) ) ;
#1456 = EDGE_CURVE ( 'NONE', #2841, #3518, #2414, .T. ) ;
#1457 = VECTOR ( 'NONE', #4101, 1000.000000000000000 ) ;
#1458 = EDGE_CURVE ( 'NONE', #2993, #3693, #2927, .T. ) ;
#1459 = CARTESIAN_POINT ( 'NONE',  ( 96.04016587953708495, 18.98930879086201884, -2.000000000000000000 ) ) ;
#1460 = CARTESIAN_POINT ( 'NONE',  ( 9.500000000000010658, 8.000000000000000000, -44.14999999999998437 ) ) ;
#1461 = LINE ( 'NONE', #3424, #1949 ) ;
#1462 = VECTOR ( 'NONE', #1072, 1000.000000000000000 ) ;
#1463 = DIRECTION ( 'NONE',  ( 0.000000000000000000, 0.000000000000000000, 1.000000000000000000 ) ) ;
#1464 = ORIENTED_EDGE ( 'NONE', *, *, #3184, .T. ) ;
#1465 = EDGE_CURVE ( 'NONE', #1213, #470, #4016, .T. ) ;
#1466 = ORIENTED_EDGE ( 'NONE', *, *, #1921, .F. ) ;
#1467 = CIRCLE ( 'NONE', #110, 1.024999999999984368 ) ;
#1468 = ORIENTED_EDGE ( 'NONE', *, *, #3397, .F. ) ;
#1469 = CARTESIAN_POINT ( 'NONE',  ( 116.0000000000000000, 21.50000000000000000, -4.000000000000000000 ) ) ;
#1470 = FACE_OUTER_BOUND ( 'NONE', #1350, .T. ) ;
#1471 = DIRECTION ( 'NONE',  ( 0.000000000000000000, 0.000000000000000000, -1.000000000000000000 ) ) ;
#1472 = ORIENTED_EDGE ( 'NONE', *, *, #2032, .F. ) ;
#1473 = ADVANCED_FACE ( 'NONE', ( #562 ), #188, .T. ) ;
#1474 = DIRECTION ( 'NONE',  ( -0.000000000000000000, 1.000000000000000000, -0.000000000000000000 ) ) ;
#1475 = AXIS2_PLACEMENT_3D ( 'NONE', #1442, #3949, #1354 ) ;
#1476 = DIRECTION ( 'NONE',  ( 0.000000000000000000, -1.000000000000000000, 0.000000000000000000 ) ) ;
#1477 = CARTESIAN_POINT ( 'NONE',  ( 113.9999999999999716, 8.000000000000000000, -50.39999999999998437 ) ) ;
#1478 = AXIS2_PLACEMENT_3D ( 'NONE', #2573, #1233, #2516 ) ;
#1479 = EDGE_CURVE ( 'NONE', #951, #16, #2144, .T. ) ;
#1480 = ORIENTED_EDGE ( 'NONE', *, *, #3467, .F. ) ;
#1481 = ADVANCED_FACE ( 'NONE', ( #3725 ), #476, .F. ) ;
#1482 = CARTESIAN_POINT ( 'NONE',  ( 100.0000000000000000, 2.000000000000000000, -9.000000000000001776 ) ) ;
#1483 = DIRECTION ( 'NONE',  ( 0.000000000000000000, 0.000000000000000000, -1.000000000000000000 ) ) ;
#1484 = AXIS2_PLACEMENT_3D ( 'NONE', #3818, #1223, #2215 ) ;
#1485 = FACE_OUTER_BOUND ( 'NONE', #3528, .T. ) ;
#1486 = CIRCLE ( 'NONE', #6, 2.999999999999999112 ) ;
#1487 = AXIS2_PLACEMENT_3D ( 'NONE', #4154, #3531, #935 ) ;
#1488 = DIRECTION ( 'NONE',  ( 0.000000000000000000, 0.000000000000000000, 1.000000000000000000 ) ) ;
#1489 = CARTESIAN_POINT ( 'NONE',  ( 46.00000000000000711, 30.00000000000000000, -83.00000000000000000 ) ) ;
#1490 = CYLINDRICAL_SURFACE ( 'NONE', #3220, 3.000000000000002665 ) ;
#1491 = DIRECTION ( 'NONE',  ( 0.000000000000000000, -1.000000000000000000, 0.000000000000000000 ) ) ;
#1492 = ORIENTED_EDGE ( 'NONE', *, *, #223, .F. ) ;
#1493 = ORIENTED_EDGE ( 'NONE', *, *, #4113, .F. ) ;
#1494 = EDGE_CURVE ( 'NONE', #1260, #1050, #2802, .T. ) ;
#1495 = ORIENTED_EDGE ( 'NONE', *, *, #3929, .T. ) ;
#1496 = CARTESIAN_POINT ( 'NONE',  ( 111.0000000000000000, 8.000000000000000000, -15.00000000000000000 ) ) ;
#1497 = CARTESIAN_POINT ( 'NONE',  ( 72.99999999999998579, 8.000000000000000000, -77.00000000000000000 ) ) ;
#1498 = DIRECTION ( 'NONE',  ( -1.000000000000000000, 0.000000000000000000, 1.541976423090495387E-16 ) ) ;
#1499 = ORIENTED_EDGE ( 'NONE', *, *, #2176, .T. ) ;
#1500 = AXIS2_PLACEMENT_3D ( 'NONE', #3023, #4020, #3297 ) ;
#1501 = LINE ( 'NONE', #2174, #2761 ) ;
#1502 = ORIENTED_EDGE ( 'NONE', *, *, #4156, .T. ) ;
#1503 = CYLINDRICAL_SURFACE ( 'NONE', #1813, 1.250000000000001110 ) ;
#1504 = ORIENTED_EDGE ( 'NONE', *, *, #2829, .F. ) ;
#1505 = CARTESIAN_POINT ( 'NONE',  ( 96.04016587953708495, 18.98930879086201884, 0.000000000000000000 ) ) ;
#1506 = LINE ( 'NONE', #861, #916 ) ;
#1507 = CARTESIAN_POINT ( 'NONE',  ( 106.5000000000000142, 0.000000000000000000, -45.39999999999999858 ) ) ;
#1508 = DIRECTION ( 'NONE',  ( -0.000000000000000000, 1.000000000000000000, -0.000000000000000000 ) ) ;
#1509 = PERSON_AND_ORGANIZATION ( #1792, #1100 ) ;
#1510 = CARTESIAN_POINT ( 'NONE',  ( 0.000000000000000000, 8.000000000000000000, 0.000000000000000000 ) ) ;
#1511 = CYLINDRICAL_SURFACE ( 'NONE', #2485, 3.199999999999994404 ) ;
#1512 = CARTESIAN_POINT ( 'NONE',  ( 111.0000000000000000, 30.00000000000000000, -83.00000000000000000 ) ) ;
#1513 = EDGE_LOOP ( 'NONE', ( #3314, #3051, #4041, #1955 ) ) ;
#1514 = ORIENTED_EDGE ( 'NONE', *, *, #1081, .T. ) ;
#1515 = EDGE_CURVE ( 'NONE', #1056, #2171, #1128, .T. ) ;
#1516 = ORIENTED_EDGE ( 'NONE', *, *, #889, .F. ) ;
#1517 = DIRECTION ( 'NONE',  ( 1.000000000000000000, -0.000000000000000000, 0.000000000000000000 ) ) ;
#1518 = CARTESIAN_POINT ( 'NONE',  ( 54.03999999999999915, 15.93999999999999950, 0.000000000000000000 ) ) ;
#1519 = DIRECTION ( 'NONE',  ( -0.000000000000000000, 1.000000000000000000, -0.000000000000000000 ) ) ;
#1520 = ORIENTED_EDGE ( 'NONE', *, *, #3801, .T. ) ;
#1521 = ORIENTED_EDGE ( 'NONE', *, *, #3326, .F. ) ;
#1522 = EDGE_CURVE ( 'NONE', #3044, #1386, #141, .T. ) ;
#1523 = AXIS2_PLACEMENT_3D ( 'NONE', #3883, #934, #1236 ) ;
#1524 = DIRECTION ( 'NONE',  ( 1.000000000000000000, 0.000000000000000000, 0.000000000000000000 ) ) ;
#1525 = DIRECTION ( 'NONE',  ( -0.000000000000000000, 1.000000000000000000, -0.000000000000000000 ) ) ;
#1526 = FACE_BOUND ( 'NONE', #1758, .T. ) ;
#1527 = ORIENTED_EDGE ( 'NONE', *, *, #4164, .T. ) ;
#1528 = CARTESIAN_POINT ( 'NONE',  ( 90.08157303230868251, 10.48963826638692431, 0.000000000000000000 ) ) ;
#1529 = PERSON_AND_ORGANIZATION ( #1792, #1100 ) ;
#1530 = DIRECTION ( 'NONE',  ( 2.775557561562888827E-14, 0.000000000000000000, -1.000000000000000000 ) ) ;
#1531 = CARTESIAN_POINT ( 'NONE',  ( 16.00000000000000000, 8.000000000000000000, -8.999999999999980460 ) ) ;
#1532 = AXIS2_PLACEMENT_3D ( 'NONE', #837, #4031, #1546 ) ;
#1533 = CARTESIAN_POINT ( 'NONE',  ( 106.5000000000000142, 0.000000000000000000, -8.649999999999998579 ) ) ;
#1534 = ORIENTED_EDGE ( 'NONE', *, *, #4146, .F. ) ;
#1535 = ORIENTED_EDGE ( 'NONE', *, *, #2585, .F. ) ;
#1536 = ORIENTED_EDGE ( 'NONE', *, *, #733, .F. ) ;
#1537 = DIRECTION ( 'NONE',  ( -0.000000000000000000, -1.000000000000000000, 0.000000000000000000 ) ) ;
#1538 = VECTOR ( 'NONE', #2833, 1000.000000000000000 ) ;
#1539 = CARTESIAN_POINT ( 'NONE',  ( 111.0000000000000000, 2.000000000000000000, -40.40000000000001279 ) ) ;
#1540 = CARTESIAN_POINT ( 'NONE',  ( -1.000000000000000444, 30.00000000000000000, -85.00000000000000000 ) ) ;
#1541 = ORIENTED_EDGE ( 'NONE', *, *, #2204, .T. ) ;
#1542 = EDGE_CURVE ( 'NONE', #3767, #3951, #1679, .T. ) ;
#1543 = DIRECTION ( 'NONE',  ( 0.000000000000000000, 0.000000000000000000, -1.000000000000000000 ) ) ;
#1544 = FACE_OUTER_BOUND ( 'NONE', #2440, .T. ) ;
#1545 = EDGE_CURVE ( 'NONE', #1835, #719, #1501, .T. ) ;
#1546 = DIRECTION ( 'NONE',  ( -1.000000000000000000, 0.000000000000000000, 0.000000000000000000 ) ) ;
#1547 = ORIENTED_EDGE ( 'NONE', *, *, #1479, .T. ) ;
#1548 = VECTOR ( 'NONE', #1992, 1000.000000000000000 ) ;
#1549 = VECTOR ( 'NONE', #3288, 1000.000000000000000 ) ;
#1550 = LINE ( 'NONE', #3021, #287 ) ;
#1551 = CIRCLE ( 'NONE', #3895, 3.000000000000000888 ) ;
#1552 = DIRECTION ( 'NONE',  ( 0.000000000000000000, 1.000000000000000000, -0.000000000000000000 ) ) ;
#1553 = LINE ( 'NONE', #4106, #671 ) ;
#1554 = DIRECTION ( 'NONE',  ( -0.000000000000000000, 1.000000000000000000, -0.000000000000000000 ) ) ;
#1555 = EDGE_LOOP ( 'NONE', ( #1351, #3692 ) ) ;
#1556 = ORIENTED_EDGE ( 'NONE', *, *, #964, .F. ) ;
#1557 = PLANE ( 'NONE',  #1523 ) ;
#1558 = ADVANCED_FACE ( 'NONE', ( #3748 ), #1105, .F. ) ;
#1559 = PLANE ( 'NONE',  #1487 ) ;
#1560 = LINE ( 'NONE', #1239, #47 ) ;
#1561 = EDGE_LOOP ( 'NONE', ( #3428, #3874, #2581, #3912 ) ) ;
#1562 = VERTEX_POINT ( 'NONE', #237 ) ;
#1563 = LINE ( 'NONE', #2547, #3221 ) ;
#1564 = CARTESIAN_POINT ( 'NONE',  ( 41.49999999999997868, 18.00000000000000000, -85.00000000000000000 ) ) ;
#1565 = CIRCLE ( 'NONE', #2622, 3.000000000000002665 ) ;
#1566 = DIRECTION ( 'NONE',  ( 0.000000000000000000, 0.000000000000000000, -1.000000000000000000 ) ) ;
#1567 = AXIS2_PLACEMENT_3D ( 'NONE', #3542, #670, #2295 ) ;
#1568 = ORIENTED_EDGE ( 'NONE', *, *, #2910, .F. ) ;
#1569 = VECTOR ( 'NONE', #2718, 999.9999999999998863 ) ;
#1570 = CARTESIAN_POINT ( 'NONE',  ( 2.000000000000000000, 8.000000000000000000, -14.99999999999999822 ) ) ;
#1571 = DATE_AND_TIME ( #3167, #165 ) ;
#1572 = EDGE_CURVE ( 'NONE', #109, #1308, #1623, .T. ) ;
#1573 = CARTESIAN_POINT ( 'NONE',  ( -3.784851220313040258E-15, 8.000000000000000000, -11.99999999999999645 ) ) ;
#1574 = LINE ( 'NONE', #3280, #1672 ) ;
#1575 = EDGE_CURVE ( 'NONE', #849, #790, #1283, .T. ) ;
#1576 = ORIENTED_EDGE ( 'NONE', *, *, #2902, .F. ) ;
#1577 = ORIENTED_EDGE ( 'NONE', *, *, #4004, .T. ) ;
#1578 = CARTESIAN_POINT ( 'NONE',  ( 120.0000000000000142, 30.00000000000000000, -2.999999999999999556 ) ) ;
#1579 = ADVANCED_FACE ( 'NONE', ( #3456 ), #3412, .F. ) ;
#1580 = CARTESIAN_POINT ( 'NONE',  ( 95.99999999999997158, 6.999999999999999112, -80.00000000000000000 ) ) ;
#1581 = CARTESIAN_POINT ( 'NONE',  ( 0.000000000000000000, 8.000000000000000000, 0.000000000000000000 ) ) ;
#1582 = ORIENTED_EDGE ( 'NONE', *, *, #3200, .F. ) ;
#1583 = ORIENTED_EDGE ( 'NONE', *, *, #2846, .T. ) ;
#1584 = CARTESIAN_POINT ( 'NONE',  ( 4.999999999999997335, 2.000000000000000000, -50.39999999999998437 ) ) ;
#1585 = DIRECTION ( 'NONE',  ( 0.000000000000000000, 0.000000000000000000, -1.000000000000000000 ) ) ;
#1586 = AXIS2_PLACEMENT_3D ( 'NONE', #1650, #1686, #3937 ) ;
#1587 = ORIENTED_EDGE ( 'NONE', *, *, #2922, .F. ) ;
#1588 = EDGE_CURVE ( 'NONE', #1638, #659, #856, .T. ) ;
#1589 = DIRECTION ( 'NONE',  ( -1.000000000000000000, 0.000000000000000000, 0.000000000000000000 ) ) ;
#1590 = CYLINDRICAL_SURFACE ( 'NONE', #2691, 3.000000000000002665 ) ;
#1591 = LINE ( 'NONE', #1357, #1133 ) ;
#1592 = EDGE_CURVE ( 'NONE', #3208, #191, #3226, .T. ) ;
#1593 = ORIENTED_EDGE ( 'NONE', *, *, #521, .F. ) ;
#1594 = VERTEX_POINT ( 'NONE', #953 ) ;
#1595 = FACE_BOUND ( 'NONE', #2352, .T. ) ;
#1596 = VECTOR ( 'NONE', #2742, 1000.000000000000000 ) ;
#1597 = DIRECTION ( 'NONE',  ( 0.000000000000000000, 0.000000000000000000, -1.000000000000000000 ) ) ;
#1598 = DIRECTION ( 'NONE',  ( -0.000000000000000000, -0.000000000000000000, -1.000000000000000000 ) ) ;
#1599 = VERTEX_POINT ( 'NONE', #1617 ) ;
#1600 = ORIENTED_EDGE ( 'NONE', *, *, #3442, .T. ) ;
#1601 = DIRECTION ( 'NONE',  ( 1.000000000000000000, 0.000000000000000000, 0.000000000000000000 ) ) ;
#1602 = CYLINDRICAL_SURFACE ( 'NONE', #1484, 3.000000000000002665 ) ;
#1603 = ADVANCED_FACE ( 'NONE', ( #2247 ), #1217, .F. ) ;
#1604 = AXIS2_PLACEMENT_3D ( 'NONE', #3446, #509, #2495 ) ;
#1605 = ORIENTED_EDGE ( 'NONE', *, *, #2897, .T. ) ;
#1606 = CIRCLE ( 'NONE', #1811, 3.199999999999994404 ) ;
#1607 = CARTESIAN_POINT ( 'NONE',  ( 96.04016587953708495, 18.98930879086201884, -10.00000000000000000 ) ) ;
#1608 = VECTOR ( 'NONE', #4067, 1000.000000000000000 ) ;
#1609 = DIRECTION ( 'NONE',  ( 0.000000000000000000, 0.000000000000000000, 1.000000000000000000 ) ) ;
#1610 = DIRECTION ( 'NONE',  ( 0.000000000000000000, 0.000000000000000000, 1.000000000000000000 ) ) ;
#1611 = EDGE_LOOP ( 'NONE', ( #1535, #1829, #3357, #3158 ) ) ;
#1612 = AXIS2_PLACEMENT_3D ( 'NONE', #1402, #750, #1448 ) ;
#1613 = ORIENTED_EDGE ( 'NONE', *, *, #3476, .F. ) ;
#1614 = VECTOR ( 'NONE', #1711, 1000.000000000000000 ) ;
#1615 = FACE_OUTER_BOUND ( 'NONE', #2816, .T. ) ;
#1616 = CIRCLE ( 'NONE', #337, 3.000000000000002665 ) ;
#1617 = CARTESIAN_POINT ( 'NONE',  ( 2.000000000000000000, 2.000000000000000000, -14.99999999999999822 ) ) ;
#1618 = LINE ( 'NONE', #4155, #584 ) ;
#1619 = ORIENTED_EDGE ( 'NONE', *, *, #3877, .F. ) ;
#1620 = ORIENTED_EDGE ( 'NONE', *, *, #2756, .F. ) ;
#1621 = VERTEX_POINT ( 'NONE', #4114 ) ;
#1622 = FACE_OUTER_BOUND ( 'NONE', #2019, .T. ) ;
#1623 = CIRCLE ( 'NONE', #2226, 5.999999999999998224 ) ;
#1624 = ADVANCED_FACE ( 'NONE', ( #3853 ), #1559, .T. ) ;
#1625 = AXIS2_PLACEMENT_3D ( 'NONE', #2046, #3012, #2743 ) ;
#1626 = ORIENTED_EDGE ( 'NONE', *, *, #1413, .F. ) ;
#1627 = VECTOR ( 'NONE', #2375, 1000.000000000000000 ) ;
#1628 = CARTESIAN_POINT ( 'NONE',  ( 72.99999999999998579, 2.000000000000000000, -80.00000000000000000 ) ) ;
#1629 = DIRECTION ( 'NONE',  ( 1.000000000000000000, 0.000000000000000000, 0.000000000000000000 ) ) ;
#1630 = EDGE_LOOP ( 'NONE', ( #2166, #2702, #3299, #618 ) ) ;
#1631 = VERTEX_POINT ( 'NONE', #2819 ) ;
#1632 = CYLINDRICAL_SURFACE ( 'NONE', #2377, 3.000000000000002665 ) ;
#1633 = LINE ( 'NONE', #104, #3968 ) ;
#1634 = DIRECTION ( 'NONE',  ( 0.000000000000000000, 0.000000000000000000, -1.000000000000000000 ) ) ;
#1635 = ORIENTED_EDGE ( 'NONE', *, *, #223, .T. ) ;
#1636 = ORIENTED_EDGE ( 'NONE', *, *, #1637, .T. ) ;
#1637 = EDGE_CURVE ( 'NONE', #659, #1562, #3173, .T. ) ;
#1638 = VERTEX_POINT ( 'NONE', #1238 ) ;
#1639 = AXIS2_PLACEMENT_3D ( 'NONE', #890, #2446, #3398 ) ;
#1640 = ORIENTED_EDGE ( 'NONE', *, *, #2829, .T. ) ;
#1641 = CARTESIAN_POINT ( 'NONE',  ( 90.08173892140095518, 13.48963826180039227, -10.00000000000000000 ) ) ;
#1642 = EDGE_CURVE ( 'NONE', #191, #470, #293, .T. ) ;
#1643 = ORIENTED_EDGE ( 'NONE', *, *, #4156, .F. ) ;
#1644 = CC_DESIGN_APPROVAL ( #2018, ( #3521 ) ) ;
#1645 = PLANE ( 'NONE',  #3087 ) ;
#1646 = LOCAL_TIME ( 12, 43, 22.00000000000000000, #151 ) ;
#1647 = CARTESIAN_POINT ( 'NONE',  ( 23.00000000000000000, 7.000000000000000000, -80.00000000000000000 ) ) ;
#1648 = EDGE_CURVE ( 'NONE', #3044, #1134, #2264, .T. ) ;
#1649 = ORIENTED_EDGE ( 'NONE', *, *, #3863, .T. ) ;
#1650 = CARTESIAN_POINT ( 'NONE',  ( 106.5000000000000142, 0.000000000000000000, -7.399999999999997691 ) ) ;
#1651 = FACE_OUTER_BOUND ( 'NONE', #2865, .T. ) ;
#1652 = DIRECTION ( 'NONE',  ( 0.000000000000000000, 0.000000000000000000, 1.000000000000000000 ) ) ;
#1653 = EDGE_LOOP ( 'NONE', ( #2498, #1893, #3495, #129 ) ) ;
#1654 = ORIENTED_EDGE ( 'NONE', *, *, #376, .T. ) ;
#1655 = EDGE_LOOP ( 'NONE', ( #3144, #3822, #1451, #88 ) ) ;
#1656 = EDGE_CURVE ( 'NONE', #2759, #1097, #2207, .T. ) ;
#1657 = VERTEX_POINT ( 'NONE', #326 ) ;
#1658 = DIRECTION ( 'NONE',  ( 1.000000000000000000, 0.000000000000000000, 0.000000000000000000 ) ) ;
#1659 = ORIENTED_EDGE ( 'NONE', *, *, #2210, .T. ) ;
#1660 = AXIS2_PLACEMENT_3D ( 'NONE', #3990, #386, #1094 ) ;
#1661 = CIRCLE ( 'NONE', #2211, 3.000000000000000444 ) ;
#1662 = ADVANCED_FACE ( 'NONE', ( #3156 ), #3491, .F. ) ;
#1663 = DIRECTION ( 'NONE',  ( 0.9999999984711560597, -5.529636409518461884E-05, 0.000000000000000000 ) ) ;
#1664 = CARTESIAN_POINT ( 'NONE',  ( 5.000000000000000000, 2.000000000000001776, -80.00000000000000000 ) ) ;
#1665 = EDGE_LOOP ( 'NONE', ( #4175, #4085, #2329, #3813 ) ) ;
#1666 = CIRCLE ( 'NONE', #2883, 1.249999999999999334 ) ;
#1667 = DIRECTION ( 'NONE',  ( -1.224510688924804848E-16, 0.000000000000000000, 1.000000000000000000 ) ) ;
#1668 = DIRECTION ( 'NONE',  ( -0.000000000000000000, -0.000000000000000000, 1.000000000000000000 ) ) ;
#1669 = CARTESIAN_POINT ( 'NONE',  ( 74.50000000000000000, 18.00000000000000000, -80.00000000000000000 ) ) ;
#1670 = CARTESIAN_POINT ( 'NONE',  ( 5.000000000000000000, 2.000000000000000000, -83.00000000000000000 ) ) ;
#1671 = ORIENTED_EDGE ( 'NONE', *, *, #652, .F. ) ;
#1672 = VECTOR ( 'NONE', #2555, 1000.000000000000000 ) ;
#1673 = ORIENTED_EDGE ( 'NONE', *, *, #403, .F. ) ;
#1674 = VERTEX_POINT ( 'NONE', #598 ) ;
#1675 = ORIENTED_EDGE ( 'NONE', *, *, #942, .T. ) ;
#1676 = CYLINDRICAL_SURFACE ( 'NONE', #1942, 3.000000000000002665 ) ;
#1677 = FACE_OUTER_BOUND ( 'NONE', #1947, .T. ) ;
#1678 = VECTOR ( 'NONE', #903, 1000.000000000000000 ) ;
#1679 = CIRCLE ( 'NONE', #1824, 1.250000000000001110 ) ;
#1680 = EDGE_LOOP ( 'NONE', ( #1654, #896, #3628, #1970 ) ) ;
#1681 = DIRECTION ( 'NONE',  ( -0.000000000000000000, 1.000000000000000000, -0.000000000000000000 ) ) ;
#1682 = PLANE ( 'NONE',  #3541 ) ;
#1683 = CARTESIAN_POINT ( 'NONE',  ( 89.99999999999997158, 2.000000000000000000, -63.00000000000001421 ) ) ;
#1684 = AXIS2_PLACEMENT_3D ( 'NONE', #207, #2098, #1195 ) ;
#1685 = EDGE_CURVE ( 'NONE', #787, #1051, #3844, .T. ) ;
#1686 = DIRECTION ( 'NONE',  ( 0.000000000000000000, -1.000000000000000000, 0.000000000000000000 ) ) ;
#1687 = DIRECTION ( 'NONE',  ( 0.000000000000000000, 0.000000000000000000, -1.000000000000000000 ) ) ;
#1688 = DIRECTION ( 'NONE',  ( 1.000000000000000000, 0.000000000000000000, 0.000000000000000000 ) ) ;
#1689 = AXIS2_PLACEMENT_3D ( 'NONE', #2809, #3125, #1098 ) ;
#1690 = DIRECTION ( 'NONE',  ( 0.000000000000000000, 0.000000000000000000, 1.000000000000000000 ) ) ;
#1691 = CIRCLE ( 'NONE', #1761, 3.000000000000002665 ) ;
#1692 = EDGE_LOOP ( 'NONE', ( #1923, #680 ) ) ;
#1693 = VERTEX_POINT ( 'NONE', #1255 ) ;
#1694 = ORIENTED_EDGE ( 'NONE', *, *, #2104, .F. ) ;
#1695 = EDGE_CURVE ( 'NONE', #1715, #1056, #2542, .T. ) ;
#1696 = ORIENTED_EDGE ( 'NONE', *, *, #656, .F. ) ;
#1697 = FACE_OUTER_BOUND ( 'NONE', #1851, .T. ) ;
#1698 = CARTESIAN_POINT ( 'NONE',  ( 98.99999999999997158, 2.000000000000000000, -47.39999999999999858 ) ) ;
#1699 = LINE ( 'NONE', #3950, #2091 ) ;
#1700 = ORIENTED_EDGE ( 'NONE', *, *, #3841, .T. ) ;
#1701 = ORIENTED_EDGE ( 'NONE', *, *, #705, .F. ) ;
#1702 = DIRECTION ( 'NONE',  ( 0.000000000000000000, -1.000000000000000000, 0.000000000000000000 ) ) ;
#1703 = DIRECTION ( 'NONE',  ( 0.000000000000000000, 1.000000000000000000, -0.000000000000000000 ) ) ;
#1704 = PLANE ( 'NONE',  #1348 ) ;
#1705 = EDGE_CURVE ( 'NONE', #2891, #1693, #14, .T. ) ;
#1706 = EDGE_CURVE ( 'NONE', #2286, #108, #1959, .T. ) ;
#1707 = EDGE_CURVE ( 'NONE', #2297, #11, #271, .T. ) ;
#1708 = DIRECTION ( 'NONE',  ( 0.000000000000000000, -1.000000000000000000, 0.000000000000000000 ) ) ;
#1709 = ADVANCED_FACE ( 'NONE', ( #3795, #3192 ), #310, .T. ) ;
#1710 = LINE ( 'NONE', #443, #3286 ) ;
#1711 = DIRECTION ( 'NONE',  ( -1.224510688924804848E-16, 0.000000000000000000, 1.000000000000000000 ) ) ;
#1712 = DIRECTION ( 'NONE',  ( 0.000000000000000000, 0.000000000000000000, -1.000000000000000000 ) ) ;
#1713 = ORIENTED_EDGE ( 'NONE', *, *, #3502, .F. ) ;
#1714 = ORIENTED_EDGE ( 'NONE', *, *, #2219, .T. ) ;
#1715 = VERTEX_POINT ( 'NONE', #1276 ) ;
#1716 = ORIENTED_EDGE ( 'NONE', *, *, #3089, .T. ) ;
#1717 = CYLINDRICAL_SURFACE ( 'NONE', #3763, 3.000000000000002665 ) ;
#1718 = DIRECTION ( 'NONE',  ( 0.000000000000000000, 0.000000000000000000, -1.000000000000000000 ) ) ;
#1719 = DIRECTION ( 'NONE',  ( 1.000000000000000000, 0.000000000000000000, 0.000000000000000000 ) ) ;
#1720 = ORIENTED_EDGE ( 'NONE', *, *, #4149, .T. ) ;
#1721 = APPLICATION_CONTEXT ( 'configuration controlled 3d designs of mechanical parts and assemblies' ) ;
#1722 = AXIS2_PLACEMENT_3D ( 'NONE', #734, #3660, #3981 ) ;
#1723 = VERTEX_POINT ( 'NONE', #1539 ) ;
#1724 = CARTESIAN_POINT ( 'NONE',  ( 2.000000000000000000, 30.00000000000000000, -53.39999999999999147 ) ) ;
#1725 = AXIS2_PLACEMENT_3D ( 'NONE', #3212, #2596, #329 ) ;
#1726 = EDGE_CURVE ( 'NONE', #1386, #215, #2188, .T. ) ;
#1727 = CARTESIAN_POINT ( 'NONE',  ( 116.0000000000000000, 21.50000000000000000, -5.250000000000000888 ) ) ;
#1728 = DIRECTION ( 'NONE',  ( -0.000000000000000000, 1.000000000000000000, -0.000000000000000000 ) ) ;
#1729 = VECTOR ( 'NONE', #1519, 1000.000000000000000 ) ;
#1730 = DIRECTION ( 'NONE',  ( 0.000000000000000000, 0.000000000000000000, 1.000000000000000000 ) ) ;
#1731 = CARTESIAN_POINT ( 'NONE',  ( 114.0000000000000000, 30.00000000000000000, -4.999999999999999112 ) ) ;
#1732 = DIRECTION ( 'NONE',  ( -0.000000000000000000, -0.000000000000000000, 1.000000000000000000 ) ) ;
#1733 = CARTESIAN_POINT ( 'NONE',  ( 116.0000000000000000, 30.00000000000000000, -81.00000000000000000 ) ) ;
#1734 = ORIENTED_EDGE ( 'NONE', *, *, #1160, .T. ) ;
#1735 = VERTEX_POINT ( 'NONE', #2838 ) ;
#1736 = ORIENTED_EDGE ( 'NONE', *, *, #811, .T. ) ;
#1737 = CARTESIAN_POINT ( 'NONE',  ( 23.00000000000000000, 8.000000000000000000, -76.99999999999998579 ) ) ;
#1738 = DIRECTION ( 'NONE',  ( -0.9999999984711561707, 5.529636409451376875E-05, 0.000000000000000000 ) ) ;
#1739 = VECTOR ( 'NONE', #1832, 1000.000000000000000 ) ;
#1740 = CYLINDRICAL_SURFACE ( 'NONE', #3449, 3.000000000000002665 ) ;
#1741 = VERTEX_POINT ( 'NONE', #4135 ) ;
#1742 = EDGE_CURVE ( 'NONE', #2186, #2993, #3885, .T. ) ;
#1743 = AXIS2_PLACEMENT_3D ( 'NONE', #426, #1968, #3246 ) ;
#1744 = DIRECTION ( 'NONE',  ( 0.000000000000000000, 0.000000000000000000, -1.000000000000000000 ) ) ;
#1745 = CIRCLE ( 'NONE', #2486, 3.000000000000002665 ) ;
#1746 = CARTESIAN_POINT ( 'NONE',  ( 75.99999999999998579, 8.000000000000000000, -66.00000000000000000 ) ) ;
#1747 = EDGE_CURVE ( 'NONE', #2878, #1621, #3101, .T. ) ;
#1748 = DIRECTION ( 'NONE',  ( 0.000000000000000000, 0.000000000000000000, -1.000000000000000000 ) ) ;
#1749 = DIRECTION ( 'NONE',  ( 1.000000000000000000, 0.000000000000000000, 0.000000000000000000 ) ) ;
#1750 = VECTOR ( 'NONE', #1585, 1000.000000000000000 ) ;
#1751 = CARTESIAN_POINT ( 'NONE',  ( 98.99999999999997158, 8.000000000000000000, -47.39999999999999858 ) ) ;
#1752 = VECTOR ( 'NONE', #2874, 1000.000000000000000 ) ;
#1753 = DIRECTION ( 'NONE',  ( 0.000000000000000000, 0.000000000000000000, 1.000000000000000000 ) ) ;
#1754 = DIRECTION ( 'NONE',  ( 0.000000000000000000, 0.000000000000000000, 1.000000000000000000 ) ) ;
#1755 = DIRECTION ( 'NONE',  ( 0.000000000000000000, -0.000000000000000000, 1.000000000000000000 ) ) ;
#1756 = EDGE_LOOP ( 'NONE', ( #3332, #1472, #3066, #3481 ) ) ;
#1757 = CIRCLE ( 'NONE', #1837, 3.000000000000000888 ) ;
#1758 = EDGE_LOOP ( 'NONE', ( #447, #3102 ) ) ;
#1759 = VERTEX_POINT ( 'NONE', #48 ) ;
#1760 = LINE ( 'NONE', #2366, #1548 ) ;
#1761 = AXIS2_PLACEMENT_3D ( 'NONE', #1664, #3259, #2945 ) ;
#1762 = DIRECTION ( 'NONE',  ( 1.156482317317871133E-15, 0.000000000000000000, -1.000000000000000000 ) ) ;
#1763 = DIRECTION ( 'NONE',  ( 0.000000000000000000, 0.000000000000000000, -1.000000000000000000 ) ) ;
#1764 = ORIENTED_EDGE ( 'NONE', *, *, #2229, .F. ) ;
#1765 = EDGE_CURVE ( 'NONE', #1674, #2597, #1066, .T. ) ;
#1766 = DIRECTION ( 'NONE',  ( 0.000000000000000000, 0.000000000000000000, 1.000000000000000000 ) ) ;
#1767 = EDGE_CURVE ( 'NONE', #1814, #3857, #669, .T. ) ;
#1768 = ORIENTED_EDGE ( 'NONE', *, *, #224, .T. ) ;
#1769 = EDGE_CURVE ( 'NONE', #2382, #3675, #1633, .T. ) ;
#1770 = DIRECTION ( 'NONE',  ( -0.000000000000000000, -0.000000000000000000, 1.000000000000000000 ) ) ;
#1771 = ORIENTED_EDGE ( 'NONE', *, *, #3103, .T. ) ;
#1772 = DIRECTION ( 'NONE',  ( -0.000000000000000000, 1.000000000000000000, -0.000000000000000000 ) ) ;
#1773 = DIRECTION ( 'NONE',  ( -0.000000000000000000, 1.000000000000000000, -0.000000000000000000 ) ) ;
#1774 = FACE_OUTER_BOUND ( 'NONE', #1977, .T. ) ;
#1775 = EDGE_CURVE ( 'NONE', #1693, #697, #340, .T. ) ;
#1776 = CARTESIAN_POINT ( 'NONE',  ( 19.00000000000000000, 2.000000000000000000, -1.999999999999999556 ) ) ;
#1777 = CARTESIAN_POINT ( 'NONE',  ( 108.8489367685222220, 8.000000000000000000, -77.00000000000000000 ) ) ;
#1778 = DIRECTION ( 'NONE',  ( 0.000000000000000000, 0.000000000000000000, -1.000000000000000000 ) ) ;
#1779 = ORIENTED_EDGE ( 'NONE', *, *, #3852, .F. ) ;
#1780 = VECTOR ( 'NONE', #3287, 1000.000000000000000 ) ;
#1781 = ORIENTED_EDGE ( 'NONE', *, *, #2584, .F. ) ;
#1782 = ORIENTED_EDGE ( 'NONE', *, *, #2584, .T. ) ;
#1783 = CARTESIAN_POINT ( 'NONE',  ( 4.513124676099688870E-15, 21.48999999999995580, -1.999999999999999556 ) ) ;
#1784 = FACE_OUTER_BOUND ( 'NONE', #638, .T. ) ;
#1785 = CARTESIAN_POINT ( 'NONE',  ( 71.04000000000006310, 18.98999999999999844, -2.000000000000000000 ) ) ;
#1786 = ORIENTED_EDGE ( 'NONE', *, *, #3041, .F. ) ;
#1787 = EDGE_CURVE ( 'NONE', #536, #1051, #1071, .T. ) ;
#1788 = EDGE_CURVE ( 'NONE', #538, #3967, #3566, .T. ) ;
#1789 = DIRECTION ( 'NONE',  ( -0.000000000000000000, 1.000000000000000000, -0.000000000000000000 ) ) ;
#1790 = ORIENTED_EDGE ( 'NONE', *, *, #587, .T. ) ;
#1791 = DIRECTION ( 'NONE',  ( 1.000000000000000000, 0.000000000000000000, 0.000000000000000000 ) ) ;
#1792 = PERSON ( 'UNSPECIFIED', 'UNSPECIFIED', 'UNSPECIFIED', ('UNSPECIFIED'), ('UNSPECIFIED'), ('UNSPECIFIED') ) ;
#1793 = ADVANCED_FACE ( 'NONE', ( #1383 ), #757, .F. ) ;
#1794 = ORIENTED_EDGE ( 'NONE', *, *, #279, .F. ) ;
#1795 = VECTOR ( 'NONE', #217, 1000.000000000000000 ) ;
#1796 = DIRECTION ( 'NONE',  ( 0.000000000000000000, 0.000000000000000000, 1.000000000000000000 ) ) ;
#1797 = CARTESIAN_POINT ( 'NONE',  ( 0.000000000000000000, 2.000000000000000000, -63.00000000000000000 ) ) ;
#1798 = CARTESIAN_POINT ( 'NONE',  ( 120.0000000000000142, 30.00000000000000000, 8.572527594031484037E-16 ) ) ;
#1799 = EDGE_CURVE ( 'NONE', #914, #1885, #2674, .T. ) ;
#1800 = DIRECTION ( 'NONE',  ( -0.000000000000000000, -1.000000000000000000, 0.000000000000000000 ) ) ;
#1801 = DIRECTION ( 'NONE',  ( 0.000000000000000000, 0.000000000000000000, 1.000000000000000000 ) ) ;
#1802 = CIRCLE ( 'NONE', #2737, 1.250000000000001110 ) ;
#1803 = CARTESIAN_POINT ( 'NONE',  ( 101.9999999999999858, 2.000000000000000000, -43.39999999999999858 ) ) ;
#1804 = ORIENTED_EDGE ( 'NONE', *, *, #1656, .T. ) ;
#1805 = ORIENTED_EDGE ( 'NONE', *, *, #1747, .T. ) ;
#1806 = ORIENTED_EDGE ( 'NONE', *, *, #1706, .T. ) ;
#1807 = DIRECTION ( 'NONE',  ( 0.000000000000000000, -1.000000000000000000, 0.000000000000000000 ) ) ;
#1808 = FACE_OUTER_BOUND ( 'NONE', #1417, .T. ) ;
#1809 = FACE_OUTER_BOUND ( 'NONE', #3415, .T. ) ;
#1810 = ORIENTED_EDGE ( 'NONE', *, *, #886, .T. ) ;
#1811 = AXIS2_PLACEMENT_3D ( 'NONE', #2365, #2979, #3577 ) ;
#1812 = DIRECTION ( 'NONE',  ( -0.000000000000000000, 1.000000000000000000, -0.000000000000000000 ) ) ;
#1813 = AXIS2_PLACEMENT_3D ( 'NONE', #214, #4073, #2783 ) ;
#1814 = VERTEX_POINT ( 'NONE', #1328 ) ;
#1815 = LINE ( 'NONE', #4053, #3685 ) ;
#1816 = CIRCLE ( 'NONE', #3, 5.999999999999998224 ) ;
#1817 = CIRCLE ( 'NONE', #2344, 3.000000000000002665 ) ;
#1818 = VERTEX_POINT ( 'NONE', #695 ) ;
#1819 = FACE_BOUND ( 'NONE', #2635, .T. ) ;
#1820 = CARTESIAN_POINT ( 'NONE',  ( 93.04008293843087074, 18.98947468454089460, 0.000000000000000000 ) ) ;
#1821 = PLANE ( 'NONE',  #147 ) ;
#1822 = VECTOR ( 'NONE', #1130, 1000.000000000000000 ) ;
#1823 = PLANE ( 'NONE',  #3372 ) ;
#1824 = AXIS2_PLACEMENT_3D ( 'NONE', #496, #1474, #1177 ) ;
#1825 = CARTESIAN_POINT ( 'NONE',  ( 111.0000000000000000, 8.000000000000000000, -37.40000000000001279 ) ) ;
#1826 = FACE_OUTER_BOUND ( 'NONE', #3975, .T. ) ;
#1827 = CARTESIAN_POINT ( 'NONE',  ( 33.00000000000000000, 8.000000000000000000, -74.02500000000000568 ) ) ;
#1828 = EDGE_CURVE ( 'NONE', #332, #3878, #1208, .T. ) ;
#1829 = ORIENTED_EDGE ( 'NONE', *, *, #1685, .T. ) ;
#1830 = VERTEX_POINT ( 'NONE', #3625 ) ;
#1831 = ORIENTED_EDGE ( 'NONE', *, *, #3815, .T. ) ;
#1832 = DIRECTION ( 'NONE',  ( 0.000000000000000000, 0.000000000000000000, 1.000000000000000000 ) ) ;
#1833 = DIRECTION ( 'NONE',  ( -4.625929269271485914E-16, 0.000000000000000000, 1.000000000000000000 ) ) ;
#1834 = DIRECTION ( 'NONE',  ( -1.000000000000000000, 0.000000000000000000, 0.000000000000000000 ) ) ;
#1835 = VERTEX_POINT ( 'NONE', #2283 ) ;
#1836 = ADVANCED_FACE ( 'NONE', ( #1651 ), #3569, .F. ) ;
#1837 = AXIS2_PLACEMENT_3D ( 'NONE', #1079, #3634, #1763 ) ;
#1838 = CARTESIAN_POINT ( 'NONE',  ( 97.00000000000000000, 30.00000000000000000, -4.999999999999999112 ) ) ;
#1839 = CARTESIAN_POINT ( 'NONE',  ( 0.000000000000000000, 8.000000000000000000, 0.000000000000000000 ) ) ;
#1840 = CARTESIAN_POINT ( 'NONE',  ( 101.9999999999999858, 8.000000000000000000, -40.39999999999999858 ) ) ;
#1841 = VERTEX_POINT ( 'NONE', #1006 ) ;
#1842 = VECTOR ( 'NONE', #3759, 1000.000000000000000 ) ;
#1843 = CYLINDRICAL_SURFACE ( 'NONE', #2568, 3.000000000000002665 ) ;
#1844 =( NAMED_UNIT ( * ) SI_UNIT ( $, .STERADIAN. ) SOLID_ANGLE_UNIT ( ) );
#1845 = EDGE_CURVE ( 'NONE', #4108, #3426, #2929, .T. ) ;
#1846 = CARTESIAN_POINT ( 'NONE',  ( 76.99812283724270401, 10.49000000000000199, -2.000000000000000000 ) ) ;
#1847 = DIRECTION ( 'NONE',  ( -3.154042683594200544E-16, 0.000000000000000000, -1.000000000000000000 ) ) ;
#1848 = LINE ( 'NONE', #801, #3145 ) ;
#1849 = EDGE_CURVE ( 'NONE', #951, #2841, #1817, .T. ) ;
#1850 = ORIENTED_EDGE ( 'NONE', *, *, #1726, .T. ) ;
#1851 = EDGE_LOOP ( 'NONE', ( #2528, #919, #2565, #39 ) ) ;
#1852 = EDGE_CURVE ( 'NONE', #1175, #3426, #3781, .T. ) ;
#1853 = EDGE_LOOP ( 'NONE', ( #45, #1805, #700, #1806 ) ) ;
#1854 = DIRECTION ( 'NONE',  ( -0.000000000000000000, 1.000000000000000000, -0.000000000000000000 ) ) ;
#1855 = FACE_OUTER_BOUND ( 'NONE', #3468, .T. ) ;
#1856 = DIRECTION ( 'NONE',  ( -1.000000000000000000, 0.000000000000000000, -0.000000000000000000 ) ) ;
#1857 = VERTEX_POINT ( 'NONE', #2005 ) ;
#1858 = EDGE_CURVE ( 'NONE', #1335, #3969, #86, .T. ) ;
#1859 = AXIS2_PLACEMENT_3D ( 'NONE', #3601, #3644, #2611 ) ;
#1860 = CARTESIAN_POINT ( 'NONE',  ( 116.0000000000000000, 20.74892422621554999, -81.00000000000000000 ) ) ;
#1861 = CARTESIAN_POINT ( 'NONE',  ( 93.03975116024631120, 12.98947469371396224, -2.000000000000000000 ) ) ;
#1862 = DIRECTION ( 'NONE',  ( -0.000000000000000000, 1.000000000000000000, -0.000000000000000000 ) ) ;
#1863 = ORIENTED_EDGE ( 'NONE', *, *, #2961, .F. ) ;
#1864 = ADVANCED_FACE ( 'NONE', ( #3939 ), #1046, .T. ) ;
#1865 = FACE_OUTER_BOUND ( 'NONE', #1191, .T. ) ;
#1866 = DATE_TIME_ROLE ( 'classification_date' ) ;
#1867 = DIRECTION ( 'NONE',  ( -0.000000000000000000, 1.000000000000000000, -0.000000000000000000 ) ) ;
#1868 = PLANE ( 'NONE',  #336 ) ;
#1869 = CIRCLE ( 'NONE', #580, 3.000000000000002665 ) ;
#1870 = CARTESIAN_POINT ( 'NONE',  ( 9.500000000000008882, 8.000000000000000000, -7.399999999999987921 ) ) ;
#1871 = ORIENTED_EDGE ( 'NONE', *, *, #1322, .F. ) ;
#1872 = ORIENTED_EDGE ( 'NONE', *, *, #2955, .T. ) ;
#1873 = ORIENTED_EDGE ( 'NONE', *, *, #4008, .T. ) ;
#1874 = DIRECTION ( 'NONE',  ( -0.000000000000000000, -0.000000000000000000, 1.000000000000000000 ) ) ;
#1875 = CIRCLE ( 'NONE', #2466, 1.024999999999998135 ) ;
#1876 = DIRECTION ( 'NONE',  ( -0.000000000000000000, 1.000000000000000000, -0.000000000000000000 ) ) ;
#1877 = DIRECTION ( 'NONE',  ( -0.000000000000000000, 1.000000000000000000, 0.000000000000000000 ) ) ;
#1878 = ORIENTED_EDGE ( 'NONE', *, *, #2219, .F. ) ;
#1879 = AXIS2_PLACEMENT_3D ( 'NONE', #3812, #853, #2800 ) ;
#1880 = CARTESIAN_POINT ( 'NONE',  ( 88.00000000000000000, -8.000000000000000000, -28.20000000000002061 ) ) ;
#1881 = DIRECTION ( 'NONE',  ( 0.000000000000000000, 0.000000000000000000, 1.000000000000000000 ) ) ;
#1882 = AXIS2_PLACEMENT_3D ( 'NONE', #2706, #233, #513 ) ;
#1883 = EDGE_CURVE ( 'NONE', #3390, #388, #1435, .T. ) ;
#1884 = DIRECTION ( 'NONE',  ( 0.000000000000000000, 0.000000000000000000, -1.000000000000000000 ) ) ;
#1885 = VERTEX_POINT ( 'NONE', #2470 ) ;
#1886 = EDGE_CURVE ( 'NONE', #2634, #213, #3399, .T. ) ;
#1887 = AXIS2_PLACEMENT_3D ( 'NONE', #145, #1791, #2735 ) ;
#1888 = EDGE_CURVE ( 'NONE', #3803, #2202, #3039, .T. ) ;
#1889 = AXIS2_PLACEMENT_3D ( 'NONE', #3329, #3624, #3038 ) ;
#1890 = DIRECTION ( 'NONE',  ( -1.000000000000000000, 0.000000000000000000, 0.000000000000000000 ) ) ;
#1891 = DIRECTION ( 'NONE',  ( 0.000000000000000000, 0.000000000000000000, -1.000000000000000000 ) ) ;
#1892 = CARTESIAN_POINT ( 'NONE',  ( -4.371503159461552616E-14, 2.000000000000000000, -62.99999999999994316 ) ) ;
#1893 = ORIENTED_EDGE ( 'NONE', *, *, #399, .T. ) ;
#1894 = EDGE_LOOP ( 'NONE', ( #3631, #4177 ) ) ;
#1895 = FACE_OUTER_BOUND ( 'NONE', #3953, .T. ) ;
#1896 = DIRECTION ( 'NONE',  ( -0.000000000000000000, -0.000000000000000000, 1.000000000000000000 ) ) ;
#1897 = PLANE ( 'NONE',  #4026 ) ;
#1898 = ORIENTED_EDGE ( 'NONE', *, *, #816, .F. ) ;
#1899 = EDGE_LOOP ( 'NONE', ( #1863, #2563, #3882, #2905 ) ) ;
#1900 = CYLINDRICAL_SURFACE ( 'NONE', #869, 3.000000000000002665 ) ;
#1901 = CARTESIAN_POINT ( 'NONE',  ( 9.500000000000010658, 8.000000000000000000, -45.39999999999998437 ) ) ;
#1902 = EDGE_CURVE ( 'NONE', #1445, #1830, #1461, .T. ) ;
#1903 = ADVANCED_FACE ( 'NONE', ( #2111 ), #3085, .F. ) ;
#1904 = EDGE_CURVE ( 'NONE', #69, #1396, #2497, .T. ) ;
#1905 = VERTEX_POINT ( 'NONE', #3760 ) ;
#1906 = CONICAL_SURFACE ( 'NONE', #353, 1.250000000000001110, 1.029744258676653423 ) ;
#1907 = EDGE_CURVE ( 'NONE', #111, #1180, #1166, .T. ) ;
#1908 = DIRECTION ( 'NONE',  ( 0.000000000000000000, 0.000000000000000000, 1.000000000000000000 ) ) ;
#1909 = DIRECTION ( 'NONE',  ( 0.000000000000000000, 0.000000000000000000, 1.000000000000000000 ) ) ;
#1910 = DIRECTION ( 'NONE',  ( 0.000000000000000000, 0.000000000000000000, 1.000000000000000000 ) ) ;
#1911 = ORIENTED_EDGE ( 'NONE', *, *, #1742, .T. ) ;
#1912 = ORIENTED_EDGE ( 'NONE', *, *, #3420, .T. ) ;
#1913 = EDGE_CURVE ( 'NONE', #719, #1759, #342, .T. ) ;
#1914 = CARTESIAN_POINT ( 'NONE',  ( 0.000000000000000000, 12.99000000000000199, -1.999999999999999556 ) ) ;
#1915 = DIRECTION ( 'NONE',  ( -0.000000000000000000, 1.000000000000000000, -0.000000000000000000 ) ) ;
#1916 = CARTESIAN_POINT ( 'NONE',  ( 0.000000000000000000, 30.00000000000000000, -4.000000000000000000 ) ) ;
#1917 = EDGE_LOOP ( 'NONE', ( #90, #3091, #1349, #1492 ) ) ;
#1918 = EDGE_LOOP ( 'NONE', ( #2834, #2347, #2933, #167 ) ) ;
#1919 = CARTESIAN_POINT ( 'NONE',  ( 103.0000000000000142, 8.000000000000000000, -12.00000000000000000 ) ) ;
#1920 = DIRECTION ( 'NONE',  ( -0.000000000000000000, 1.000000000000000000, -0.000000000000000000 ) ) ;
#1921 = EDGE_CURVE ( 'NONE', #3614, #89, #821, .T. ) ;
#1922 = CIRCLE ( 'NONE', #1305, 5.999999999999998224 ) ;
#1923 = ORIENTED_EDGE ( 'NONE', *, *, #1572, .F. ) ;
#1924 = LINE ( 'NONE', #3505, #3035 ) ;
#1925 = CALENDAR_DATE ( 2023, 18, 8 ) ;
#1926 = CARTESIAN_POINT ( 'NONE',  ( 0.000000000000000000, 21.50000000000000000, -4.000000000000000000 ) ) ;
#1927 = ADVANCED_FACE ( 'NONE', ( #154 ), #1490, .T. ) ;
#1928 = CARTESIAN_POINT ( 'NONE',  ( 27.99999999999996803, -8.000000000000000000, -28.20000000000002061 ) ) ;
#1929 = ORIENTED_EDGE ( 'NONE', *, *, #1154, .F. ) ;
#1930 = ORIENTED_EDGE ( 'NONE', *, *, #1147, .F. ) ;
#1931 = DIRECTION ( 'NONE',  ( 0.000000000000000000, 0.000000000000000000, -1.000000000000000000 ) ) ;
#1932 = CARTESIAN_POINT ( 'NONE',  ( 116.0000000000000000, 30.00000000000000000, -81.00000000000000000 ) ) ;
#1933 = LINE ( 'NONE', #989, #647 ) ;
#1934 = ORIENTED_EDGE ( 'NONE', *, *, #3829, .F. ) ;
#1935 = VERTEX_POINT ( 'NONE', #3665 ) ;
#1936 = AXIS2_PLACEMENT_3D ( 'NONE', #937, #2899, #2578 ) ;
#1937 = ORIENTED_EDGE ( 'NONE', *, *, #3755, .F. ) ;
#1938 = CARTESIAN_POINT ( 'NONE',  ( 9.500000000000008882, 8.000000000000000000, -6.149999999999989697 ) ) ;
#1939 = AXIS2_PLACEMENT_3D ( 'NONE', #1870, #912, #79 ) ;
#1940 = DESIGN_CONTEXT ( 'detailed design', #1721, 'design' ) ;
#1941 = ORIENTED_EDGE ( 'NONE', *, *, #2989, .F. ) ;
#1942 = AXIS2_PLACEMENT_3D ( 'NONE', #3907, #1014, #74 ) ;
#1943 = DIRECTION ( 'NONE',  ( 0.000000000000000000, 0.000000000000000000, -1.000000000000000000 ) ) ;
#1944 = VECTOR ( 'NONE', #1874, 1000.000000000000000 ) ;
#1945 = DIRECTION ( 'NONE',  ( -0.000000000000000000, 1.000000000000000000, -0.000000000000000000 ) ) ;
#1946 = EDGE_CURVE ( 'NONE', #609, #1857, #3960, .T. ) ;
#1947 = EDGE_LOOP ( 'NONE', ( #387, #1012, #2736, #2855 ) ) ;
#1948 = ORIENTED_EDGE ( 'NONE', *, *, #1376, .T. ) ;
#1949 = VECTOR ( 'NONE', #1732, 1000.000000000000000 ) ;
#1950 = LINE ( 'NONE', #3172, #660 ) ;
#1951 = VECTOR ( 'NONE', #2270, 1000.000000000000000 ) ;
#1952 = CARTESIAN_POINT ( 'NONE',  ( 106.5000000000000142, 8.000000000000000000, -6.149999999999996803 ) ) ;
#1953 = EDGE_CURVE ( 'NONE', #54, #742, #3352, .T. ) ;
#1954 = LINE ( 'NONE', #2914, #4023 ) ;
#1955 = ORIENTED_EDGE ( 'NONE', *, *, #3062, .F. ) ;
#1956 = ORIENTED_EDGE ( 'NONE', *, *, #1907, .F. ) ;
#1957 = ORIENTED_EDGE ( 'NONE', *, *, #3191, .T. ) ;
#1958 = DIRECTION ( 'NONE',  ( -1.000000000000000000, 0.000000000000000000, 0.000000000000000000 ) ) ;
#1959 = CIRCLE ( 'NONE', #131, 8.499999999999992895 ) ;
#1960 = ORIENTED_EDGE ( 'NONE', *, *, #754, .T. ) ;
#1961 = VECTOR ( 'NONE', #2640, 1000.000000000000000 ) ;
#1962 = AXIS2_PLACEMENT_3D ( 'NONE', #3757, #3783, #2180 ) ;
#1963 = VECTOR ( 'NONE', #3563, 1000.000000000000000 ) ;
#1964 = CARTESIAN_POINT ( 'NONE',  ( 0.001188574302302099987, 21.49461940094865753, 0.000000000000000000 ) ) ;
#1965 = LINE ( 'NONE', #1341, #2431 ) ;
#1966 = EDGE_LOOP ( 'NONE', ( #1299, #3921, #2975, #3170 ) ) ;
#1967 = CARTESIAN_POINT ( 'NONE',  ( 38.84000000000000341, 15.93999999999999950, 0.000000000000000000 ) ) ;
#1968 = DIRECTION ( 'NONE',  ( 0.000000000000000000, 1.000000000000000000, -0.000000000000000000 ) ) ;
#1969 = DIRECTION ( 'NONE',  ( -0.000000000000000000, 1.000000000000000000, -0.000000000000000000 ) ) ;
#1970 = ORIENTED_EDGE ( 'NONE', *, *, #231, .F. ) ;
#1971 = ORIENTED_EDGE ( 'NONE', *, *, #2436, .F. ) ;
#1972 = ORIENTED_EDGE ( 'NONE', *, *, #2804, .T. ) ;
#1973 = ORIENTED_EDGE ( 'NONE', *, *, #2894, .T. ) ;
#1974 = DIRECTION ( 'NONE',  ( 1.000000000000000000, 0.000000000000000000, 0.000000000000000000 ) ) ;
#1975 = ADVANCED_FACE ( 'NONE', ( #1826 ), #1511, .F. ) ;
#1976 = MANIFOLD_SOLID_BREP ( 'M3 Gewindebohrung2', #3774 ) ;
#1977 = EDGE_LOOP ( 'NONE', ( #3014, #3944, #950, #3679, #2505, #1464, #1, #2871 ) ) ;
#1978 = CC_DESIGN_APPROVAL ( #645, ( #3254 ) ) ;
#1979 = DIRECTION ( 'NONE',  ( -0.000000000000000000, 1.000000000000000000, -0.000000000000000000 ) ) ;
#1980 = CYLINDRICAL_SURFACE ( 'NONE', #3178, 3.000000000000002665 ) ;
#1981 = VERTEX_POINT ( 'NONE', #2769 ) ;
#1982 = FACE_OUTER_BOUND ( 'NONE', #1082, .T. ) ;
#1983 = CYLINDRICAL_SURFACE ( 'NONE', #2512, 3.000000000000002665 ) ;
#1984 = DIRECTION ( 'NONE',  ( -1.000000000000000000, 0.000000000000000000, 0.000000000000000000 ) ) ;
#1985 = DIRECTION ( 'NONE',  ( 0.000000000000000000, 0.000000000000000000, 1.000000000000000000 ) ) ;
#1986 = ORIENTED_EDGE ( 'NONE', *, *, #3058, .F. ) ;
#1987 = EDGE_LOOP ( 'NONE', ( #1048, #2425, #2916, #3797, #1514, #626 ) ) ;
#1988 = ORIENTED_EDGE ( 'NONE', *, *, #608, .T. ) ;
#1989 = AXIS2_PLACEMENT_3D ( 'NONE', #2083, #3105, #1483 ) ;
#1990 = ORIENTED_EDGE ( 'NONE', *, *, #3325, .F. ) ;
#1991 = CARTESIAN_POINT ( 'NONE',  ( 111.0000000000000000, 8.000000000000000000, -12.00000000000000000 ) ) ;
#1992 = DIRECTION ( 'NONE',  ( -0.000000000000000000, 1.000000000000000000, -0.000000000000000000 ) ) ;
#1993 = AXIS2_PLACEMENT_3D ( 'NONE', #2199, #891, #1891 ) ;
#1994 = ORIENTED_EDGE ( 'NONE', *, *, #4100, .F. ) ;
#1995 = AXIS2_PLACEMENT_3D ( 'NONE', #3739, #4039, #3690 ) ;
#1996 = DIRECTION ( 'NONE',  ( -0.000000000000000000, -0.000000000000000000, -1.000000000000000000 ) ) ;
#1997 = EDGE_CURVE ( 'NONE', #602, #2983, #3434, .T. ) ;
#1998 = EDGE_CURVE ( 'NONE', #3230, #2480, #2700, .T. ) ;
#1999 = FACE_OUTER_BOUND ( 'NONE', #1653, .T. ) ;
#2000 = LINE ( 'NONE', #2987, #885 ) ;
#2001 = EDGE_CURVE ( 'NONE', #3729, #1356, #1551, .T. ) ;
#2002 = AXIS2_PLACEMENT_3D ( 'NONE', #1469, #3115, #206 ) ;
#2003 = CARTESIAN_POINT ( 'NONE',  ( 117.0000000000000000, 30.00000000000000000, -8.673617379884035472E-16 ) ) ;
#2004 = DIRECTION ( 'NONE',  ( -0.000000000000000000, 1.000000000000000000, -0.000000000000000000 ) ) ;
#2005 = CARTESIAN_POINT ( 'NONE',  ( 88.00000000000000000, 2.000000000000000000, -21.80000000000003268 ) ) ;
#2006 = DIRECTION ( 'NONE',  ( 0.000000000000000000, -1.000000000000000000, 0.000000000000000000 ) ) ;
#2007 = ORIENTED_EDGE ( 'NONE', *, *, #1147, .T. ) ;
#2008 = AXIS2_PLACEMENT_3D ( 'NONE', #2223, #3508, #1610 ) ;
#2009 = ORIENTED_EDGE ( 'NONE', *, *, #3089, .F. ) ;
#2010 = ORIENTED_EDGE ( 'NONE', *, *, #3694, .T. ) ;
#2011 = ORIENTED_EDGE ( 'NONE', *, *, #4022, .F. ) ;
#2012 = DIRECTION ( 'NONE',  ( 0.000000000000000000, 0.000000000000000000, 1.000000000000000000 ) ) ;
#2013 = CARTESIAN_POINT ( 'NONE',  ( 95.99999999999997158, 2.000000000000001776, -80.00000000000000000 ) ) ;
#2014 = AXIS2_PLACEMENT_3D ( 'NONE', #2056, #812, #1744 ) ;
#2015 = DIRECTION ( 'NONE',  ( -0.000000000000000000, -0.000000000000000000, 1.000000000000000000 ) ) ;
#2016 = ORIENTED_EDGE ( 'NONE', *, *, #1431, .T. ) ;
#2017 = VECTOR ( 'NONE', #1766, 1000.000000000000000 ) ;
#2018 = APPROVAL ( #550, 'UNSPECIFIED' ) ;
#2019 = EDGE_LOOP ( 'NONE', ( #3651, #2010, #2190, #1246, #1152, #159 ) ) ;
#2020 = DIRECTION ( 'NONE',  ( 0.000000000000000000, -1.000000000000000000, 0.000000000000000000 ) ) ;
#2021 = EDGE_CURVE ( 'NONE', #1638, #2209, #226, .T. ) ;
#2022 = CARTESIAN_POINT ( 'NONE',  ( 106.5000000000000142, 8.000000000000000000, -8.649999999999998579 ) ) ;
#2023 = FACE_OUTER_BOUND ( 'NONE', #1375, .T. ) ;
#2024 = AXIS2_PLACEMENT_3D ( 'NONE', #875, #3094, #1101 ) ;
#2025 = CARTESIAN_POINT ( 'NONE',  ( 23.00000000000000000, 8.000000000000000000, -66.00000000000000000 ) ) ;
#2026 = DIRECTION ( 'NONE',  ( 0.000000000000000000, 0.000000000000000000, -1.000000000000000000 ) ) ;
#2027 = DIRECTION ( 'NONE',  ( 5.303319243360361186E-16, 1.000000000000000000, 0.000000000000000000 ) ) ;
#2028 = VECTOR ( 'NONE', #3203, 1000.000000000000000 ) ;
#2029 = CYLINDRICAL_SURFACE ( 'NONE', #3546, 8.499999999999996447 ) ;
#2030 = ORIENTED_EDGE ( 'NONE', *, *, #96, .T. ) ;
#2031 = ORIENTED_EDGE ( 'NONE', *, *, #1127, .T. ) ;
#2032 = EDGE_CURVE ( 'NONE', #1830, #849, #3987, .T. ) ;
#2033 = VERTEX_POINT ( 'NONE', #2182 ) ;
#2034 = EDGE_LOOP ( 'NONE', ( #3053, #687, #2569, #469 ) ) ;
#2035 = CARTESIAN_POINT ( 'NONE',  ( 103.0000000000000142, 8.000000000000000000, -9.000000000000001776 ) ) ;
#2036 = CARTESIAN_POINT ( 'NONE',  ( 91.49999999999998579, 18.00000000000000000, -85.00000000000000000 ) ) ;
#2037 = DIRECTION ( 'NONE',  ( 0.9999999984711561707, -5.529636409451376875E-05, 0.000000000000000000 ) ) ;
#2038 = ORIENTED_EDGE ( 'NONE', *, *, #1118, .T. ) ;
#2039 = CARTESIAN_POINT ( 'NONE',  ( 114.0000000000000000, 30.00000000000000000, -80.00000000000000000 ) ) ;
#2040 = CARTESIAN_POINT ( 'NONE',  ( 16.00000000000000000, 2.000000000000000000, -8.999999999999980460 ) ) ;
#2041 = CARTESIAN_POINT ( 'NONE',  ( 114.0000000000000000, 8.000000000000000000, 0.000000000000000000 ) ) ;
#2042 = CARTESIAN_POINT ( 'NONE',  ( 71.04000000000006310, 12.99000000000000199, -2.000000000000000000 ) ) ;
#2043 = VECTOR ( 'NONE', #1044, 1000.000000000000000 ) ;
#2044 = CYLINDRICAL_SURFACE ( 'NONE', #1859, 3.000000000000000000 ) ;
#2045 = CARTESIAN_POINT ( 'NONE',  ( 44.84000000000000341, 15.93999999999999950, -30.00000000000000000 ) ) ;
#2046 = CARTESIAN_POINT ( 'NONE',  ( 88.00000000000000000, 2.000000000000000000, -25.00000000000002487 ) ) ;
#2047 = CARTESIAN_POINT ( 'NONE',  ( 9.500000000000010658, 0.000000000000000000, -45.39999999999998437 ) ) ;
#2048 = VERTEX_POINT ( 'NONE', #2572 ) ;
#2049 = ADVANCED_FACE ( 'NONE', ( #911 ), #1868, .T. ) ;
#2050 = EDGE_LOOP ( 'NONE', ( #4131, #3171, #3843 ) ) ;
#2051 = ORIENTED_EDGE ( 'NONE', *, *, #1849, .F. ) ;
#2052 = CARTESIAN_POINT ( 'NONE',  ( 111.0000000000000000, 8.000000000000000000, -50.39999999999999147 ) ) ;
#2053 = CARTESIAN_POINT ( 'NONE',  ( 43.00000000000003553, 7.000000000000000000, -76.99999999999998579 ) ) ;
#2054 = DIRECTION ( 'NONE',  ( 0.000000000000000000, 0.000000000000000000, 1.000000000000000000 ) ) ;
#2055 = ORIENTED_EDGE ( 'NONE', *, *, #231, .T. ) ;
#2056 = CARTESIAN_POINT ( 'NONE',  ( 27.99999999999996803, 2.000000000000000000, -25.00000000000002487 ) ) ;
#2057 = DIRECTION ( 'NONE',  ( -0.000000000000000000, 1.000000000000000000, -0.000000000000000000 ) ) ;
#2058 = AXIS2_PLACEMENT_3D ( 'NONE', #4084, #3376, #2112 ) ;
#2059 = CYLINDRICAL_SURFACE ( 'NONE', #3202, 3.000000000000002665 ) ;
#2060 = CARTESIAN_POINT ( 'NONE',  ( 48.03999999999999915, 15.93999999999999950, 0.000000000000000000 ) ) ;
#2061 = FACE_BOUND ( 'NONE', #3251, .T. ) ;
#2062 = AXIS2_PLACEMENT_3D ( 'NONE', #2433, #2503, #208 ) ;
#2063 = FACE_OUTER_BOUND ( 'NONE', #115, .T. ) ;
#2064 = EDGE_CURVE ( 'NONE', #26, #1126, #1553, .T. ) ;
#2065 = LINE ( 'NONE', #2045, #2757 ) ;
#2066 = CARTESIAN_POINT ( 'NONE',  ( 116.0000000000000000, 21.50000000000000000, -5.250000000000000888 ) ) ;
#2067 = CARTESIAN_POINT ( 'NONE',  ( 111.0000000000000000, 30.00000000000000000, -80.00000000000000000 ) ) ;
#2068 = VERTEX_POINT ( 'NONE', #2832 ) ;
#2069 = ORIENTED_EDGE ( 'NONE', *, *, #4095, .T. ) ;
#2070 = ADVANCED_FACE ( 'NONE', ( #2222 ), #2515, .F. ) ;
#2071 = EDGE_LOOP ( 'NONE', ( #2114, #3070, #436 ) ) ;
#2072 = DIRECTION ( 'NONE',  ( -0.000000000000000000, 1.000000000000000000, -0.000000000000000000 ) ) ;
#2073 = CARTESIAN_POINT ( 'NONE',  ( 0.000000000000000000, 30.00000000000000000, 0.000000000000000000 ) ) ;
#2074 = CIRCLE ( 'NONE', #1882, 3.000000000000002665 ) ;
#2075 = CARTESIAN_POINT ( 'NONE',  ( 101.9999999999999858, 2.000000000000000000, -40.39999999999999858 ) ) ;
#2076 = ORIENTED_EDGE ( 'NONE', *, *, #3852, .T. ) ;
#2077 = CIRCLE ( 'NONE', #272, 3.000000000000002665 ) ;
#2078 = CARTESIAN_POINT ( 'NONE',  ( 111.0000000000000000, 8.000000000000000000, -15.00000000000000000 ) ) ;
#2079 = ORIENTED_EDGE ( 'NONE', *, *, #3411, .F. ) ;
#2080 = CARTESIAN_POINT ( 'NONE',  ( 9.500000000000008882, 8.000000000000000000, -7.399999999999987921 ) ) ;
#2081 = ADVANCED_FACE ( 'NONE', ( #2889 ), #1590, .T. ) ;
#2082 = FACE_BOUND ( 'NONE', #3292, .T. ) ;
#2083 = CARTESIAN_POINT ( 'NONE',  ( 98.99999999999997158, 8.000000000000000000, -50.40000000000000568 ) ) ;
#2084 = LINE ( 'NONE', #2695, #1569 ) ;
#2085 = EDGE_CURVE ( 'NONE', #2224, #3669, #1268, .T. ) ;
#2086 = DIRECTION ( 'NONE',  ( 0.000000000000000000, -1.000000000000000000, 0.000000000000000000 ) ) ;
#2087 = DIRECTION ( 'NONE',  ( -1.000000000000000000, 5.303319243360361186E-16, 0.000000000000000000 ) ) ;
#2088 = DIRECTION ( 'NONE',  ( -0.000000000000000000, 1.000000000000000000, -0.000000000000000000 ) ) ;
#2089 = EDGE_CURVE ( 'NONE', #2301, #3609, #2868, .T. ) ;
#2090 = ORIENTED_EDGE ( 'NONE', *, *, #977, .F. ) ;
#2091 = VECTOR ( 'NONE', #137, 999.9999999999998863 ) ;
#2092 = PRODUCT_RELATED_PRODUCT_CATEGORY ( 'detail', '', ( #3934 ) ) ;
#2093 = VERTEX_POINT ( 'NONE', #1231 ) ;
#2094 = ORIENTED_EDGE ( 'NONE', *, *, #291, .F. ) ;
#2095 = VECTOR ( 'NONE', #221, 1000.000000000000000 ) ;
#2096 = LINE ( 'NONE', #3380, #1608 ) ;
#2097 = AXIS2_PLACEMENT_3D ( 'NONE', #1926, #1210, #285 ) ;
#2098 = DIRECTION ( 'NONE',  ( 0.000000000000000000, -1.000000000000000000, 0.000000000000000000 ) ) ;
#2099 = CARTESIAN_POINT ( 'NONE',  ( 2.000000000000000000, 2.000000000000000000, -37.39999999999999147 ) ) ;
#2100 = ORIENTED_EDGE ( 'NONE', *, *, #242, .T. ) ;
#2101 = EDGE_CURVE ( 'NONE', #3426, #3767, #590, .T. ) ;
#2102 = DIRECTION ( 'NONE',  ( 0.000000000000000000, 0.000000000000000000, 1.000000000000000000 ) ) ;
#2103 = ORIENTED_EDGE ( 'NONE', *, *, #2751, .T. ) ;
#2104 = EDGE_CURVE ( 'NONE', #767, #2434, #947, .T. ) ;
#2105 = DIRECTION ( 'NONE',  ( -0.000000000000000000, -1.000000000000000000, 0.000000000000000000 ) ) ;
#2106 = ORIENTED_EDGE ( 'NONE', *, *, #3386, .F. ) ;
#2107 = FACE_OUTER_BOUND ( 'NONE', #372, .T. ) ;
#2108 = DIRECTION ( 'NONE',  ( -0.000000000000000000, 1.000000000000000000, -0.000000000000000000 ) ) ;
#2109 = DIRECTION ( 'NONE',  ( -0.000000000000000000, 1.000000000000000000, -0.000000000000000000 ) ) ;
#2110 = DIRECTION ( 'NONE',  ( 0.000000000000000000, -1.000000000000000000, 0.000000000000000000 ) ) ;
#2111 = FACE_OUTER_BOUND ( 'NONE', #957, .T. ) ;
#2112 = DIRECTION ( 'NONE',  ( 1.000000000000000000, 0.000000000000000000, 0.000000000000000000 ) ) ;
#2113 = ORIENTED_EDGE ( 'NONE', *, *, #18, .T. ) ;
#2114 = ORIENTED_EDGE ( 'NONE', *, *, #1083, .F. ) ;
#2115 = ORIENTED_EDGE ( 'NONE', *, *, #2664, .F. ) ;
#2116 = DIRECTION ( 'NONE',  ( 0.000000000000000000, 0.000000000000000000, 1.000000000000000000 ) ) ;
#2117 = DIRECTION ( 'NONE',  ( 0.000000000000000000, 1.000000000000000000, -0.000000000000000000 ) ) ;
#2118 = DIRECTION ( 'NONE',  ( 0.000000000000000000, 0.000000000000000000, 1.000000000000000000 ) ) ;
#2119 = ORIENTED_EDGE ( 'NONE', *, *, #886, .F. ) ;
#2120 = DIRECTION ( 'NONE',  ( -0.000000000000000000, -0.000000000000000000, 1.000000000000000000 ) ) ;
#2121 = CARTESIAN_POINT ( 'NONE',  ( 17.64000000000000412, 15.93999999999999950, -1.999999999999998224 ) ) ;
#2122 = CARTESIAN_POINT ( 'NONE',  ( 2.000000000000000000, 2.000000000000001776, -14.99999999999999822 ) ) ;
#2123 = AXIS2_PLACEMENT_3D ( 'NONE', #4140, #3775, #3141 ) ;
#2124 = VERTEX_POINT ( 'NONE', #2494 ) ;
#2125 = CIRCLE ( 'NONE', #1452, 3.000000000000002665 ) ;
#2126 = DIRECTION ( 'NONE',  ( -0.000000000000000000, 1.000000000000000000, -0.000000000000000000 ) ) ;
#2127 = CARTESIAN_POINT ( 'NONE',  ( 5.000000000000000888, 8.000000000000000000, -11.99999999999999822 ) ) ;
#2128 = CARTESIAN_POINT ( 'NONE',  ( 116.0000000000000000, 30.00000000000000000, -4.000000000000000000 ) ) ;
#2129 = CARTESIAN_POINT ( 'NONE',  ( 116.0000000000000000, 21.50000000000000000, -81.00000000000000000 ) ) ;
#2130 = APPLICATION_PROTOCOL_DEFINITION ( 'international standard', 'config_control_design', 1994, #1721 ) ;
#2131 = CARTESIAN_POINT ( 'NONE',  ( 100.0000000000000000, 8.000000000000000000, -4.999999999999999112 ) ) ;
#2132 = DIRECTION ( 'NONE',  ( -1.000000000000000000, -0.000000000000000000, -4.625929269271485914E-16 ) ) ;
#2133 = CIRCLE ( 'NONE', #3210, 3.000000000000002665 ) ;
#2134 = ADVANCED_FACE ( 'NONE', ( #3786 ), #3806, .T. ) ;
#2135 = CARTESIAN_POINT ( 'NONE',  ( 17.00000000000000000, 8.000000000000000000, -47.39999999999997726 ) ) ;
#2136 = ORIENTED_EDGE ( 'NONE', *, *, #67, .F. ) ;
#2137 = VERTEX_POINT ( 'NONE', #9 ) ;
#2138 = EDGE_LOOP ( 'NONE', ( #1214, #2797 ) ) ;
#2139 = DIRECTION ( 'NONE',  ( -0.000000000000000000, 1.000000000000000000, -0.000000000000000000 ) ) ;
#2140 = CARTESIAN_POINT ( 'NONE',  ( 92.99999999999997158, 8.000000000000000000, -77.00000000000000000 ) ) ;
#2141 = CARTESIAN_POINT ( 'NONE',  ( 0.000000000000000000, 8.000000000000000000, -63.00000000000000000 ) ) ;
#2142 = VERTEX_POINT ( 'NONE', #3168 ) ;
#2143 = AXIS2_PLACEMENT_3D ( 'NONE', #1336, #2682, #3971 ) ;
#2144 = LINE ( 'NONE', #166, #2200 ) ;
#2145 = VECTOR ( 'NONE', #3768, 1000.000000000000000 ) ;
#2146 = FACE_OUTER_BOUND ( 'NONE', #1561, .T. ) ;
#2147 = AXIS2_PLACEMENT_3D ( 'NONE', #2201, #4148, #1910 ) ;
#2148 = EDGE_CURVE ( 'NONE', #1032, #1741, #569, .T. ) ;
#2149 = AXIS2_PLACEMENT_3D ( 'NONE', #385, #3917, #2315 ) ;
#2150 = ADVANCED_FACE ( 'NONE', ( #3525 ), #3911, .F. ) ;
#2151 = VECTOR ( 'NONE', #3817, 1000.000000000000000 ) ;
#2152 = ADVANCED_FACE ( 'NONE', ( #2852 ), #3204, .F. ) ;
#2153 = CARTESIAN_POINT ( 'NONE',  ( 90.08157303230868251, 10.48963826638692431, -2.000000000000000000 ) ) ;
#2154 = CARTESIAN_POINT ( 'NONE',  ( 2.000000000000001332, 8.000000000000000000, -40.39999999999999147 ) ) ;
#2155 = CIRCLE ( 'NONE', #2014, 3.199999999999994404 ) ;
#2156 = EDGE_CURVE ( 'NONE', #3609, #873, #289, .T. ) ;
#2157 = DIRECTION ( 'NONE',  ( -0.000000000000000000, -0.000000000000000000, 1.000000000000000000 ) ) ;
#2158 = VECTOR ( 'NONE', #3552, 1000.000000000000000 ) ;
#2159 = PERSON_AND_ORGANIZATION_ROLE ( 'creator' ) ;
#2160 = CARTESIAN_POINT ( 'NONE',  ( 12.99999999999997868, 2.000000000000000000, -12.00000000000000000 ) ) ;
#2161 = FACE_OUTER_BOUND ( 'NONE', #1121, .T. ) ;
#2162 = ADVANCED_FACE ( 'NONE', ( #2161 ), #3445, .F. ) ;
#2163 = DIRECTION ( 'NONE',  ( -8.673617379884027583E-16, 0.000000000000000000, 1.000000000000000000 ) ) ;
#2164 = VERTEX_POINT ( 'NONE', #1531 ) ;
#2165 = ORIENTED_EDGE ( 'NONE', *, *, #1431, .F. ) ;
#2166 = ORIENTED_EDGE ( 'NONE', *, *, #3442, .F. ) ;
#2167 = DIRECTION ( 'NONE',  ( 0.000000000000000000, -1.000000000000000000, 0.000000000000000000 ) ) ;
#2168 = DIRECTION ( 'NONE',  ( 0.000000000000000000, 0.000000000000000000, 1.000000000000000000 ) ) ;
#2169 = CARTESIAN_POINT ( 'NONE',  ( 108.8489367685222220, 7.000000000000000000, -83.00000000000000000 ) ) ;
#2170 = AXIS2_PLACEMENT_3D ( 'NONE', #1518, #2168, #3996 ) ;
#2171 = VERTEX_POINT ( 'NONE', #2812 ) ;
#2172 = AXIS2_PLACEMENT_3D ( 'NONE', #4144, #1247, #3652 ) ;
#2173 = AXIS2_PLACEMENT_3D ( 'NONE', #1371, #162, #454 ) ;
#2174 = CARTESIAN_POINT ( 'NONE',  ( 100.0000000000000000, 8.000000000000000000, 0.000000000000000000 ) ) ;
#2175 = CARTESIAN_POINT ( 'NONE',  ( 106.5000000000000142, 0.000000000000000000, -6.149999999999996803 ) ) ;
#2176 = EDGE_CURVE ( 'NONE', #2762, #332, #81, .T. ) ;
#2177 = CARTESIAN_POINT ( 'NONE',  ( 13.00000000000000178, 8.000000000000000000, -9.000000000000001776 ) ) ;
#2178 = ORIENTED_EDGE ( 'NONE', *, *, #67, .T. ) ;
#2179 = CIRCLE ( 'NONE', #2710, 3.000000000000002665 ) ;
#2180 = DIRECTION ( 'NONE',  ( 0.000000000000000000, 0.000000000000000000, 1.000000000000000000 ) ) ;
#2181 = FACE_BOUND ( 'NONE', #1894, .T. ) ;
#2182 = CARTESIAN_POINT ( 'NONE',  ( 5.000000000000000888, 2.000000000000000000, -11.99999999999999822 ) ) ;
#2183 = CYLINDRICAL_SURFACE ( 'NONE', #1939, 1.249999999999998446 ) ;
#2184 = ORIENTED_EDGE ( 'NONE', *, *, #3787, .T. ) ;
#2185 = ORIENTED_EDGE ( 'NONE', *, *, #1888, .F. ) ;
#2186 = VERTEX_POINT ( 'NONE', #2312 ) ;
#2187 = CARTESIAN_POINT ( 'NONE',  ( 2.000000000000000000, 8.000000000000000000, -50.39999999999998437 ) ) ;
#2188 = LINE ( 'NONE', #3473, #210 ) ;
#2189 = LINE ( 'NONE', #900, #945 ) ;
#2190 = ORIENTED_EDGE ( 'NONE', *, *, #3841, .F. ) ;
#2191 = AXIS2_PLACEMENT_3D ( 'NONE', #1069, #1708, #1381 ) ;
#2192 = EDGE_CURVE ( 'NONE', #965, #2762, #77, .T. ) ;
#2193 = CYLINDRICAL_SURFACE ( 'NONE', #2335, 3.000000000000000000 ) ;
#2194 = CARTESIAN_POINT ( 'NONE',  ( 92.99999999999997158, 8.000000000000000000, 0.000000000000000000 ) ) ;
#2195 = ADVANCED_FACE ( 'NONE', ( #2924 ), #1042, .T. ) ;
#2196 = CARTESIAN_POINT ( 'NONE',  ( 73.00000000000000000, 7.000000000000000000, -77.00000000000000000 ) ) ;
#2197 = ORIENTED_EDGE ( 'NONE', *, *, #2372, .T. ) ;
#2198 = PLANE ( 'NONE',  #949 ) ;
#2199 = CARTESIAN_POINT ( 'NONE',  ( 101.9999999999999858, 8.000000000000000000, -43.39999999999999858 ) ) ;
#2200 = VECTOR ( 'NONE', #2120, 1000.000000000000000 ) ;
#2201 = CARTESIAN_POINT ( 'NONE',  ( 19.00000000000000000, 8.000000000000000000, -4.999999999999999112 ) ) ;
#2202 = VERTEX_POINT ( 'NONE', #3285 ) ;
#2203 = ORIENTED_EDGE ( 'NONE', *, *, #1090, .T. ) ;
#2204 = EDGE_CURVE ( 'NONE', #3857, #3179, #25, .T. ) ;
#2205 = CARTESIAN_POINT ( 'NONE',  ( -1.000000000000000444, 115.2877482408815837, -82.00000000000000000 ) ) ;
#2206 = VECTOR ( 'NONE', #1027, 1000.000000000000000 ) ;
#2207 = LINE ( 'NONE', #2230, #605 ) ;
#2208 = PLANE ( 'NONE',  #3277 ) ;
#2209 = VERTEX_POINT ( 'NONE', #711 ) ;
#2210 = EDGE_CURVE ( 'NONE', #767, #674, #2000, .T. ) ;
#2211 = AXIS2_PLACEMENT_3D ( 'NONE', #235, #3474, #4048 ) ;
#2212 = EDGE_CURVE ( 'NONE', #2048, #4014, #1359, .T. ) ;
#2213 = ORIENTED_EDGE ( 'NONE', *, *, #363, .F. ) ;
#2214 = CARTESIAN_POINT ( 'NONE',  ( 96.03999999044479807, 15.98930879544854733, 0.000000000000000000 ) ) ;
#2215 = DIRECTION ( 'NONE',  ( 0.000000000000000000, 0.000000000000000000, -1.000000000000000000 ) ) ;
#2216 = CIRCLE ( 'NONE', #1054, 3.199999999999994404 ) ;
#2217 = ORIENTED_EDGE ( 'NONE', *, *, #1515, .F. ) ;
#2218 = VECTOR ( 'NONE', #1702, 1000.000000000000000 ) ;
#2219 = EDGE_CURVE ( 'NONE', #1032, #3134, #2607, .T. ) ;
#2220 = AXIS2_PLACEMENT_3D ( 'NONE', #3011, #3916, #738 ) ;
#2221 = DIRECTION ( 'NONE',  ( 1.049727191138618942E-16, 0.5150380749100536004, -0.8571673007021125557 ) ) ;
#2222 = FACE_OUTER_BOUND ( 'NONE', #2976, .T. ) ;
#2223 = CARTESIAN_POINT ( 'NONE',  ( 0.000000000000000000, 30.00000000000000000, -4.000000000000000000 ) ) ;
#2224 = VERTEX_POINT ( 'NONE', #3881 ) ;
#2225 = VERTEX_POINT ( 'NONE', #3914 ) ;
#2226 = AXIS2_PLACEMENT_3D ( 'NONE', #2435, #832, #3120 ) ;
#2227 = ADVANCED_FACE ( 'NONE', ( #1379 ), #1980, .F. ) ;
#2228 = LINE ( 'NONE', #3490, #2276 ) ;
#2229 = EDGE_CURVE ( 'NONE', #3134, #1260, #1691, .T. ) ;
#2230 = CARTESIAN_POINT ( 'NONE',  ( -0.0004703166180209926461, 21.49461949267929128, -1.999999999999999556 ) ) ;
#2231 = CARTESIAN_POINT ( 'NONE',  ( 69.99999999999998579, 8.000000000000000000, -80.00000000000000000 ) ) ;
#2232 = ORIENTED_EDGE ( 'NONE', *, *, #395, .T. ) ;
#2233 = ORIENTED_EDGE ( 'NONE', *, *, #2826, .F. ) ;
#2234 = CARTESIAN_POINT ( 'NONE',  ( 32.84000000000001052, 15.93999999999999950, -1.999999999999998224 ) ) ;
#2235 = CARTESIAN_POINT ( 'NONE',  ( -4.000000000000010658, 30.00000000000000000, -3.000000000000000000 ) ) ;
#2236 = AXIS2_PLACEMENT_3D ( 'NONE', #2684, #3974, #2054 ) ;
#2237 = ADVANCED_FACE ( 'NONE', ( #999 ), #1906, .F. ) ;
#2238 = CIRCLE ( 'NONE', #2966, 1.024999999999984368 ) ;
#2239 = VERTEX_POINT ( 'NONE', #401 ) ;
#2240 = LINE ( 'NONE', #1964, #4059 ) ;
#2241 = PERSON_AND_ORGANIZATION_ROLE ( 'classification_officer' ) ;
#2242 = DIRECTION ( 'NONE',  ( 0.000000000000000000, 0.000000000000000000, -1.000000000000000000 ) ) ;
#2243 = DIRECTION ( 'NONE',  ( 0.000000000000000000, 0.000000000000000000, -1.000000000000000000 ) ) ;
#2244 = ORIENTED_EDGE ( 'NONE', *, *, #2649, .F. ) ;
#2245 = VERTEX_POINT ( 'NONE', #2277 ) ;
#2246 = CARTESIAN_POINT ( 'NONE',  ( 72.99999999999998579, 2.000000000000000000, 0.000000000000000000 ) ) ;
#2247 = FACE_OUTER_BOUND ( 'NONE', #884, .T. ) ;
#2248 = CARTESIAN_POINT ( 'NONE',  ( 33.00000000000000000, 8.000000000000001776, -73.00000000000001421 ) ) ;
#2249 = ORIENTED_EDGE ( 'NONE', *, *, #2690, .F. ) ;
#2250 = ORIENTED_EDGE ( 'NONE', *, *, #3877, .T. ) ;
#2251 = ORIENTED_EDGE ( 'NONE', *, *, #142, .T. ) ;
#2252 = CARTESIAN_POINT ( 'NONE',  ( 111.0000000000000000, 2.000000000000000000, -83.00000000000000000 ) ) ;
#2253 = CARTESIAN_POINT ( 'NONE',  ( 40.00000000000000000, 2.000000000000000000, -66.00000000000000000 ) ) ;
#2254 = ADVANCED_FACE ( 'NONE', ( #672 ), #1704, .T. ) ;
#2255 = ORIENTED_EDGE ( 'NONE', *, *, #1274, .T. ) ;
#2256 = EDGE_CURVE ( 'NONE', #538, #1240, #1965, .T. ) ;
#2257 = DIRECTION ( 'NONE',  ( -0.000000000000000000, 1.000000000000000000, -0.000000000000000000 ) ) ;
#2258 = DIRECTION ( 'NONE',  ( 0.000000000000000000, 0.000000000000000000, -1.000000000000000000 ) ) ;
#2259 = LINE ( 'NONE', #3545, #57 ) ;
#2260 = ORIENTED_EDGE ( 'NONE', *, *, #2836, .F. ) ;
#2261 = ORIENTED_EDGE ( 'NONE', *, *, #722, .F. ) ;
#2262 = VECTOR ( 'NONE', #3598, 1000.000000000000000 ) ;
#2263 = PLANE ( 'NONE',  #4109 ) ;
#2264 = LINE ( 'NONE', #917, #1752 ) ;
#2265 = DIRECTION ( 'NONE',  ( -0.000000000000000000, 1.000000000000000000, -0.000000000000000000 ) ) ;
#2266 = VERTEX_POINT ( 'NONE', #362 ) ;
#2267 = ORIENTED_EDGE ( 'NONE', *, *, #581, .T. ) ;
#2268 = VECTOR ( 'NONE', #3716, 1000.000000000000000 ) ;
#2269 = VERTEX_POINT ( 'NONE', #1683 ) ;
#2270 = DIRECTION ( 'NONE',  ( -0.000000000000000000, -0.000000000000000000, 1.000000000000000000 ) ) ;
#2271 = AXIS2_PLACEMENT_3D ( 'NONE', #3796, #4090, #918 ) ;
#2272 = VERTEX_POINT ( 'NONE', #1647 ) ;
#2273 = ADVANCED_FACE ( 'NONE', ( #2023 ), #3935, .F. ) ;
#2274 = ADVANCED_FACE ( 'NONE', ( #3304 ), #3865, .F. ) ;
#2275 = CARTESIAN_POINT ( 'NONE',  ( 92.99999999999997158, 6.999999999999999112, -80.00000000000000000 ) ) ;
#2276 = VECTOR ( 'NONE', #2896, 1000.000000000000000 ) ;
#2277 = CARTESIAN_POINT ( 'NONE',  ( 93.03975116024631120, 12.98947469371396224, 0.000000000000000000 ) ) ;
#2278 = ORIENTED_EDGE ( 'NONE', *, *, #986, .T. ) ;
#2279 = VECTOR ( 'NONE', #2132, 1000.000000000000000 ) ;
#2280 = DIRECTION ( 'NONE',  ( 0.000000000000000000, 0.000000000000000000, 1.000000000000000000 ) ) ;
#2281 = AXIS2_PLACEMENT_3D ( 'NONE', #3876, #1282, #1543 ) ;
#2282 = EDGE_CURVE ( 'NONE', #1621, #2878, #1421, .T. ) ;
#2283 = CARTESIAN_POINT ( 'NONE',  ( 100.0000000000000000, 8.000000000000000000, -9.000000000000001776 ) ) ;
#2284 = CARTESIAN_POINT ( 'NONE',  ( 5.000000000000000000, 8.000000000000000000, -37.39999999999999147 ) ) ;
#2285 = ORIENTED_EDGE ( 'NONE', *, *, #2894, .F. ) ;
#2286 = VERTEX_POINT ( 'NONE', #3733 ) ;
#2287 = ORIENTED_EDGE ( 'NONE', *, *, #1204, .F. ) ;
#2288 = ORIENTED_EDGE ( 'NONE', *, *, #865, .F. ) ;
#2289 = CARTESIAN_POINT ( 'NONE',  ( 116.0000000000000000, 30.00000000000000000, -4.000000000000000000 ) ) ;
#2290 = VECTOR ( 'NONE', #3646, 1000.000000000000000 ) ;
#2291 = VERTEX_POINT ( 'NONE', #3419 ) ;
#2292 = ADVANCED_FACE ( 'NONE', ( #2061, #219 ), #1821, .T. ) ;
#2293 = CIRCLE ( 'NONE', #2357, 1.250000000000001110 ) ;
#2294 = VECTOR ( 'NONE', #123, 1000.000000000000000 ) ;
#2295 = DIRECTION ( 'NONE',  ( -1.000000000000000000, 0.000000000000000000, 0.000000000000000000 ) ) ;
#2296 = CARTESIAN_POINT ( 'NONE',  ( 17.00000000000000000, 8.000000000000000000, -50.39999999999997726 ) ) ;
#2297 = VERTEX_POINT ( 'NONE', #771 ) ;
#2298 = CARTESIAN_POINT ( 'NONE',  ( 0.000000000000000000, 30.00000000000000000, -4.000000000000000000 ) ) ;
#2299 = CARTESIAN_POINT ( 'NONE',  ( 120.0000000000000142, 0.000000000000000000, 8.572527594031484037E-16 ) ) ;
#2300 = CARTESIAN_POINT ( 'NONE',  ( 41.49999999999997868, 18.00000000000000000, -83.00000000000000000 ) ) ;
#2301 = VERTEX_POINT ( 'NONE', #1751 ) ;
#2302 = ORIENTED_EDGE ( 'NONE', *, *, #1522, .T. ) ;
#2303 = ORIENTED_EDGE ( 'NONE', *, *, #4030, .T. ) ;
#2304 = EDGE_LOOP ( 'NONE', ( #3856, #623 ) ) ;
#2305 = LINE ( 'NONE', #1052, #1392 ) ;
#2306 = DIRECTION ( 'NONE',  ( -0.000000000000000000, -0.000000000000000000, 1.000000000000000000 ) ) ;
#2307 = ADVANCED_FACE ( 'NONE', ( #195 ), #797, .F. ) ;
#2308 = EDGE_CURVE ( 'NONE', #107, #388, #1065, .T. ) ;
#2309 = VERTEX_POINT ( 'NONE', #3348 ) ;
#2310 = EDGE_CURVE ( 'NONE', #683, #3675, #2843, .T. ) ;
#2311 = CARTESIAN_POINT ( 'NONE',  ( 4.999999999999998224, 8.000000000000000000, -50.39999999999998437 ) ) ;
#2312 = CARTESIAN_POINT ( 'NONE',  ( 74.50000000000000000, 18.00000000000000000, -83.00000000000000000 ) ) ;
#2313 = DIRECTION ( 'NONE',  ( -0.000000000000000000, 1.000000000000000000, -0.000000000000000000 ) ) ;
#2314 = CARTESIAN_POINT ( 'NONE',  ( 23.00000000000000000, 7.000000000000000000, 0.000000000000000000 ) ) ;
#2315 = DIRECTION ( 'NONE',  ( 0.000000000000000000, 0.000000000000000000, 1.000000000000000000 ) ) ;
#2316 = CARTESIAN_POINT ( 'NONE',  ( 32.99999999999998579, 18.00000000000000000, -80.00000000000000000 ) ) ;
#2317 = ORIENTED_EDGE ( 'NONE', *, *, #3637, .F. ) ;
#2318 = ORIENTED_EDGE ( 'NONE', *, *, #986, .F. ) ;
#2319 = CIRCLE ( 'NONE', #2123, 3.000000000000002665 ) ;
#2320 = EDGE_CURVE ( 'NONE', #574, #1414, #2084, .T. ) ;
#2321 = ORIENTED_EDGE ( 'NONE', *, *, #4095, .F. ) ;
#2322 = VECTOR ( 'NONE', #3441, 1000.000000000000000 ) ;
#2323 = EDGE_LOOP ( 'NONE', ( #2617, #1768, #3809, #4042 ) ) ;
#2324 = FACE_OUTER_BOUND ( 'NONE', #3536, .T. ) ;
#2325 = CARTESIAN_POINT ( 'NONE',  ( 12.99999999999997868, 8.000000000000000000, -12.00000000000000000 ) ) ;
#2326 = CARTESIAN_POINT ( 'NONE',  ( 100.0000000000000000, 2.000000000000000000, -4.999999999999999112 ) ) ;
#2327 = ORIENTED_EDGE ( 'NONE', *, *, #3777, .T. ) ;
#2328 = ADVANCED_FACE ( 'NONE', ( #1485 ), #3983, .F. ) ;
#2329 = ORIENTED_EDGE ( 'NONE', *, *, #1775, .F. ) ;
#2330 = AXIS2_PLACEMENT_3D ( 'NONE', #4107, #2424, #2448 ) ;
#2331 = LINE ( 'NONE', #2536, #3838 ) ;
#2332 = CARTESIAN_POINT ( 'NONE',  ( 33.00000000000000000, 8.000000000000001776, -74.02499999999999147 ) ) ;
#2333 = DIRECTION ( 'NONE',  ( 1.000000000000000000, 0.000000000000000000, 0.000000000000000000 ) ) ;
#2334 = EDGE_CURVE ( 'NONE', #411, #1445, #3106, .T. ) ;
#2335 = AXIS2_PLACEMENT_3D ( 'NONE', #3477, #3140, #2844 ) ;
#2336 = AXIS2_PLACEMENT_3D ( 'NONE', #3067, #2167, #2500 ) ;
#2337 = FACE_OUTER_BOUND ( 'NONE', #3606, .T. ) ;
#2338 = LINE ( 'NONE', #463, #936 ) ;
#2339 = CARTESIAN_POINT ( 'NONE',  ( 5.563181886285042840E-15, 10.49000000000004462, -10.00000000000000000 ) ) ;
#2340 = CARTESIAN_POINT ( 'NONE',  ( 16.00000000000000000, 8.000000000000000000, -4.999999999999999112 ) ) ;
#2341 = VERTEX_POINT ( 'NONE', #483 ) ;
#2342 = CIRCLE ( 'NONE', #197, 1.250000000000001110 ) ;
#2343 = EDGE_LOOP ( 'NONE', ( #2900, #390, #1771, #1302 ) ) ;
#2345 = ORIENTED_EDGE ( 'NONE', *, *, #1456, .F. ) ;
#2344 = AXIS2_PLACEMENT_3D ( 'NONE', #3587, #66, #1984 ) ;
#2346 = AXIS2_PLACEMENT_3D ( 'NONE', #20, #3496, #1242 ) ;
#2347 = ORIENTED_EDGE ( 'NONE', *, *, #3367, .F. ) ;
#2348 = CYLINDRICAL_SURFACE ( 'NONE', #1226, 3.199999999999994404 ) ;
#2349 = DIRECTION ( 'NONE',  ( 1.000000000000000000, -0.000000000000000000, 0.000000000000000000 ) ) ;
#2350 = DIRECTION ( 'NONE',  ( -1.000000000000000000, 0.000000000000000000, 0.000000000000000000 ) ) ;
#2351 = ORIENTED_EDGE ( 'NONE', *, *, #2629, .T. ) ;
#2352 = EDGE_LOOP ( 'NONE', ( #3509, #3576 ) ) ;
#2353 = DIRECTION ( 'NONE',  ( -1.000000000000000000, 0.000000000000000000, 0.000000000000000000 ) ) ;
#2354 = DIRECTION ( 'NONE',  ( -0.000000000000000000, 1.000000000000000000, -0.000000000000000000 ) ) ;
#2355 = CARTESIAN_POINT ( 'NONE',  ( -1.034677584379604091E-14, 10.49000000000004462, -1.999999999999999556 ) ) ;
#2356 = ADVANCED_FACE ( 'NONE', ( #1110, #4058, #753, #2397, #1774, #3684 ), #1164, .F. ) ;
#2357 = AXIS2_PLACEMENT_3D ( 'NONE', #1507, #2788, #4068 ) ;
#2358 = DIRECTION ( 'NONE',  ( 0.000000000000000000, -1.000000000000000000, 0.000000000000000000 ) ) ;
#2359 = DIRECTION ( 'NONE',  ( -0.000000000000000000, 1.000000000000000000, -0.000000000000000000 ) ) ;
#2360 = CARTESIAN_POINT ( 'NONE',  ( 92.99999999999997158, 8.000000000000000000, -80.00000000000000000 ) ) ;
#2361 = CARTESIAN_POINT ( 'NONE',  ( 88.00000000000000000, -8.000000000000000000, -21.80000000000003268 ) ) ;
#2362 = ORIENTED_EDGE ( 'NONE', *, *, #2587, .F. ) ;
#2363 = VERTEX_POINT ( 'NONE', #1455 ) ;
#2364 = EDGE_LOOP ( 'NONE', ( #3099, #2197, #1957, #1713 ) ) ;
#2365 = CARTESIAN_POINT ( 'NONE',  ( 88.00000000000000000, 0.000000000000000000, -25.00000000000002487 ) ) ;
#2366 = CARTESIAN_POINT ( 'NONE',  ( 120.0000000000000142, 30.00000000000000000, -82.00000000000000000 ) ) ;
#2367 = FACE_OUTER_BOUND ( 'NONE', #4072, .T. ) ;
#2368 = VERTEX_POINT ( 'NONE', #4033 ) ;
#2369 = CIRCLE ( 'NONE', #3988, 1.249999999999999334 ) ;
#2370 = DIRECTION ( 'NONE',  ( 0.000000000000000000, 0.000000000000000000, -1.000000000000000000 ) ) ;
#2371 = CARTESIAN_POINT ( 'NONE',  ( 24.49999999999998934, 18.00000000000000000, -80.00000000000000000 ) ) ;
#2372 = EDGE_CURVE ( 'NONE', #2878, #108, #1089, .T. ) ;
#2373 = CARTESIAN_POINT ( 'NONE',  ( 0.000000000000000000, 30.00000000000000000, -85.00000000000000000 ) ) ;
#2374 = CARTESIAN_POINT ( 'NONE',  ( 54.03999999999999915, 15.93999999999999950, -30.00000000000000000 ) ) ;
#2375 = DIRECTION ( 'NONE',  ( -0.000000000000000000, -0.000000000000000000, -1.000000000000000000 ) ) ;
#2376 = EDGE_CURVE ( 'NONE', #2427, #2588, #1565, .T. ) ;
#2377 = AXIS2_PLACEMENT_3D ( 'NONE', #2205, #2912, #2280 ) ;
#2378 = DIRECTION ( 'NONE',  ( 0.000000000000000000, 0.000000000000000000, 1.000000000000000000 ) ) ;
#2379 = LINE ( 'NONE', #1070, #2946 ) ;
#2380 = DIRECTION ( 'NONE',  ( 0.000000000000000000, 0.000000000000000000, 1.000000000000000000 ) ) ;
#2381 = CARTESIAN_POINT ( 'NONE',  ( 82.99999999999997158, 0.000000000000000000, -73.00000000000001421 ) ) ;
#2382 = VERTEX_POINT ( 'NONE', #2042 ) ;
#2383 = ORIENTED_EDGE ( 'NONE', *, *, #3483, .F. ) ;
#2384 = ORIENTED_EDGE ( 'NONE', *, *, #686, .T. ) ;
#2385 = DIRECTION ( 'NONE',  ( 0.000000000000000000, 1.000000000000000000, 0.000000000000000000 ) ) ;
#2386 = CARTESIAN_POINT ( 'NONE',  ( 90.08201540322141909, 18.48963825415616924, -10.00000000000000000 ) ) ;
#2387 = DIRECTION ( 'NONE',  ( -0.000000000000000000, -0.000000000000000000, 1.000000000000000000 ) ) ;
#2388 = VERTEX_POINT ( 'NONE', #3395 ) ;
#2389 = EDGE_CURVE ( 'NONE', #3920, #2266, #502, .T. ) ;
#2390 = DIRECTION ( 'NONE',  ( 0.000000000000000000, -0.000000000000000000, -1.000000000000000000 ) ) ;
#2391 = CIRCLE ( 'NONE', #3747, 3.000000000000000888 ) ;
#2392 = ORIENTED_EDGE ( 'NONE', *, *, #3393, .T. ) ;
#2393 = CARTESIAN_POINT ( 'NONE',  ( 73.00000000000000000, 8.000000000000000000, -77.00000000000000000 ) ) ;
#2394 = CIRCLE ( 'NONE', #855, 3.000000000000002665 ) ;
#2395 = CARTESIAN_POINT ( 'NONE',  ( 2.000000000000000000, 8.000000000000000000, -50.39999999999998437 ) ) ;
#2396 = CARTESIAN_POINT ( 'NONE',  ( 111.0000000000000000, 2.000000000000000000, -53.39999999999999858 ) ) ;
#2397 = FACE_BOUND ( 'NONE', #4052, .T. ) ;
#2398 = VECTOR ( 'NONE', #1598, 1000.000000000000000 ) ;
#2399 = CARTESIAN_POINT ( 'NONE',  ( 0.000000000000000000, 2.000000000000000000, -12.00000000000000000 ) ) ;
#2400 = CARTESIAN_POINT ( 'NONE',  ( 116.0000000000000000, 30.00000000000000000, -82.25000000000000000 ) ) ;
#2401 = CARTESIAN_POINT ( 'NONE',  ( 33.00000000000000000, 8.000000000000000000, -73.00000000000001421 ) ) ;
#2402 = DIRECTION ( 'NONE',  ( 0.000000000000000000, 0.000000000000000000, -1.000000000000000000 ) ) ;
#2403 = ORIENTED_EDGE ( 'NONE', *, *, #2461, .T. ) ;
#2404 = CIRCLE ( 'NONE', #2940, 3.000000000000002665 ) ;
#2405 = ORIENTED_EDGE ( 'NONE', *, *, #2001, .T. ) ;
#2406 = ADVANCED_FACE ( 'NONE', ( #839 ), #439, .F. ) ;
#2407 = VERTEX_POINT ( 'NONE', #4079 ) ;
#2408 = PLANE ( 'NONE',  #2336 ) ;
#2409 = PLANE ( 'NONE',  #3782 ) ;
#2410 = CIRCLE ( 'NONE', #593, 1.250000000000001110 ) ;
#2411 = DIRECTION ( 'NONE',  ( -0.000000000000000000, 1.000000000000000000, -0.000000000000000000 ) ) ;
#2412 = ORIENTED_EDGE ( 'NONE', *, *, #2085, .T. ) ;
#2413 = CIRCLE ( 'NONE', #2220, 5.999999999999998224 ) ;
#2414 = LINE ( 'NONE', #3773, #709 ) ;
#2415 = CARTESIAN_POINT ( 'NONE',  ( 0.000000000000000000, 30.00000000000000000, -81.00000000000000000 ) ) ;
#2416 = CARTESIAN_POINT ( 'NONE',  ( 23.00000000000002132, 7.000000000000000000, -76.99999999999998579 ) ) ;
#2417 = AXIS2_PLACEMENT_3D ( 'NONE', #1425, #2781, #620 ) ;
#2418 = EDGE_LOOP ( 'NONE', ( #1119, #2921, #3132, #4102 ) ) ;
#2419 = CARTESIAN_POINT ( 'NONE',  ( 0.000000000000000000, 8.000000000000000000, -1.999999999999999556 ) ) ;
#2420 = DIRECTION ( 'NONE',  ( 0.000000000000000000, 0.000000000000000000, 1.000000000000000000 ) ) ;
#2421 = DIRECTION ( 'NONE',  ( 0.000000000000000000, 0.000000000000000000, -1.000000000000000000 ) ) ;
#2422 = CARTESIAN_POINT ( 'NONE',  ( 26.00000000000000000, 2.000000000000000000, -66.00000000000000000 ) ) ;
#2423 = DIRECTION ( 'NONE',  ( 0.000000000000000000, -1.000000000000000000, 0.000000000000000000 ) ) ;
#2424 = DIRECTION ( 'NONE',  ( -0.000000000000000000, 1.000000000000000000, -0.000000000000000000 ) ) ;
#2425 = ORIENTED_EDGE ( 'NONE', *, *, #262, .F. ) ;
#2426 = CIRCLE ( 'NONE', #2772, 3.199999999999994404 ) ;
#2427 = VERTEX_POINT ( 'NONE', #3756 ) ;
#2428 = VERTEX_POINT ( 'NONE', #1183 ) ;
#2429 = AXIS2_PLACEMENT_3D ( 'NONE', #24, #1979, #3846 ) ;
#2430 = CARTESIAN_POINT ( 'NONE',  ( 0.000000000000000000, 8.000000000000000000, -1.999999999999999556 ) ) ;
#2431 = VECTOR ( 'NONE', #2969, 1000.000000000000000 ) ;
#2432 = DIRECTION ( 'NONE',  ( -1.000000000000000000, 0.000000000000000000, -0.000000000000000000 ) ) ;
#2433 = CARTESIAN_POINT ( 'NONE',  ( 14.00000000000000178, 2.000000000000000000, -47.39999999999997726 ) ) ;
#2434 = VERTEX_POINT ( 'NONE', #2465 ) ;
#2435 = CARTESIAN_POINT ( 'NONE',  ( 38.84000000000000341, 15.93999999999999950, 0.000000000000000000 ) ) ;
#2436 = EDGE_CURVE ( 'NONE', #33, #2876, #2293, .T. ) ;
#2437 = ORIENTED_EDGE ( 'NONE', *, *, #4009, .F. ) ;
#2438 = PLANE ( 'NONE',  #2823 ) ;
#2439 = ADVANCED_FACE ( 'NONE', ( #806 ), #2409, .F. ) ;
#2440 = EDGE_LOOP ( 'NONE', ( #1541, #3312, #2076, #4066, #2599, #1872, #157, #2474 ) ) ;
#2441 = ADVANCED_FACE ( 'NONE', ( #1784 ), #3116, .F. ) ;
#2442 = DIRECTION ( 'NONE',  ( 0.000000000000000000, 0.000000000000000000, 1.000000000000000000 ) ) ;
#2443 = CARTESIAN_POINT ( 'NONE',  ( 1.530808498934189598E-16, 21.50000000000000000, -5.249999999999998224 ) ) ;
#2444 = DIRECTION ( 'NONE',  ( 0.000000000000000000, -0.000000000000000000, -1.000000000000000000 ) ) ;
#2445 = DIRECTION ( 'NONE',  ( -0.000000000000000000, 1.000000000000000000, -0.000000000000000000 ) ) ;
#2446 = DIRECTION ( 'NONE',  ( 0.000000000000000000, -1.000000000000000000, 0.000000000000000000 ) ) ;
#2447 = CARTESIAN_POINT ( 'NONE',  ( 27.99999999999996803, -8.000000000000000000, -21.80000000000003268 ) ) ;
#2448 = DIRECTION ( 'NONE',  ( 0.000000000000000000, 0.000000000000000000, -1.000000000000000000 ) ) ;
#2449 = ORIENTED_EDGE ( 'NONE', *, *, #508, .T. ) ;
#2450 = VECTOR ( 'NONE', #3396, 1000.000000000000000 ) ;
#2451 = ORIENTED_EDGE ( 'NONE', *, *, #4143, .T. ) ;
#2452 = ORIENTED_EDGE ( 'NONE', *, *, #3529, .F. ) ;
#2453 = DIRECTION ( 'NONE',  ( 1.000000000000000000, -0.000000000000000000, 0.000000000000000000 ) ) ;
#2454 = DIRECTION ( 'NONE',  ( -0.000000000000000000, 1.000000000000000000, -0.000000000000000000 ) ) ;
#2455 = LINE ( 'NONE', #2169, #3486 ) ;
#2456 = EDGE_LOOP ( 'NONE', ( #681, #182, #1716, #2233 ) ) ;
#2457 = EDGE_CURVE ( 'NONE', #3270, #666, #3909, .T. ) ;
#2458 = EDGE_CURVE ( 'NONE', #3862, #632, #540, .T. ) ;
#2459 = DIRECTION ( 'NONE',  ( 0.000000000000000000, 0.000000000000000000, 1.000000000000000000 ) ) ;
#2460 = CARTESIAN_POINT ( 'NONE',  ( 44.84000000000000341, 15.93999999999999950, 0.000000000000000000 ) ) ;
#2461 = EDGE_CURVE ( 'NONE', #2068, #389, #1415, .T. ) ;
#2462 = ORIENTED_EDGE ( 'NONE', *, *, #2148, .F. ) ;
#2463 = DIRECTION ( 'NONE',  ( -0.000000000000000000, -0.000000000000000000, 1.000000000000000000 ) ) ;
#2464 = LINE ( 'NONE', #459, #1795 ) ;
#2465 = CARTESIAN_POINT ( 'NONE',  ( 114.0000000000000000, 2.000000000000000000, -37.40000000000001279 ) ) ;
#2466 = AXIS2_PLACEMENT_3D ( 'NONE', #2381, #4013, #1985 ) ;
#2467 = DIRECTION ( 'NONE',  ( 0.000000000000000000, 0.000000000000000000, 1.000000000000000000 ) ) ;
#2468 = COORDINATED_UNIVERSAL_TIME_OFFSET ( 1, 0, .AHEAD. ) ;
#2469 = CARTESIAN_POINT ( 'NONE',  ( 0.000000000000000000, 30.00000000000000000, -81.00000000000000000 ) ) ;
#2470 = CARTESIAN_POINT ( 'NONE',  ( 120.0000000000000142, 0.000000000000000000, -2.999999999999999556 ) ) ;
#2471 = AXIS2_PLACEMENT_3D ( 'NONE', #1916, #2543, #3553 ) ;
#2472 = DIRECTION ( 'NONE',  ( 0.000000000000000000, 1.000000000000000000, -0.000000000000000000 ) ) ;
#2473 = ORIENTED_EDGE ( 'NONE', *, *, #2085, .F. ) ;
#2474 = ORIENTED_EDGE ( 'NONE', *, *, #1767, .T. ) ;
#2475 = ORIENTED_EDGE ( 'NONE', *, *, #1706, .F. ) ;
#2476 = FACE_BOUND ( 'NONE', #3274, .T. ) ;
#2477 = EDGE_CURVE ( 'NONE', #1386, #3540, #3046, .T. ) ;
#2478 = CARTESIAN_POINT ( 'NONE',  ( 0.000000000000000000, 21.50000000000000000, -81.00000000000000000 ) ) ;
#2479 = LINE ( 'NONE', #2779, #2813 ) ;
#2480 = VERTEX_POINT ( 'NONE', #161 ) ;
#2481 = AXIS2_PLACEMENT_3D ( 'NONE', #1393, #3234, #1958 ) ;
#2482 = CARTESIAN_POINT ( 'NONE',  ( 33.00000000000000000, 8.000000000000001776, -71.97500000000002274 ) ) ;
#2483 = CIRCLE ( 'NONE', #3956, 3.000000000000002665 ) ;
#2484 = CARTESIAN_POINT ( 'NONE',  ( 116.0000000000000000, 20.74892422621554999, -4.000000000000000000 ) ) ;
#2485 = AXIS2_PLACEMENT_3D ( 'NONE', #127, #3375, #2380 ) ;
#2486 = AXIS2_PLACEMENT_3D ( 'NONE', #2214, #334, #1601 ) ;
#2487 = DIRECTION ( 'NONE',  ( -1.000000000000000000, 0.000000000000000000, 1.541976423090495387E-16 ) ) ;
#2488 = ORIENTED_EDGE ( 'NONE', *, *, #2308, .F. ) ;
#2489 = FACE_OUTER_BOUND ( 'NONE', #3152, .T. ) ;
#2490 = CIRCLE ( 'NONE', #3310, 1.250000000000001110 ) ;
#2491 = AXIS2_PLACEMENT_3D ( 'NONE', #1026, #2631, #3289 ) ;
#2492 = ADVANCED_FACE ( 'NONE', ( #1808 ), #1150, .F. ) ;
#2493 = CARTESIAN_POINT ( 'NONE',  ( 103.0000000000000142, 8.000000000000000000, -12.00000000000000000 ) ) ;
#2494 = CARTESIAN_POINT ( 'NONE',  ( 72.99999999999998579, 2.000000000000000000, -66.00000000000000000 ) ) ;
#2495 = DIRECTION ( 'NONE',  ( 0.9999999984711560597, -5.529636409451376875E-05, 0.000000000000000000 ) ) ;
#2496 = ORIENTED_EDGE ( 'NONE', *, *, #1648, .T. ) ;
#2497 = CIRCLE ( 'NONE', #1408, 3.000000000000002665 ) ;
#2498 = ORIENTED_EDGE ( 'NONE', *, *, #2910, .T. ) ;
#2499 = ORIENTED_EDGE ( 'NONE', *, *, #3695, .T. ) ;
#2500 = DIRECTION ( 'NONE',  ( 0.000000000000000000, -0.000000000000000000, -1.000000000000000000 ) ) ;
#2501 = EDGE_CURVE ( 'NONE', #215, #586, #3405, .T. ) ;
#2502 = CARTESIAN_POINT ( 'NONE',  ( 32.99999999999998579, 18.00000000000000000, -85.00000000000000000 ) ) ;
#2503 = DIRECTION ( 'NONE',  ( 0.000000000000000000, -1.000000000000000000, 0.000000000000000000 ) ) ;
#2504 = CIRCLE ( 'NONE', #3033, 5.999999999999998224 ) ;
#2505 = ORIENTED_EDGE ( 'NONE', *, *, #3366, .T. ) ;
#2506 = AXIS2_PLACEMENT_3D ( 'NONE', #1419, #2157, #3443 ) ;
#2507 = DIRECTION ( 'NONE',  ( -0.000000000000000000, 1.000000000000000000, -0.000000000000000000 ) ) ;
#2508 = LINE ( 'NONE', #606, #1678 ) ;
#2509 = DIRECTION ( 'NONE',  ( -1.000000000000000000, 0.000000000000000000, 0.000000000000000000 ) ) ;
#2510 = VERTEX_POINT ( 'NONE', #3698 ) ;
#2511 = ADVANCED_FACE ( 'NONE', ( #1470 ), #852, .T. ) ;
#2512 = AXIS2_PLACEMENT_3D ( 'NONE', #3265, #2630, #2949 ) ;
#2513 = DIRECTION ( 'NONE',  ( -0.000000000000000000, 1.000000000000000000, -0.000000000000000000 ) ) ;
#2514 = ADVANCED_FACE ( 'NONE', ( #2752 ), #2840, .F. ) ;
#2515 = PLANE ( 'NONE',  #3973 ) ;
#2516 = DIRECTION ( 'NONE',  ( 0.000000000000000000, 0.000000000000000000, 1.000000000000000000 ) ) ;
#2517 = ADVANCED_FACE ( 'NONE', ( #3769, #3453, #1443, #827, #3381 ), #2728, .F. ) ;
#2518 = ORIENTED_EDGE ( 'NONE', *, *, #3761, .F. ) ;
#2519 = ORIENTED_EDGE ( 'NONE', *, *, #1747, .F. ) ;
#2520 = CARTESIAN_POINT ( 'NONE',  ( -4.000000000000010658, 30.00000000000000000, -3.000000000000002665 ) ) ;
#2521 = DIRECTION ( 'NONE',  ( -0.9999999984711561707, 5.529636409530926821E-05, 0.000000000000000000 ) ) ;
#2522 = LINE ( 'NONE', #1540, #1729 ) ;
#2523 = EDGE_LOOP ( 'NONE', ( #1252, #1190 ) ) ;
#2524 = VECTOR ( 'NONE', #2872, 1000.000000000000000 ) ;
#2525 = DIRECTION ( 'NONE',  ( 1.000000000000000000, -0.000000000000000000, -1.850371707708594366E-15 ) ) ;
#2526 = LINE ( 'NONE', #3799, #1300 ) ;
#2527 = EDGE_CURVE ( 'NONE', #2368, #3947, #140, .T. ) ;
#2528 = ORIENTED_EDGE ( 'NONE', *, *, #1030, .T. ) ;
#2529 = ADVANCED_FACE ( 'NONE', ( #1855 ), #3136, .F. ) ;
#2530 = AXIS2_PLACEMENT_3D ( 'NONE', #2811, #4105, #3785 ) ;
#2531 = ADVANCED_FACE ( 'NONE', ( #1422 ), #3744, .F. ) ;
#2532 = CARTESIAN_POINT ( 'NONE',  ( 0.000000000000000000, 12.99000000000000199, -10.00000000000000000 ) ) ;
#2533 = SHAPE_DEFINITION_REPRESENTATION ( #1373, #1019 ) ;
#2534 = DIRECTION ( 'NONE',  ( -0.000000000000000000, 1.000000000000000000, -0.000000000000000000 ) ) ;
#2535 = AXIS2_PLACEMENT_3D ( 'NONE', #481, #3283, #438 ) ;
#2536 = CARTESIAN_POINT ( 'NONE',  ( 0.000000000000000000, 30.00000000000000000, 0.000000000000000000 ) ) ;
#2537 = EDGE_LOOP ( 'NONE', ( #409, #943, #537 ) ) ;
#2538 = ORIENTED_EDGE ( 'NONE', *, *, #1886, .F. ) ;
#2539 = EDGE_CURVE ( 'NONE', #790, #3675, #3317, .T. ) ;
#2540 = DIRECTION ( 'NONE',  ( 0.000000000000000000, 0.000000000000000000, 1.000000000000000000 ) ) ;
#2541 = AXIS2_PLACEMENT_3D ( 'NONE', #4063, #822, #1463 ) ;
#2542 = LINE ( 'NONE', #2898, #736 ) ;
#2543 = DIRECTION ( 'NONE',  ( -0.000000000000000000, 1.000000000000000000, -0.000000000000000000 ) ) ;
#2544 = ORIENTED_EDGE ( 'NONE', *, *, #1123, .F. ) ;
#2545 = EDGE_CURVE ( 'NONE', #3887, #1594, #94, .T. ) ;
#2546 = ORIENTED_EDGE ( 'NONE', *, *, #211, .T. ) ;
#2547 = CARTESIAN_POINT ( 'NONE',  ( 26.00000000000000000, 2.000000000000000000, -63.00000000000000000 ) ) ;
#2548 = DIRECTION ( 'NONE',  ( 0.000000000000000000, 0.000000000000000000, -1.000000000000000000 ) ) ;
#2549 = AXIS2_PLACEMENT_3D ( 'NONE', #724, #2012, #1658 ) ;
#2550 = VECTOR ( 'NONE', #2661, 1000.000000000000000 ) ;
#2551 = EDGE_LOOP ( 'NONE', ( #2659, #3377 ) ) ;
#2552 = VECTOR ( 'NONE', #1996, 1000.000000000000000 ) ;
#2553 = DIRECTION ( 'NONE',  ( 0.000000000000000000, 1.000000000000000000, 0.000000000000000000 ) ) ;
#2554 = DIRECTION ( 'NONE',  ( -0.000000000000000000, -0.000000000000000000, 1.000000000000000000 ) ) ;
#2555 = DIRECTION ( 'NONE',  ( -0.000000000000000000, -0.000000000000000000, 1.000000000000000000 ) ) ;
#2556 = ORIENTED_EDGE ( 'NONE', *, *, #1767, .F. ) ;
#2557 = ORIENTED_EDGE ( 'NONE', *, *, #3028, .T. ) ;
#2558 = VECTOR ( 'NONE', #367, 1000.000000000000000 ) ;
#2559 = DIRECTION ( 'NONE',  ( 0.000000000000000000, 0.000000000000000000, -1.000000000000000000 ) ) ;
#2560 = DIRECTION ( 'NONE',  ( 1.000000000000000000, 0.000000000000000000, 0.000000000000000000 ) ) ;
#2561 = CARTESIAN_POINT ( 'NONE',  ( 82.99999999999998579, 18.00000000000000000, -85.00000000000000000 ) ) ;
#2562 = ORIENTED_EDGE ( 'NONE', *, *, #561, .T. ) ;
#2563 = ORIENTED_EDGE ( 'NONE', *, *, #646, .T. ) ;
#2564 = EDGE_LOOP ( 'NONE', ( #281, #91, #766, #3092 ) ) ;
#2565 = ORIENTED_EDGE ( 'NONE', *, *, #2310, .T. ) ;
#2566 = LINE ( 'NONE', #979, #2680 ) ;
#2567 = DIRECTION ( 'NONE',  ( 0.000000000000000000, 0.000000000000000000, -1.000000000000000000 ) ) ;
#2568 = AXIS2_PLACEMENT_3D ( 'NONE', #2789, #840, #2705 ) ;
#2569 = ORIENTED_EDGE ( 'NONE', *, *, #1642, .T. ) ;
#2570 = EDGE_CURVE ( 'NONE', #2245, #2202, #1699, .T. ) ;
#2571 = CARTESIAN_POINT ( 'NONE',  ( 2.000000000000000000, 2.000000000000000000, -53.39999999999999147 ) ) ;
#2572 = CARTESIAN_POINT ( 'NONE',  ( 116.9999999999999858, 30.00000000000000000, -85.00000000000000000 ) ) ;
#2573 = CARTESIAN_POINT ( 'NONE',  ( 116.0000000000000000, 30.00000000000000000, -81.00000000000000000 ) ) ;
#2574 = VERTEX_POINT ( 'NONE', #2075 ) ;
#2575 = ORIENTED_EDGE ( 'NONE', *, *, #1494, .F. ) ;
#2576 = DIRECTION ( 'NONE',  ( 0.000000000000000000, 0.000000000000000000, -1.000000000000000000 ) ) ;
#2577 = DIRECTION ( 'NONE',  ( 0.000000000000000000, 0.000000000000000000, 1.000000000000000000 ) ) ;
#2578 = DIRECTION ( 'NONE',  ( 0.000000000000000000, 0.000000000000000000, -1.000000000000000000 ) ) ;
#2579 = ORIENTED_EDGE ( 'NONE', *, *, #1280, .F. ) ;
#2580 = ORIENTED_EDGE ( 'NONE', *, *, #3240, .T. ) ;
#2581 = ORIENTED_EDGE ( 'NONE', *, *, #587, .F. ) ;
#2582 = DIRECTION ( 'NONE',  ( 0.000000000000000000, -1.000000000000000000, 0.000000000000000000 ) ) ;
#2583 = CC_DESIGN_DATE_AND_TIME_ASSIGNMENT ( #1571, #1866, ( #1244 ) ) ;
#2584 = EDGE_CURVE ( 'NONE', #1599, #2033, #1757, .T. ) ;
#2585 = EDGE_CURVE ( 'NONE', #787, #1234, #2981, .T. ) ;
#2586 = VECTOR ( 'NONE', #2358, 1000.000000000000000 ) ;
#2587 = EDGE_CURVE ( 'NONE', #3426, #1175, #3175, .T. ) ;
#2588 = VERTEX_POINT ( 'NONE', #2099 ) ;
#2589 = ADVANCED_FACE ( 'NONE', ( #1423 ), #76, .F. ) ;
#2590 = CARTESIAN_POINT ( 'NONE',  ( 43.00000000000000000, 8.000000000000000000, -66.00000000000000000 ) ) ;
#2591 = DIRECTION ( 'NONE',  ( 0.000000000000000000, 1.000000000000000000, -0.000000000000000000 ) ) ;
#2592 = ORIENTED_EDGE ( 'NONE', *, *, #1494, .T. ) ;
#2593 = VECTOR ( 'NONE', #752, 999.9999999999998863 ) ;
#2594 = CARTESIAN_POINT ( 'NONE',  ( 116.0000000000000000, 21.50000000000000000, -79.75000000000000000 ) ) ;
#2595 = CARTESIAN_POINT ( 'NONE',  ( 32.99999999999998579, 18.00000000000000000, -83.00000000000000000 ) ) ;
#2596 = DIRECTION ( 'NONE',  ( -0.000000000000000000, 0.000000000000000000, 1.000000000000000000 ) ) ;
#2597 = VERTEX_POINT ( 'NONE', #3339 ) ;
#2598 = ORIENTED_EDGE ( 'NONE', *, *, #1642, .F. ) ;
#2599 = ORIENTED_EDGE ( 'NONE', *, *, #1280, .T. ) ;
#2600 = VECTOR ( 'NONE', #1491, 1000.000000000000000 ) ;
#2601 = EDGE_CURVE ( 'NONE', #1830, #985, #1444, .T. ) ;
#2602 = EDGE_LOOP ( 'NONE', ( #2704, #3024, #1804, #2835, #2051, #1671, #1368, #1495, #2794, #2677, #4142, #240, #2903, #643, #3077 ) ) ;
#2603 = CARTESIAN_POINT ( 'NONE',  ( 83.54015206977908292, 21.49000000000000199, 0.000000000000000000 ) ) ;
#2604 = ORIENTED_EDGE ( 'NONE', *, *, #173, .F. ) ;
#2605 = CYLINDRICAL_SURFACE ( 'NONE', #2429, 1.250000000000001110 ) ;
#2606 = AXIS2_PLACEMENT_3D ( 'NONE', #3155, #1854, #2540 ) ;
#2607 = LINE ( 'NONE', #2647, #3711 ) ;
#2608 = AXIS2_PLACEMENT_3D ( 'NONE', #2734, #2673, #65 ) ;
#2609 = ORIENTED_EDGE ( 'NONE', *, *, #3596, .T. ) ;
#2610 = ADVANCED_FACE ( 'NONE', ( #2367 ), #1740, .F. ) ;
#2611 = DIRECTION ( 'NONE',  ( 0.000000000000000000, 0.000000000000000000, 1.000000000000000000 ) ) ;
#2612 = DIRECTION ( 'NONE',  ( -0.000000000000000000, -0.000000000000000000, -1.000000000000000000 ) ) ;
#2613 = ADVANCED_FACE ( 'NONE', ( #493 ), #3047, .T. ) ;
#2614 = CARTESIAN_POINT ( 'NONE',  ( 14.00000000000000355, 8.000000000000000000, -50.39999999999997726 ) ) ;
#2615 = EDGE_LOOP ( 'NONE', ( #2745, #466, #993, #3828 ) ) ;
#2616 = ORIENTED_EDGE ( 'NONE', *, *, #3984, .F. ) ;
#2617 = ORIENTED_EDGE ( 'NONE', *, *, #1648, .F. ) ;
#2618 = EDGE_CURVE ( 'NONE', #1631, #2269, #3235, .T. ) ;
#2619 = ORIENTED_EDGE ( 'NONE', *, *, #2457, .F. ) ;
#2620 = LINE ( 'NONE', #391, #2882 ) ;
#2621 = ORIENTED_EDGE ( 'NONE', *, *, #1888, .T. ) ;
#2622 = AXIS2_PLACEMENT_3D ( 'NONE', #1138, #2109, #2421 ) ;
#2623 = CIRCLE ( 'NONE', #1689, 3.000000000000002665 ) ;
#2624 = DIRECTION ( 'NONE',  ( 0.000000000000000000, -1.000000000000000000, 0.000000000000000000 ) ) ;
#2625 = CARTESIAN_POINT ( 'NONE',  ( 23.64000000000000057, 15.93999999999999950, -30.00000000000000000 ) ) ;
#2626 = ADVANCED_FACE ( 'NONE', ( #3997 ), #1125, .F. ) ;
#2627 = EDGE_CURVE ( 'NONE', #3669, #4170, #2504, .T. ) ;
#2628 = DIRECTION ( 'NONE',  ( -0.000000000000000000, 1.000000000000000000, -0.000000000000000000 ) ) ;
#2629 = EDGE_CURVE ( 'NONE', #2209, #3214, #786, .T. ) ;
#2630 = DIRECTION ( 'NONE',  ( 0.000000000000000000, 1.000000000000000000, 0.000000000000000000 ) ) ;
#2631 = DIRECTION ( 'NONE',  ( -0.000000000000000000, 1.000000000000000000, -0.000000000000000000 ) ) ;
#2632 = FACE_BOUND ( 'NONE', #2551, .T. ) ;
#2633 = VERTEX_POINT ( 'NONE', #2960 ) ;
#2634 = VERTEX_POINT ( 'NONE', #1055 ) ;
#2635 = EDGE_LOOP ( 'NONE', ( #1994, #2821 ) ) ;
#2636 = VERTEX_POINT ( 'NONE', #2326 ) ;
#2637 = CARTESIAN_POINT ( 'NONE',  ( 76.99812283724270401, 10.49000000000000199, 0.000000000000000000 ) ) ;
#2638 = CARTESIAN_POINT ( 'NONE',  ( 98.99999999999997158, 8.000000000000000000, -43.39999999999999858 ) ) ;
#2639 = EDGE_CURVE ( 'NONE', #2142, #2679, #3612, .T. ) ;
#2640 = DIRECTION ( 'NONE',  ( -0.000000000000000000, 1.000000000000000000, -0.000000000000000000 ) ) ;
#2641 = VERTEX_POINT ( 'NONE', #473 ) ;
#2642 = ADVANCED_FACE ( 'NONE', ( #1395 ), #610, .F. ) ;
#2643 = ORIENTED_EDGE ( 'NONE', *, *, #3668, .T. ) ;
#2644 = DIRECTION ( 'NONE',  ( 0.000000000000000000, 0.000000000000000000, 1.000000000000000000 ) ) ;
#2645 = VECTOR ( 'NONE', #2698, 1000.000000000000000 ) ;
#2646 = LINE ( 'NONE', #3933, #2593 ) ;
#2647 = CARTESIAN_POINT ( 'NONE',  ( 0.000000000000000000, 2.000000000000000000, -83.00000000000000000 ) ) ;
#2648 = EDGE_CURVE ( 'NONE', #1265, #2341, #2426, .T. ) ;
#2649 = EDGE_CURVE ( 'NONE', #3920, #1885, #2189, .T. ) ;
#2650 = PLANE ( 'NONE',  #3321 ) ;
#2651 = CARTESIAN_POINT ( 'NONE',  ( 96.03999999044479807, 15.98930879544854733, -2.000000000000000000 ) ) ;
#2652 = CARTESIAN_POINT ( 'NONE',  ( -4.000000000000000000, 30.00000000000000000, -85.00000000000000000 ) ) ;
#2653 = CARTESIAN_POINT ( 'NONE',  ( 9.500000000000010658, 8.000000000000000000, -46.64999999999998437 ) ) ;
#2654 = ORIENTED_EDGE ( 'NONE', *, *, #708, .T. ) ;
#2655 = VERTEX_POINT ( 'NONE', #1785 ) ;
#2656 = EDGE_LOOP ( 'NONE', ( #1468, #1972, #2462, #2773 ) ) ;
#2657 = AXIS2_PLACEMENT_3D ( 'NONE', #2373, #148, #1428 ) ;
#2658 = CIRCLE ( 'NONE', #846, 3.199999999999994404 ) ;
#2659 = ORIENTED_EDGE ( 'NONE', *, *, #595, .F. ) ;
#2660 = FACE_OUTER_BOUND ( 'NONE', #488, .T. ) ;
#2661 = DIRECTION ( 'NONE',  ( -0.000000000000000000, -0.000000000000000000, 1.000000000000000000 ) ) ;
#2662 = CARTESIAN_POINT ( 'NONE',  ( -4.371503159461552616E-14, 8.000000000000000000, -62.99999999999994316 ) ) ;
#2663 = ORIENTED_EDGE ( 'NONE', *, *, #1705, .T. ) ;
#2664 = EDGE_CURVE ( 'NONE', #69, #2245, #3745, .T. ) ;
#2665 = ORIENTED_EDGE ( 'NONE', *, *, #2825, .F. ) ;
#2666 = VECTOR ( 'NONE', #3111, 1000.000000000000000 ) ;
#2667 = DIRECTION ( 'NONE',  ( 0.000000000000000000, 0.000000000000000000, 1.000000000000000000 ) ) ;
#2668 = CARTESIAN_POINT ( 'NONE',  ( 116.9999999999999858, 0.000000000000000000, 0.000000000000000000 ) ) ;
#2669 = DIRECTION ( 'NONE',  ( -1.387778780781445478E-15, 0.000000000000000000, 1.000000000000000000 ) ) ;
#2670 = CIRCLE ( 'NONE', #2549, 8.499999999999992895 ) ;
#2671 = CIRCLE ( 'NONE', #3090, 1.024999999999998135 ) ;
#2672 = LINE ( 'NONE', #3962, #2586 ) ;
#2673 = DIRECTION ( 'NONE',  ( 0.000000000000000000, 0.000000000000000000, 1.000000000000000000 ) ) ;
#2674 = LINE ( 'NONE', #2299, #3573 ) ;
#2675 = DIRECTION ( 'NONE',  ( 0.000000000000000000, -1.000000000000000000, 0.000000000000000000 ) ) ;
#2676 = ORIENTED_EDGE ( 'NONE', *, *, #2458, .F. ) ;
#2677 = ORIENTED_EDGE ( 'NONE', *, *, #2334, .T. ) ;
#2679 = VERTEX_POINT ( 'NONE', #1174 ) ;
#2678 = VECTOR ( 'NONE', #534, 1000.000000000000000 ) ;
#2680 = VECTOR ( 'NONE', #3538, 1000.000000000000000 ) ;
#2681 = ORIENTED_EDGE ( 'NONE', *, *, #3727, .T. ) ;
#2682 = DIRECTION ( 'NONE',  ( -1.000000000000000000, 0.000000000000000000, 0.000000000000000000 ) ) ;
#2683 = DIRECTION ( 'NONE',  ( 1.000000000000000000, 0.000000000000000000, 0.000000000000000000 ) ) ;
#2684 = CARTESIAN_POINT ( 'NONE',  ( 116.0000000000000000, 21.50000000000000000, -81.00000000000000000 ) ) ;
#2685 = EDGE_LOOP ( 'NONE', ( #3533, #1871, #939, #4029 ) ) ;
#2686 = EDGE_CURVE ( 'NONE', #632, #4014, #2522, .T. ) ;
#2687 = VECTOR ( 'NONE', #4000, 1000.000000000000000 ) ;
#2688 = ORIENTED_EDGE ( 'NONE', *, *, #4126, .F. ) ;
#2689 = DIRECTION ( 'NONE',  ( 0.000000000000000000, 0.000000000000000000, 1.000000000000000000 ) ) ;
#2690 = EDGE_CURVE ( 'NONE', #26, #359, #2479, .T. ) ;
#2691 = AXIS2_PLACEMENT_3D ( 'NONE', #3465, #3847, #4168 ) ;
#2692 = LINE ( 'NONE', #121, #181 ) ;
#2693 = DIRECTION ( 'NONE',  ( -0.000000000000000000, -0.000000000000000000, 1.000000000000000000 ) ) ;
#2694 = VECTOR ( 'NONE', #2350, 1000.000000000000000 ) ;
#2695 = CARTESIAN_POINT ( 'NONE',  ( 0.001050333392039481256, 18.99461940477064559, 0.000000000000000000 ) ) ;
#2696 = AXIS2_PLACEMENT_3D ( 'NONE', #2035, #996, #3315 ) ;
#2697 = VECTOR ( 'NONE', #378, 1000.000000000000000 ) ;
#2698 = DIRECTION ( 'NONE',  ( -0.000000000000000000, 1.000000000000000000, -0.000000000000000000 ) ) ;
#2699 = DIRECTION ( 'NONE',  ( 0.000000000000000000, -1.000000000000000000, 0.000000000000000000 ) ) ;
#2700 = LINE ( 'NONE', #4083, #2678 ) ;
#2701 = FACE_OUTER_BOUND ( 'NONE', #3239, .T. ) ;
#2702 = ORIENTED_EDGE ( 'NONE', *, *, #299, .T. ) ;
#2703 = ORIENTED_EDGE ( 'NONE', *, *, #2210, .F. ) ;
#2704 = ORIENTED_EDGE ( 'NONE', *, *, #1286, .T. ) ;
#2705 = DIRECTION ( 'NONE',  ( 0.000000000000000000, 0.000000000000000000, 1.000000000000000000 ) ) ;
#2706 = CARTESIAN_POINT ( 'NONE',  ( 111.0000000000000000, 2.000000000000001776, -37.40000000000001279 ) ) ;
#2707 = CARTESIAN_POINT ( 'NONE',  ( 38.84000000000000341, 15.93999999999999950, -30.00000000000000000 ) ) ;
#2708 = CARTESIAN_POINT ( 'NONE',  ( 76.99812283724270401, 18.48999999999999844, -10.00000000000000000 ) ) ;
#2709 = EDGE_LOOP ( 'NONE', ( #52, #2499, #3188, #3893 ) ) ;
#2710 = AXIS2_PLACEMENT_3D ( 'NONE', #244, #1113, #1530 ) ;
#2711 = CARTESIAN_POINT ( 'NONE',  ( 2.000000000000000000, 2.000000000000000000, 0.000000000000000000 ) ) ;
#2712 = ORIENTED_EDGE ( 'NONE', *, *, #2601, .F. ) ;
#2713 = ADVANCED_FACE ( 'NONE', ( #828 ), #4136, .T. ) ;
#2714 = DIRECTION ( 'NONE',  ( -1.000000000000000000, 0.000000000000000000, -1.387778780781445676E-15 ) ) ;
#2715 = CARTESIAN_POINT ( 'NONE',  ( 32.84000000000001052, 15.93999999999999950, 0.000000000000000000 ) ) ;
#2716 = PLANE ( 'NONE',  #4162 ) ;
#2717 = AXIS2_PLACEMENT_3D ( 'NONE', #484, #1488, #3083 ) ;
#2718 = DIRECTION ( 'NONE',  ( 0.9999999984711561707, -5.529636409402791743E-05, 0.000000000000000000 ) ) ;
#2719 = EDGE_CURVE ( 'NONE', #389, #602, #559, .T. ) ;
#2720 = CALENDAR_DATE ( 2023, 18, 8 ) ;
#2721 = LINE ( 'NONE', #2131, #1237 ) ;
#2722 = CARTESIAN_POINT ( 'NONE',  ( 0.000000000000000000, 21.50000000000000000, -2.750000000000001776 ) ) ;
#2723 = DIRECTION ( 'NONE',  ( -0.000000000000000000, 1.000000000000000000, -0.000000000000000000 ) ) ;
#2724 = ORIENTED_EDGE ( 'NONE', *, *, #1787, .T. ) ;
#2725 = EDGE_LOOP ( 'NONE', ( #1095, #1215, #3413, #907 ) ) ;
#2726 = ORIENTED_EDGE ( 'NONE', *, *, #1572, .T. ) ;
#2727 = CARTESIAN_POINT ( 'NONE',  ( 13.00000000000000178, 2.000000000000000000, -9.000000000000001776 ) ) ;
#2728 = PLANE ( 'NONE',  #809 ) ;
#2729 = CARTESIAN_POINT ( 'NONE',  ( 0.0005803142972453455934, 10.49461941776586826, 0.000000000000000000 ) ) ;
#2730 = ORIENTED_EDGE ( 'NONE', *, *, #1707, .F. ) ;
#2731 = AXIS2_PLACEMENT_3D ( 'NONE', #482, #1773, #2420 ) ;
#2732 = DIRECTION ( 'NONE',  ( -0.000000000000000000, -0.000000000000000000, 1.000000000000000000 ) ) ;
#2733 = CIRCLE ( 'NONE', #316, 3.000000000000002665 ) ;
#2734 = CARTESIAN_POINT ( 'NONE',  ( 54.03999999999999915, 15.93999999999999950, 0.000000000000000000 ) ) ;
#2735 = DIRECTION ( 'NONE',  ( 0.000000000000000000, 0.000000000000000000, -1.000000000000000000 ) ) ;
#2736 = ORIENTED_EDGE ( 'NONE', *, *, #84, .T. ) ;
#2737 = AXIS2_PLACEMENT_3D ( 'NONE', #1733, #427, #778 ) ;
#2738 = FACE_BOUND ( 'NONE', #51, .T. ) ;
#2739 = CYLINDRICAL_SURFACE ( 'NONE', #4118, 5.999999999999998224 ) ;
#2740 = CARTESIAN_POINT ( 'NONE',  ( 113.9999999999999716, 8.000000000000000000, -50.39999999999998437 ) ) ;
#2741 = AXIS2_PLACEMENT_3D ( 'NONE', #2561, #1634, #3174 ) ;
#2742 = DIRECTION ( 'NONE',  ( -0.000000000000000000, 1.000000000000000000, -0.000000000000000000 ) ) ;
#2743 = DIRECTION ( 'NONE',  ( 0.000000000000000000, 0.000000000000000000, 1.000000000000000000 ) ) ;
#2744 = CARTESIAN_POINT ( 'NONE',  ( 82.99999999999997158, 0.000000000000000000, -71.97500000000000853 ) ) ;
#2745 = ORIENTED_EDGE ( 'NONE', *, *, #1799, .F. ) ;
#2746 = AXIS2_PLACEMENT_3D ( 'NONE', #763, #2072, #75 ) ;
#2747 = ADVANCED_FACE ( 'NONE', ( #1809 ), #259, .F. ) ;
#2748 = ORIENTED_EDGE ( 'NONE', *, *, #3900, .F. ) ;
#2749 = ORIENTED_EDGE ( 'NONE', *, *, #964, .T. ) ;
#2750 = CARTESIAN_POINT ( 'NONE',  ( 117.0000000000000000, 0.000000000000000000, -82.00000000000000000 ) ) ;
#2751 = EDGE_CURVE ( 'NONE', #54, #2363, #4099, .T. ) ;
#2752 = FACE_OUTER_BOUND ( 'NONE', #542, .T. ) ;
#2753 = VECTOR ( 'NONE', #930, 1000.000000000000000 ) ;
#2754 = DIRECTION ( 'NONE',  ( 0.000000000000000000, 0.000000000000000000, -1.000000000000000000 ) ) ;
#2755 = ORIENTED_EDGE ( 'NONE', *, *, #3345, .T. ) ;
#2756 = EDGE_CURVE ( 'NONE', #1161, #1741, #2455, .T. ) ;
#2757 = VECTOR ( 'NONE', #3938, 1000.000000000000000 ) ;
#2758 = DIRECTION ( 'NONE',  ( 0.000000000000000000, -1.000000000000000000, 0.000000000000000000 ) ) ;
#2759 = VERTEX_POINT ( 'NONE', #541 ) ;
#2760 = DIRECTION ( 'NONE',  ( -0.000000000000000000, -0.000000000000000000, -1.000000000000000000 ) ) ;
#2761 = VECTOR ( 'NONE', #2459, 1000.000000000000000 ) ;
#2762 = VERTEX_POINT ( 'NONE', #1218 ) ;
#2763 = FACE_BOUND ( 'NONE', #371, .T. ) ;
#2764 = LINE ( 'NONE', #1163, #665 ) ;
#2765 = DIRECTION ( 'NONE',  ( 0.000000000000000000, 0.000000000000000000, 1.000000000000000000 ) ) ;
#2766 = APPLICATION_PROTOCOL_DEFINITION ( 'international standard', 'config_control_design', 1994, #4046 ) ;
#2767 = EDGE_CURVE ( 'NONE', #697, #1234, #3069, .T. ) ;
#2768 = LINE ( 'NONE', #843, #1298 ) ;
#2769 = CARTESIAN_POINT ( 'NONE',  ( 92.99999999999997158, 8.000000000000000000, -66.00000000000001421 ) ) ;
#2770 = CYLINDRICAL_SURFACE ( 'NONE', #2541, 1.250000000000001110 ) ;
#2771 = ORIENTED_EDGE ( 'NONE', *, *, #754, .F. ) ;
#2772 = AXIS2_PLACEMENT_3D ( 'NONE', #3095, #3406, #1471 ) ;
#2773 = ORIENTED_EDGE ( 'NONE', *, *, #2941, .F. ) ;
#2774 = ADVANCED_FACE ( 'NONE', ( #2820 ), #2208, .F. ) ;
#2775 = ORIENTED_EDGE ( 'NONE', *, *, #1127, .F. ) ;
#2776 = AXIS2_PLACEMENT_3D ( 'NONE', #2532, #2553, #2906 ) ;
#2777 = CARTESIAN_POINT ( 'NONE',  ( 96.03983410135249699, 12.98930880003508115, -2.000000000000000000 ) ) ;
#2778 = DIRECTION ( 'NONE',  ( 1.000000000000000000, 0.000000000000000000, 4.625929269271485914E-16 ) ) ;
#2779 = CARTESIAN_POINT ( 'NONE',  ( 0.000000000000000000, 2.000000000000000000, -83.00000000000000000 ) ) ;
#2780 = ORIENTED_EDGE ( 'NONE', *, *, #3163, .T. ) ;
#2781 = DIRECTION ( 'NONE',  ( 0.000000000000000000, -1.000000000000000000, 0.000000000000000000 ) ) ;
#2782 = EDGE_LOOP ( 'NONE', ( #1017, #1576 ) ) ;
#2783 = DIRECTION ( 'NONE',  ( 0.000000000000000000, 0.000000000000000000, 1.000000000000000000 ) ) ;
#2784 = EDGE_CURVE ( 'NONE', #332, #31, #185, .T. ) ;
#2785 = ORIENTED_EDGE ( 'NONE', *, *, #1318, .T. ) ;
#2786 = CARTESIAN_POINT ( 'NONE',  ( 48.03999999999999915, 15.93999999999999950, -1.999999999999998224 ) ) ;
#2787 = CARTESIAN_POINT ( 'NONE',  ( 5.000000000000000000, 2.000000000000001776, -83.00000000000000000 ) ) ;
#2788 = DIRECTION ( 'NONE',  ( 0.000000000000000000, -1.000000000000000000, 0.000000000000000000 ) ) ;
#2789 = CARTESIAN_POINT ( 'NONE',  ( 20.00000000000000000, 8.000000000000000000, -80.00000000000000000 ) ) ;
#2790 = CALENDAR_DATE ( 2023, 18, 8 ) ;
#2791 = DIRECTION ( 'NONE',  ( 0.000000000000000000, 1.000000000000000000, -0.000000000000000000 ) ) ;
#2792 = DIRECTION ( 'NONE',  ( 0.000000000000000000, 0.5150380749100550437, 0.8571673007021117785 ) ) ;
#2793 = CARTESIAN_POINT ( 'NONE',  ( 82.99999999999997158, 0.000000000000000000, -74.02500000000000568 ) ) ;
#2794 = ORIENTED_EDGE ( 'NONE', *, *, #834, .T. ) ;
#2795 = CIRCLE ( 'NONE', #3925, 1.249999999999999334 ) ;
#2796 = EDGE_LOOP ( 'NONE', ( #2261, #516, #2621, #1536 ) ) ;
#2797 = ORIENTED_EDGE ( 'NONE', *, *, #453, .F. ) ;
#2798 = DIRECTION ( 'NONE',  ( 0.000000000000000000, -1.000000000000000000, 0.000000000000000000 ) ) ;
#2799 = DIRECTION ( 'NONE',  ( -1.000000000000000000, -0.000000000000000000, -0.000000000000000000 ) ) ;
#2800 = DIRECTION ( 'NONE',  ( 0.000000000000000000, 0.000000000000000000, 1.000000000000000000 ) ) ;
#2801 = ORIENTED_EDGE ( 'NONE', *, *, #3240, .F. ) ;
#2802 = LINE ( 'NONE', #2711, #2017 ) ;
#2803 = CARTESIAN_POINT ( 'NONE',  ( 98.99999999999997158, 2.000000000000000000, -43.39999999999999858 ) ) ;
#2804 = EDGE_CURVE ( 'NONE', #2272, #1741, #3343, .T. ) ;
#2805 = AXIS2_PLACEMENT_3D ( 'NONE', #2806, #1162, #3417 ) ;
#2806 = CARTESIAN_POINT ( 'NONE',  ( 0.000000000000000000, 0.000000000000000000, 0.000000000000000000 ) ) ;
#2807 = ORIENTED_EDGE ( 'NONE', *, *, #3328, .T. ) ;
#2808 = VECTOR ( 'NONE', #128, 1000.000000000000000 ) ;
#2809 = CARTESIAN_POINT ( 'NONE',  ( 101.9999999999999858, 8.000000000000000000, -47.39999999999999858 ) ) ;
#2810 = PERSON_AND_ORGANIZATION_ROLE ( 'design_supplier' ) ;
#2811 = CARTESIAN_POINT ( 'NONE',  ( 9.500000000000008882, 0.000000000000000000, -7.399999999999987921 ) ) ;
#2812 = CARTESIAN_POINT ( 'NONE',  ( 43.00000000000000000, 6.999999999999999112, -80.00000000000000000 ) ) ;
#2813 = VECTOR ( 'NONE', #252, 1000.000000000000000 ) ;
#2814 = PLANE ( 'NONE',  #1604 ) ;
#2815 = ORIENTED_EDGE ( 'NONE', *, *, #3335, .F. ) ;
#2816 = EDGE_LOOP ( 'NONE', ( #2544, #4065, #850, #1029 ) ) ;
#2817 = EDGE_LOOP ( 'NONE', ( #578, #2884 ) ) ;
#2818 = DIRECTION ( 'NONE',  ( 0.000000000000000000, -0.000000000000000000, -1.000000000000000000 ) ) ;
#2819 = CARTESIAN_POINT ( 'NONE',  ( 92.99999999999997158, 2.000000000000000000, -66.00000000000001421 ) ) ;
#2820 = FACE_OUTER_BOUND ( 'NONE', #274, .T. ) ;
#2821 = ORIENTED_EDGE ( 'NONE', *, *, #1592, .F. ) ;
#2822 = CARTESIAN_POINT ( 'NONE',  ( 116.0000000000000000, 21.50000000000000000, -81.00000000000000000 ) ) ;
#2823 = AXIS2_PLACEMENT_3D ( 'NONE', #3955, #3681, #1131 ) ;
#2824 = DIRECTION ( 'NONE',  ( 0.000000000000000000, 0.000000000000000000, 1.000000000000000000 ) ) ;
#2825 = EDGE_CURVE ( 'NONE', #1885, #1240, #1661, .T. ) ;
#2826 = EDGE_CURVE ( 'NONE', #3904, #3635, #1196, .T. ) ;
#2827 = CARTESIAN_POINT ( 'NONE',  ( 82.99999999999997158, 8.000000000000000000, -73.00000000000001421 ) ) ;
#2828 = ORIENTED_EDGE ( 'NONE', *, *, #3409, .F. ) ;
#2829 = EDGE_CURVE ( 'NONE', #1935, #1841, #449, .T. ) ;
#2830 = CARTESIAN_POINT ( 'NONE',  ( 27.99999999999996803, 0.000000000000000000, -28.20000000000002061 ) ) ;
#2831 = DIRECTION ( 'NONE',  ( 0.000000000000000000, 0.000000000000000000, -1.000000000000000000 ) ) ;
#2832 = CARTESIAN_POINT ( 'NONE',  ( 16.00000000000000000, 2.000000000000000000, -4.999999999999999112 ) ) ;
#2833 = DIRECTION ( 'NONE',  ( -0.000000000000000000, 1.000000000000000000, -0.000000000000000000 ) ) ;
#2834 = ORIENTED_EDGE ( 'NONE', *, *, #597, .F. ) ;
#2835 = ORIENTED_EDGE ( 'NONE', *, *, #3750, .F. ) ;
#2836 = EDGE_CURVE ( 'NONE', #1028, #1735, #1560, .T. ) ;
#2837 = DIRECTION ( 'NONE',  ( 0.000000000000000000, -1.000000000000000000, 0.000000000000000000 ) ) ;
#2838 = CARTESIAN_POINT ( 'NONE',  ( 2.000000000000000000, 8.000000000000000000, -4.999999999999999112 ) ) ;
#2839 = DIRECTION ( 'NONE',  ( -0.000000000000000000, -0.000000000000000000, 1.000000000000000000 ) ) ;
#2840 = CONICAL_SURFACE ( 'NONE', #1078, 1.250000000000001110, 1.029744258676653423 ) ;
#2841 = VERTEX_POINT ( 'NONE', #3723 ) ;
#2842 = AXIS2_PLACEMENT_3D ( 'NONE', #319, #3896, #1266 ) ;
#2843 = CIRCLE ( 'NONE', #3373, 3.000000000000002665 ) ;
#2844 = DIRECTION ( 'NONE',  ( 0.000000000000000000, 0.000000000000000000, 1.000000000000000000 ) ) ;
#2845 = DIRECTION ( 'NONE',  ( -0.000000000000000000, -0.000000000000000000, 1.000000000000000000 ) ) ;
#2846 = EDGE_CURVE ( 'NONE', #2269, #2142, #2875, .T. ) ;
#2847 = CC_DESIGN_PERSON_AND_ORGANIZATION_ASSIGNMENT ( #3506, #2241, ( #1244 ) ) ;
#2848 = FACE_OUTER_BOUND ( 'NONE', #290, .T. ) ;
#2849 = ORIENTED_EDGE ( 'NONE', *, *, #1707, .T. ) ;
#2850 = ADVANCED_FACE ( 'NONE', ( #954 ), #368, .F. ) ;
#2851 = CYLINDRICAL_SURFACE ( 'NONE', #1962, 1.250000000000001110 ) ;
#2852 = FACE_OUTER_BOUND ( 'NONE', #2343, .T. ) ;
#2853 = ADVANCED_FACE ( 'NONE', ( #294 ), #636, .F. ) ;
#2854 = LINE ( 'NONE', #1928, #729 ) ;
#2855 = ORIENTED_EDGE ( 'NONE', *, *, #503, .F. ) ;
#2856 = ORIENTED_EDGE ( 'NONE', *, *, #2032, .T. ) ;
#2857 = CARTESIAN_POINT ( 'NONE',  ( 0.000000000000000000, 30.00000000000000000, -83.00000000000000000 ) ) ;
#2858 = DIRECTION ( 'NONE',  ( -0.000000000000000000, 1.000000000000000000, -0.000000000000000000 ) ) ;
#2859 = DIRECTION ( 'NONE',  ( -0.000000000000000000, -0.000000000000000000, -1.000000000000000000 ) ) ;
#2860 = ORIENTED_EDGE ( 'NONE', *, *, #291, .T. ) ;
#2861 = CIRCLE ( 'NONE', #2985, 3.000000000000002665 ) ;
#2862 = ORIENTED_EDGE ( 'NONE', *, *, #3815, .F. ) ;
#2863 = LINE ( 'NONE', #902, #1400 ) ;
#2864 = CARTESIAN_POINT ( 'NONE',  ( 43.00000000000000000, 8.000000000000000000, -66.00000000000000000 ) ) ;
#2865 = EDGE_LOOP ( 'NONE', ( #1504, #975, #1764, #1219 ) ) ;
#2866 = CIRCLE ( 'NONE', #317, 1.250000000000001110 ) ;
#2867 = DIRECTION ( 'NONE',  ( 0.000000000000000000, 1.000000000000000000, -0.000000000000000000 ) ) ;
#2868 = LINE ( 'NONE', #3485, #664 ) ;
#2869 = DIRECTION ( 'NONE',  ( 0.000000000000000000, -1.000000000000000000, 0.000000000000000000 ) ) ;
#2870 = ORIENTED_EDGE ( 'NONE', *, *, #1575, .F. ) ;
#2871 = ORIENTED_EDGE ( 'NONE', *, *, #420, .T. ) ;
#2872 = DIRECTION ( 'NONE',  ( -0.000000000000000000, -0.000000000000000000, 1.000000000000000000 ) ) ;
#2873 = AXIS2_PLACEMENT_3D ( 'NONE', #2284, #974, #2930 ) ;
#2874 = DIRECTION ( 'NONE',  ( 0.000000000000000000, -1.000000000000000000, 0.000000000000000000 ) ) ;
#2875 = LINE ( 'NONE', #3854, #781 ) ;
#2876 = VERTEX_POINT ( 'NONE', #3193 ) ;
#2877 = EDGE_LOOP ( 'NONE', ( #4091, #209, #1080, #1626 ) ) ;
#2878 = VERTEX_POINT ( 'NONE', #2300 ) ;
#2879 = CARTESIAN_POINT ( 'NONE',  ( 96.03999999044479807, 15.98930879544854733, 0.000000000000000000 ) ) ;
#2880 = FACE_OUTER_BOUND ( 'NONE', #4086, .T. ) ;
#2881 = EDGE_CURVE ( 'NONE', #2634, #955, #3680, .T. ) ;
#2882 = VECTOR ( 'NONE', #432, 1000.000000000000000 ) ;
#2883 = AXIS2_PLACEMENT_3D ( 'NONE', #2080, #98, #2667 ) ;
#2884 = ORIENTED_EDGE ( 'NONE', *, *, #3695, .F. ) ;
#2885 = VECTOR ( 'NONE', #835, 1000.000000000000000 ) ;
#2886 = VECTOR ( 'NONE', #2792, 1000.000000000000000 ) ;
#2887 = VECTOR ( 'NONE', #2525, 1000.000000000000000 ) ;
#2888 = CARTESIAN_POINT ( 'NONE',  ( -1.000000000000000444, 30.00000000000000000, -82.00000000000000000 ) ) ;
#2889 = FACE_OUTER_BOUND ( 'NONE', #3919, .T. ) ;
#2890 = LINE ( 'NONE', #3848, #335 ) ;
#2891 = VERTEX_POINT ( 'NONE', #15 ) ;
#2892 = ORIENTED_EDGE ( 'NONE', *, *, #328, .F. ) ;
#2893 = AXIS2_PLACEMENT_3D ( 'NONE', #1580, #635, #1597 ) ;
#2894 = EDGE_CURVE ( 'NONE', #802, #3693, #4174, .T. ) ;
#2895 = ADVANCED_FACE ( 'NONE', ( #621, #3571 ), #1897, .T. ) ;
#2896 = DIRECTION ( 'NONE',  ( -0.000000000000000000, -1.000000000000000000, -0.000000000000000000 ) ) ;
#2897 = EDGE_CURVE ( 'NONE', #3693, #2993, #383, .T. ) ;
#2898 = CARTESIAN_POINT ( 'NONE',  ( 43.00000000000000000, 2.000000000000000000, 0.000000000000000000 ) ) ;
#2899 = DIRECTION ( 'NONE',  ( -0.000000000000000000, 1.000000000000000000, -0.000000000000000000 ) ) ;
#2900 = ORIENTED_EDGE ( 'NONE', *, *, #1998, .F. ) ;
#2901 = ORIENTED_EDGE ( 'NONE', *, *, #3326, .T. ) ;
#2902 = EDGE_CURVE ( 'NONE', #1192, #1441, #1467, .T. ) ;
#2903 = ORIENTED_EDGE ( 'NONE', *, *, #811, .F. ) ;
#2904 = PLANE ( 'NONE',  #2346 ) ;
#2905 = ORIENTED_EDGE ( 'NONE', *, *, #305, .T. ) ;
#2906 = DIRECTION ( 'NONE',  ( 0.000000000000000000, -0.000000000000000000, 1.000000000000000000 ) ) ;
#2907 = CARTESIAN_POINT ( 'NONE',  ( 72.99999999999998579, 8.000000000000000000, 0.000000000000000000 ) ) ;
#2908 = AXIS2_PLACEMENT_3D ( 'NONE', #3464, #2086, #3109 ) ;
#2909 = ORIENTED_EDGE ( 'NONE', *, *, #3816, .F. ) ;
#2910 = EDGE_CURVE ( 'NONE', #1391, #2363, #1933, .T. ) ;
#2911 = EDGE_LOOP ( 'NONE', ( #2287, #1281, #7, #829 ) ) ;
#2912 = DIRECTION ( 'NONE',  ( 0.000000000000000000, 1.000000000000000000, 0.000000000000000000 ) ) ;
#2913 = DIRECTION ( 'NONE',  ( -0.000000000000000000, -0.000000000000000000, 1.000000000000000000 ) ) ;
#2914 = CARTESIAN_POINT ( 'NONE',  ( 116.0000000000000000, 21.50000000000000000, -79.75000000000000000 ) ) ;
#2915 = ORIENTED_EDGE ( 'NONE', *, *, #2320, .T. ) ;
#2916 = ORIENTED_EDGE ( 'NONE', *, *, #338, .T. ) ;
#2917 = ORIENTED_EDGE ( 'NONE', *, *, #3366, .F. ) ;
#2918 = ORIENTED_EDGE ( 'NONE', *, *, #3363, .F. ) ;
#2919 = DIRECTION ( 'NONE',  ( 0.000000000000000000, 0.5150380749100536004, 0.8571673007021125557 ) ) ;
#2920 = AXIS2_PLACEMENT_3D ( 'NONE', #1004, #1361, #1342 ) ;
#2921 = ORIENTED_EDGE ( 'NONE', *, *, #1998, .T. ) ;
#2922 = EDGE_CURVE ( 'NONE', #3518, #16, #3676, .T. ) ;
#2923 = DIRECTION ( 'NONE',  ( 0.000000000000000000, 0.000000000000000000, -1.000000000000000000 ) ) ;
#2924 = FACE_OUTER_BOUND ( 'NONE', #489, .T. ) ;
#2925 = EDGE_CURVE ( 'NONE', #2994, #54, #1311, .T. ) ;
#2926 = ORIENTED_EDGE ( 'NONE', *, *, #277, .F. ) ;
#2927 = CIRCLE ( 'NONE', #3073, 8.499999999999992895 ) ;
#2928 = CARTESIAN_POINT ( 'NONE',  ( 9.500000000000008882, 8.000000000000000000, -8.649999999999987921 ) ) ;
#2929 = LINE ( 'NONE', #2973, #879 ) ;
#2930 = DIRECTION ( 'NONE',  ( 0.000000000000000000, 0.000000000000000000, 1.000000000000000000 ) ) ;
#2931 = ORIENTED_EDGE ( 'NONE', *, *, #4166, .F. ) ;
#2932 = ORIENTED_EDGE ( 'NONE', *, *, #1742, .F. ) ;
#2933 = ORIENTED_EDGE ( 'NONE', *, *, #2826, .T. ) ;
#2934 = VECTOR ( 'NONE', #658, 1000.000000000000000 ) ;
#2935 = ORIENTED_EDGE ( 'NONE', *, *, #3388, .F. ) ;
#2936 = DIRECTION ( 'NONE',  ( -0.000000000000000000, 1.000000000000000000, -0.000000000000000000 ) ) ;
#2937 = VECTOR ( 'NONE', #3137, 1000.000000000000000 ) ;
#2938 = EDGE_CURVE ( 'NONE', #779, #1308, #1618, .T. ) ;
#2939 = ORIENTED_EDGE ( 'NONE', *, *, #1160, .F. ) ;
#2940 = AXIS2_PLACEMENT_3D ( 'NONE', #2750, #1807, #3472 ) ;
#2941 = EDGE_CURVE ( 'NONE', #894, #1032, #187, .T. ) ;
#2942 = EDGE_CURVE ( 'NONE', #2983, #2068, #3871, .T. ) ;
#2943 = CARTESIAN_POINT ( 'NONE',  ( 1.530808498934189598E-16, 21.50000000000000000, -82.25000000000000000 ) ) ;
#2944 = VECTOR ( 'NONE', #2714, 1000.000000000000000 ) ;
#2945 = DIRECTION ( 'NONE',  ( 0.000000000000000000, 0.000000000000000000, -1.000000000000000000 ) ) ;
#2946 = VECTOR ( 'NONE', #2699, 1000.000000000000000 ) ;
#2947 = ORIENTED_EDGE ( 'NONE', *, *, #1997, .T. ) ;
#2948 = LINE ( 'NONE', #3915, #2043 ) ;
#2949 = DIRECTION ( 'NONE',  ( 0.000000000000000000, 0.000000000000000000, 1.000000000000000000 ) ) ;
#2950 = DIRECTION ( 'NONE',  ( 0.000000000000000000, 0.5150380749100550437, 0.8571673007021117785 ) ) ;
#2951 = CARTESIAN_POINT ( 'NONE',  ( 5.000000000000000888, 8.000000000000000000, -11.99999999999999822 ) ) ;
#2952 = ORIENTED_EDGE ( 'NONE', *, *, #3328, .F. ) ;
#2953 = ORIENTED_EDGE ( 'NONE', *, *, #521, .T. ) ;
#2954 = VECTOR ( 'NONE', #3098, 1000.000000000000000 ) ;
#2955 = EDGE_CURVE ( 'NONE', #3448, #2309, #44, .T. ) ;
#2956 = EDGE_LOOP ( 'NONE', ( #2203, #4015, #412, #4116 ) ) ;
#2957 = ORIENTED_EDGE ( 'NONE', *, *, #2527, .F. ) ;
#2958 = FACE_OUTER_BOUND ( 'NONE', #3451, .T. ) ;
#2959 = DIRECTION ( 'NONE',  ( 0.000000000000000000, -0.000000000000000000, 1.000000000000000000 ) ) ;
#2960 = CARTESIAN_POINT ( 'NONE',  ( 97.00000000000000000, 2.000000000000000000, -1.999999999999999556 ) ) ;
#2961 = EDGE_CURVE ( 'NONE', #2033, #356, #311, .T. ) ;
#2962 = ORIENTED_EDGE ( 'NONE', *, *, #2922, .T. ) ;
#2963 = EDGE_CURVE ( 'NONE', #3208, #1213, #1329, .T. ) ;
#2964 = CARTESIAN_POINT ( 'NONE',  ( 116.0000000000000000, 21.50000000000000000, -81.00000000000000000 ) ) ;
#2965 = AXIS2_PLACEMENT_3D ( 'NONE', #2386, #234, #184 ) ;
#2966 = AXIS2_PLACEMENT_3D ( 'NONE', #983, #2257, #3183 ) ;
#2967 = AXIS2_PLACEMENT_3D ( 'NONE', #3599, #2591, #344 ) ;
#2968 = CARTESIAN_POINT ( 'NONE',  ( 17.00000000000000000, 8.000000000000000000, -50.39999999999997726 ) ) ;
#2969 = DIRECTION ( 'NONE',  ( 1.000000000000000000, 0.000000000000000000, 0.000000000000000000 ) ) ;
#2970 = CARTESIAN_POINT ( 'NONE',  ( -4.000000000000000000, 115.2877482408815837, -85.00000000000000000 ) ) ;
#2971 = EDGE_CURVE ( 'NONE', #761, #3904, #1954, .T. ) ;
#2972 = CARTESIAN_POINT ( 'NONE',  ( 4.999999999999997335, 8.000000000000000000, -50.39999999999998437 ) ) ;
#2973 = CARTESIAN_POINT ( 'NONE',  ( 0.000000000000000000, 21.50000000000000000, -79.75000000000000000 ) ) ;
#2974 = CARTESIAN_POINT ( 'NONE',  ( -1.139683305398139331E-14, 21.48999999999995580, -10.00000000000000000 ) ) ;
#2975 = ORIENTED_EDGE ( 'NONE', *, *, #3570, .T. ) ;
#2976 = EDGE_LOOP ( 'NONE', ( #3340, #3589, #692, #565 ) ) ;
#2977 = ORIENTED_EDGE ( 'NONE', *, *, #685, .T. ) ;
#2978 = ORIENTED_EDGE ( 'NONE', *, *, #3325, .T. ) ;
#2979 = DIRECTION ( 'NONE',  ( 0.000000000000000000, -1.000000000000000000, 0.000000000000000000 ) ) ;
#2980 = CARTESIAN_POINT ( 'NONE',  ( 5.000000000000000000, 8.000000000000000000, -4.999999999999999112 ) ) ;
#2981 = LINE ( 'NONE', #1102, #415 ) ;
#2982 = EDGE_LOOP ( 'NONE', ( #2935, #1583, #1278, #4152 ) ) ;
#2983 = VERTEX_POINT ( 'NONE', #2340 ) ;
#2984 = CARTESIAN_POINT ( 'NONE',  ( 2.000000000000000000, 2.000000000000000000, 0.000000000000000000 ) ) ;
#2985 = AXIS2_PLACEMENT_3D ( 'NONE', #13, #1293, #2576 ) ;
#2986 = CARTESIAN_POINT ( 'NONE',  ( 40.00000000000000000, 8.000000000000000000, -66.00000000000000000 ) ) ;
#2987 = CARTESIAN_POINT ( 'NONE',  ( 114.0000000000000000, 30.00000000000000000, -15.00000000000000000 ) ) ;
#2988 = CARTESIAN_POINT ( 'NONE',  ( 92.99999999999997158, 2.000000000000000000, 0.000000000000000000 ) ) ;
#2989 = EDGE_CURVE ( 'NONE', #985, #2245, #982, .T. ) ;
#2990 = CARTESIAN_POINT ( 'NONE',  ( 72.99999999999998579, 8.000000000000000000, 0.000000000000000000 ) ) ;
#2991 = DIRECTION ( 'NONE',  ( -1.000000000000000000, 5.303319243360361186E-16, 0.000000000000000000 ) ) ;
#2992 = DIRECTION ( 'NONE',  ( -0.000000000000000000, 1.000000000000000000, -0.000000000000000000 ) ) ;
#2993 = VERTEX_POINT ( 'NONE', #3353 ) ;
#2994 = VERTEX_POINT ( 'NONE', #3940 ) ;
#2995 = ORIENTED_EDGE ( 'NONE', *, *, #3184, .F. ) ;
#2996 = ORIENTED_EDGE ( 'NONE', *, *, #4028, .T. ) ;
#2997 = LINE ( 'NONE', #3610, #525 ) ;
#2998 = LINE ( 'NONE', #703, #1205 ) ;
#2999 = ADVANCED_FACE ( 'NONE', ( #3918 ), #156, .F. ) ;
#3000 = DIRECTION ( 'NONE',  ( 0.000000000000000000, 0.000000000000000000, 1.000000000000000000 ) ) ;
#3001 = ORIENTED_EDGE ( 'NONE', *, *, #2627, .T. ) ;
#3002 = AXIS2_PLACEMENT_3D ( 'NONE', #2047, #2675, #1437 ) ;
#3003 = EDGE_LOOP ( 'NONE', ( #3991, #956 ) ) ;
#3004 = AXIS2_PLACEMENT_3D ( 'NONE', #1151, #1877, #2118 ) ;
#3005 = LINE ( 'NONE', #498, #2885 ) ;
#3006 = CARTESIAN_POINT ( 'NONE',  ( 95.99999999999997158, 30.00000000000000000, -80.00000000000000000 ) ) ;
#3007 = DIRECTION ( 'NONE',  ( -0.000000000000000000, 1.000000000000000000, -0.000000000000000000 ) ) ;
#3008 = DIRECTION ( 'NONE',  ( 0.000000000000000000, 0.000000000000000000, 1.000000000000000000 ) ) ;
#3009 = CIRCLE ( 'NONE', #4034, 3.000000000000002665 ) ;
#3010 = CARTESIAN_POINT ( 'NONE',  ( 0.000000000000000000, 21.50000000000000000, -4.000000000000000000 ) ) ;
#3011 = CARTESIAN_POINT ( 'NONE',  ( 38.84000000000000341, 15.93999999999999950, -1.999999999999998224 ) ) ;
#3012 = DIRECTION ( 'NONE',  ( 0.000000000000000000, 1.000000000000000000, 0.000000000000000000 ) ) ;
#3013 = LINE ( 'NONE', #717, #1462 ) ;
#3014 = ORIENTED_EDGE ( 'NONE', *, *, #2212, .T. ) ;
#3016 = ORIENTED_EDGE ( 'NONE', *, *, #3076, .T. ) ;
#3015 = AXIS2_PLACEMENT_3D ( 'NONE', #29, #1310, #988 ) ;
#3017 = EDGE_CURVE ( 'NONE', #2407, #3523, #1364, .T. ) ;
#3018 = AXIS2_PLACEMENT_3D ( 'NONE', #582, #2507, #3197 ) ;
#3019 = EDGE_CURVE ( 'NONE', #3475, #2068, #87, .T. ) ;
#3020 = ORIENTED_EDGE ( 'NONE', *, *, #1456, .T. ) ;
#3021 = CARTESIAN_POINT ( 'NONE',  ( 23.00000000000000000, 2.000000000000000000, 0.000000000000000000 ) ) ;
#3022 = DIRECTION ( 'NONE',  ( 1.000000000000000000, -0.000000000000000000, -1.541976423090495387E-16 ) ) ;
#3023 = CARTESIAN_POINT ( 'NONE',  ( 89.99999999999997158, 2.000000000000000000, -66.00000000000001421 ) ) ;
#3024 = ORIENTED_EDGE ( 'NONE', *, *, #3335, .T. ) ;
#3025 = AXIS2_PLACEMENT_3D ( 'NONE', #3901, #739, #716 ) ;
#3026 = DIRECTION ( 'NONE',  ( 0.000000000000000000, 0.000000000000000000, 1.000000000000000000 ) ) ;
#3027 = EDGE_LOOP ( 'NONE', ( #2285, #236, #1911, #1315 ) ) ;
#3028 = EDGE_CURVE ( 'NONE', #1594, #1905, #105, .T. ) ;
#3029 = CARTESIAN_POINT ( 'NONE',  ( 88.00000000000000000, -8.000000000000000000, -25.00000000000002487 ) ) ;
#3030 = VECTOR ( 'NONE', #613, 1000.000000000000000 ) ;
#3031 = PLANE ( 'NONE',  #2657 ) ;
#3032 = LINE ( 'NONE', #4032, #1060 ) ;
#3033 = AXIS2_PLACEMENT_3D ( 'NONE', #765, #3000, #1719 ) ;
#3034 = DIRECTION ( 'NONE',  ( 0.000000000000000000, 1.000000000000000000, -0.000000000000000000 ) ) ;
#3035 = VECTOR ( 'NONE', #3258, 1000.000000000000000 ) ;
#3036 = AXIS2_PLACEMENT_3D ( 'NONE', #1249, #2534, #3825 ) ;
#3037 = DATE_AND_TIME ( #2790, #905 ) ;
#3038 = DIRECTION ( 'NONE',  ( 0.000000000000000000, 0.000000000000000000, 1.000000000000000000 ) ) ;
#3039 = LINE ( 'NONE', #3738, #5 ) ;
#3040 = DIRECTION ( 'NONE',  ( 1.000000000000000000, 0.000000000000000000, -0.000000000000000000 ) ) ;
#3041 = EDGE_CURVE ( 'NONE', #2164, #2983, #3013, .T. ) ;
#3042 = ORIENTED_EDGE ( 'NONE', *, *, #3835, .T. ) ;
#3043 = VERTEX_POINT ( 'NONE', #2653 ) ;
#3044 = VERTEX_POINT ( 'NONE', #1047 ) ;
#3045 = DIRECTION ( 'NONE',  ( 0.000000000000000000, -1.000000000000000000, 0.000000000000000000 ) ) ;
#3046 = LINE ( 'NONE', #1497, #475 ) ;
#3047 = CYLINDRICAL_SURFACE ( 'NONE', #3980, 3.000000000000000888 ) ;
#3048 = ORIENTED_EDGE ( 'NONE', *, *, #3750, .T. ) ;
#3049 = AXIS2_PLACEMENT_3D ( 'NONE', #1825, #1800, #505 ) ;
#3050 = DIRECTION ( 'NONE',  ( 0.000000000000000000, 0.000000000000000000, 1.000000000000000000 ) ) ;
#3051 = ORIENTED_EDGE ( 'NONE', *, *, #699, .T. ) ;
#3052 = DIRECTION ( 'NONE',  ( -1.000000000000000000, 0.000000000000000000, 0.000000000000000000 ) ) ;
#3053 = ORIENTED_EDGE ( 'NONE', *, *, #2963, .F. ) ;
#3054 = CARTESIAN_POINT ( 'NONE',  ( 2.000000000000000000, 2.000000000000000000, -80.00000000000000000 ) ) ;
#3055 = CARTESIAN_POINT ( 'NONE',  ( -1.000000000000009548, 0.000000000000000000, 0.000000000000000000 ) ) ;
#3056 =( GEOMETRIC_REPRESENTATION_CONTEXT ( 3 ) GLOBAL_UNCERTAINTY_ASSIGNED_CONTEXT ( ( #963 ) ) GLOBAL_UNIT_ASSIGNED_CONTEXT ( ( #1112, #3126, #1844 ) ) REPRESENTATION_CONTEXT ( 'NONE', 'WORKASPACE' ) );
#3057 = CARTESIAN_POINT ( 'NONE',  ( 0.000000000000000000, 30.00000000000000000, 0.000000000000000000 ) ) ;
#3058 = EDGE_CURVE ( 'NONE', #2510, #3868, #1263, .T. ) ;
#3059 = EDGE_CURVE ( 'NONE', #58, #2224, #1043, .T. ) ;
#3060 = CARTESIAN_POINT ( 'NONE',  ( 26.00000000000000000, 2.000000000000000000, -63.00000000000000000 ) ) ;
#3061 = DIRECTION ( 'NONE',  ( 0.000000000000000000, 1.000000000000000000, -0.000000000000000000 ) ) ;
#3062 = EDGE_CURVE ( 'NONE', #2341, #1857, #3331, .T. ) ;
#3063 = DIRECTION ( 'NONE',  ( 0.000000000000000000, 0.000000000000000000, 1.000000000000000000 ) ) ;
#3064 = EDGE_LOOP ( 'NONE', ( #3488, #313, #1297, #2726 ) ) ;
#3065 = ORIENTED_EDGE ( 'NONE', *, *, #1902, .T. ) ;
#3066 = ORIENTED_EDGE ( 'NONE', *, *, #1902, .F. ) ;
#3067 = CARTESIAN_POINT ( 'NONE',  ( 0.000000000000000000, 2.000000000000000000, 0.000000000000000000 ) ) ;
#3068 = CARTESIAN_POINT ( 'NONE',  ( 82.99999999999998579, 18.00000000000000000, -80.00000000000000000 ) ) ;
#3069 = LINE ( 'NONE', #4069, #3884 ) ;
#3070 = ORIENTED_EDGE ( 'NONE', *, *, #2971, .T. ) ;
#3071 = CIRCLE ( 'NONE', #1254, 3.000000000000002665 ) ;
#3072 = DIRECTION ( 'NONE',  ( 0.000000000000000000, 0.000000000000000000, -1.000000000000000000 ) ) ;
#3073 = AXIS2_PLACEMENT_3D ( 'NONE', #212, #880, #1155 ) ;
#3074 = CARTESIAN_POINT ( 'NONE',  ( 9.500000000000010658, 0.000000000000000000, -45.39999999999998437 ) ) ;
#3075 = CARTESIAN_POINT ( 'NONE',  ( 38.84000000000000341, 15.93999999999999950, -1.999999999999998224 ) ) ;
#3076 = EDGE_CURVE ( 'NONE', #3230, #3215, #1875, .T. ) ;
#3077 = ORIENTED_EDGE ( 'NONE', *, *, #278, .T. ) ;
#3078 = VECTOR ( 'NONE', #3247, 1000.000000000000000 ) ;
#3079 = CYLINDRICAL_SURFACE ( 'NONE', #1317, 1.024999999999998135 ) ;
#3080 = LINE ( 'NONE', #2127, #3961 ) ;
#3081 = DIRECTION ( 'NONE',  ( 1.000000000000000000, 0.000000000000000000, 1.387778780781445478E-15 ) ) ;
#3082 = ADVANCED_FACE ( 'NONE', ( #3648 ), #2029, .F. ) ;
#3083 = DIRECTION ( 'NONE',  ( 1.000000000000000000, 0.000000000000000000, 0.000000000000000000 ) ) ;
#3084 = LINE ( 'NONE', #3127, #688 ) ;
#3085 = CYLINDRICAL_SURFACE ( 'NONE', #866, 1.024999999999998135 ) ;
#3086 = DIRECTION ( 'NONE',  ( 0.000000000000000000, -1.000000000000000000, 0.000000000000000000 ) ) ;
#3087 = AXIS2_PLACEMENT_3D ( 'NONE', #3582, #690, #1663 ) ;
#3088 = ORIENTED_EDGE ( 'NONE', *, *, #358, .T. ) ;
#3089 = EDGE_CURVE ( 'NONE', #519, #3635, #1802, .T. ) ;
#3090 = AXIS2_PLACEMENT_3D ( 'NONE', #3908, #135, #3276 ) ;
#3091 = ORIENTED_EDGE ( 'NONE', *, *, #3273, .F. ) ;
#3092 = ORIENTED_EDGE ( 'NONE', *, *, #1401, .T. ) ;
#3093 = DIRECTION ( 'NONE',  ( 1.000000000000000000, -1.156482317317870344E-15, 0.000000000000000000 ) ) ;
#3094 = DIRECTION ( 'NONE',  ( -1.000000000000000000, 0.000000000000000000, 0.000000000000000000 ) ) ;
#3095 = CARTESIAN_POINT ( 'NONE',  ( 88.00000000000000000, 0.000000000000000000, -25.00000000000002487 ) ) ;
#3096 = ORIENTED_EDGE ( 'NONE', *, *, #1083, .T. ) ;
#3097 = EDGE_CURVE ( 'NONE', #3548, #31, #445, .T. ) ;
#3098 = DIRECTION ( 'NONE',  ( 1.049727191138617956E-16, 0.5150380749100550437, -0.8571673007021117785 ) ) ;
#3099 = ORIENTED_EDGE ( 'NONE', *, *, #2282, .T. ) ;
#3100 = LINE ( 'NONE', #414, #589 ) ;
#3101 = CIRCLE ( 'NONE', #1220, 8.499999999999992895 ) ;
#3102 = ORIENTED_EDGE ( 'NONE', *, *, #3639, .T. ) ;
#3103 = EDGE_CURVE ( 'NONE', #3215, #2388, #758, .T. ) ;
#3104 = FACE_BOUND ( 'NONE', #2523, .T. ) ;
#3105 = DIRECTION ( 'NONE',  ( 1.000000000000000000, 0.000000000000000000, 0.000000000000000000 ) ) ;
#3106 = LINE ( 'NONE', #2355, #3976 ) ;
#3107 = DIRECTION ( 'NONE',  ( -5.529636409402791065E-05, -0.9999999984711560597, 0.000000000000000000 ) ) ;
#3108 = COORDINATED_UNIVERSAL_TIME_OFFSET ( 1, 0, .AHEAD. ) ;
#3109 = DIRECTION ( 'NONE',  ( 0.000000000000000000, 0.000000000000000000, -1.000000000000000000 ) ) ;
#3110 = CARTESIAN_POINT ( 'NONE',  ( 103.0000000000000142, 2.000000000000000000, -9.000000000000001776 ) ) ;
#3111 = DIRECTION ( 'NONE',  ( -0.000000000000000000, 1.000000000000000000, -0.000000000000000000 ) ) ;
#3112 = ORIENTED_EDGE ( 'NONE', *, *, #2784, .T. ) ;
#3113 = EDGE_LOOP ( 'NONE', ( #180, #2031, #3720, #1424 ) ) ;
#3114 = ORIENTED_EDGE ( 'NONE', *, *, #1232, .T. ) ;
#3115 = DIRECTION ( 'NONE',  ( -0.000000000000000000, 1.000000000000000000, -0.000000000000000000 ) ) ;
#3116 = CYLINDRICAL_SURFACE ( 'NONE', #2965, 3.000000000000002665 ) ;
#3117 = DIRECTION ( 'NONE',  ( 0.000000000000000000, 0.000000000000000000, -1.000000000000000000 ) ) ;
#3118 = ORIENTED_EDGE ( 'NONE', *, *, #375, .F. ) ;
#3119 = EDGE_CURVE ( 'NONE', #1134, #26, #2394, .T. ) ;
#3120 = DIRECTION ( 'NONE',  ( 1.000000000000000000, 0.000000000000000000, 0.000000000000000000 ) ) ;
#3121 = DIRECTION ( 'NONE',  ( -0.000000000000000000, 1.000000000000000000, -0.000000000000000000 ) ) ;
#3122 = AXIS2_PLACEMENT_3D ( 'NONE', #1510, #2791, #4082 ) ;
#3123 = DIRECTION ( 'NONE',  ( 1.000000000000000000, -0.000000000000000000, 0.000000000000000000 ) ) ;
#3124 = ORIENTED_EDGE ( 'NONE', *, *, #1769, .T. ) ;
#3125 = DIRECTION ( 'NONE',  ( 0.000000000000000000, 1.000000000000000000, -0.000000000000000000 ) ) ;
#3126 =( NAMED_UNIT ( * ) PLANE_ANGLE_UNIT ( ) SI_UNIT ( $, .RADIAN. ) );
#3127 = CARTESIAN_POINT ( 'NONE',  ( 17.00000000000000000, 8.000000000000000000, -47.39999999999997726 ) ) ;
#3128 = DIRECTION ( 'NONE',  ( 0.000000000000000000, -1.000000000000000000, 0.000000000000000000 ) ) ;
#3129 = LINE ( 'NONE', #570, #2600 ) ;
#3130 = ORIENTED_EDGE ( 'NONE', *, *, #1685, .F. ) ;
#3131 = AXIS2_PLACEMENT_3D ( 'NONE', #987, #28, #2559 ) ;
#3132 = ORIENTED_EDGE ( 'NONE', *, *, #1104, .T. ) ;
#3133 = ADVANCED_FACE ( 'NONE', ( #2701 ), #465, .F. ) ;
#3134 = VERTEX_POINT ( 'NONE', #1670 ) ;
#3135 = DIRECTION ( 'NONE',  ( -0.000000000000000000, -1.000000000000000000, 0.000000000000000000 ) ) ;
#3136 = PLANE ( 'NONE',  #2024 ) ;
#3137 = DIRECTION ( 'NONE',  ( -0.000000000000000000, 1.000000000000000000, -0.000000000000000000 ) ) ;
#3138 = VERTEX_POINT ( 'NONE', #2951 ) ;
#3139 = ADVANCED_FACE ( 'NONE', ( #68, #2632 ), #3290, .T. ) ;
#3140 = DIRECTION ( 'NONE',  ( 0.000000000000000000, 1.000000000000000000, 0.000000000000000000 ) ) ;
#3141 = DIRECTION ( 'NONE',  ( 0.000000000000000000, 0.000000000000000000, -1.000000000000000000 ) ) ;
#3142 = CIRCLE ( 'NONE', #3263, 3.000000000000002665 ) ;
#3143 = LINE ( 'NONE', #170, #980 ) ;
#3144 = ORIENTED_EDGE ( 'NONE', *, *, #1081, .F. ) ;
#3145 = VECTOR ( 'NONE', #1212, 1000.000000000000000 ) ;
#3146 = LINE ( 'NONE', #1737, #2095 ) ;
#3147 = APPROVAL_ROLE ( '' ) ;
#3148 = FACE_OUTER_BOUND ( 'NONE', #3872, .T. ) ;
#3149 = CARTESIAN_POINT ( 'NONE',  ( 20.00000000000000000, 8.000000000000000000, -83.00000000000000000 ) ) ;
#3150 = AXIS2_PLACEMENT_3D ( 'NONE', #1008, #3513, #1277 ) ;
#3151 = FACE_OUTER_BOUND ( 'NONE', #3354, .T. ) ;
#3152 = EDGE_LOOP ( 'NONE', ( #933, #34, #3903, #2598 ) ) ;
#3153 = ORIENTED_EDGE ( 'NONE', *, *, #2461, .F. ) ;
#3154 = ORIENTED_EDGE ( 'NONE', *, *, #228, .T. ) ;
#3155 = CARTESIAN_POINT ( 'NONE',  ( 33.00000000000000000, 8.000000000000001776, -73.00000000000001421 ) ) ;
#3156 = FACE_OUTER_BOUND ( 'NONE', #1918, .T. ) ;
#3157 = CARTESIAN_POINT ( 'NONE',  ( 5.000000000000000000, 30.00000000000000000, -80.00000000000000000 ) ) ;
#3158 = ORIENTED_EDGE ( 'NONE', *, *, #3618, .F. ) ;
#3159 = VECTOR ( 'NONE', #791, 1000.000000000000000 ) ;
#3160 = CARTESIAN_POINT ( 'NONE',  ( 111.0000000000000000, 30.00000000000000000, -80.00000000000000000 ) ) ;
#3161 = CARTESIAN_POINT ( 'NONE',  ( 106.5000000000000142, 8.000000000000000000, -45.39999999999999858 ) ) ;
#3162 = CIRCLE ( 'NONE', #1889, 3.199999999999994404 ) ;
#3163 = EDGE_CURVE ( 'NONE', #1050, #742, #257, .T. ) ;
#3164 = FACE_BOUND ( 'NONE', #2602, .T. ) ;
#3165 = ORIENTED_EDGE ( 'NONE', *, *, #573, .T. ) ;
#3166 = DIRECTION ( 'NONE',  ( 0.000000000000000000, 0.000000000000000000, 1.000000000000000000 ) ) ;
#3167 = CALENDAR_DATE ( 2023, 18, 8 ) ;
#3168 = CARTESIAN_POINT ( 'NONE',  ( 89.99999999999997158, 8.000000000000000000, -63.00000000000001421 ) ) ;
#3169 = DIRECTION ( 'NONE',  ( -0.000000000000000000, -0.000000000000000000, 1.000000000000000000 ) ) ;
#3170 = ORIENTED_EDGE ( 'NONE', *, *, #686, .F. ) ;
#3171 = ORIENTED_EDGE ( 'NONE', *, *, #1588, .T. ) ;
#3172 = CARTESIAN_POINT ( 'NONE',  ( 2.000000000000000000, 30.00000000000000000, 0.000000000000000000 ) ) ;
#3173 = LINE ( 'NONE', #973, #543 ) ;
#3174 = DIRECTION ( 'NONE',  ( -1.000000000000000000, 0.000000000000000000, 0.000000000000000000 ) ) ;
#3175 = CIRCLE ( 'NONE', #2173, 1.250000000000001110 ) ;
#3176 = ORIENTED_EDGE ( 'NONE', *, *, #2767, .T. ) ;
#3177 = VECTOR ( 'NONE', #3562, 1000.000000000000000 ) ;
#3178 = AXIS2_PLACEMENT_3D ( 'NONE', #3583, #691, #3242 ) ;
#3179 = VERTEX_POINT ( 'NONE', #2135 ) ;
#3180 = DIRECTION ( 'NONE',  ( 0.000000000000000000, 1.000000000000000000, -0.000000000000000000 ) ) ;
#3181 = DIRECTION ( 'NONE',  ( -0.000000000000000000, 1.000000000000000000, -0.000000000000000000 ) ) ;
#3182 = ORIENTED_EDGE ( 'NONE', *, *, #1274, .F. ) ;
#3183 = DIRECTION ( 'NONE',  ( 0.000000000000000000, 0.000000000000000000, 1.000000000000000000 ) ) ;
#3184 = EDGE_CURVE ( 'NONE', #477, #3920, #3482, .T. ) ;
#3185 = DIRECTION ( 'NONE',  ( 1.000000000000000000, 0.000000000000000000, -1.541976423090495633E-16 ) ) ;
#3186 = CYLINDRICAL_SURFACE ( 'NONE', #2008, 1.249999999999998890 ) ;
#3187 = EDGE_CURVE ( 'NONE', #659, #2209, #3751, .T. ) ;
#3188 = ORIENTED_EDGE ( 'NONE', *, *, #1886, .T. ) ;
#3189 = EDGE_LOOP ( 'NONE', ( #3534, #1930, #2518, #1203 ) ) ;
#3190 = CARTESIAN_POINT ( 'NONE',  ( 76.99812283724270401, 10.49000000000000199, -10.00000000000000000 ) ) ;
#3191 = EDGE_CURVE ( 'NONE', #108, #2286, #3416, .T. ) ;
#3192 = FACE_OUTER_BOUND ( 'NONE', #4087, .T. ) ;
#3193 = CARTESIAN_POINT ( 'NONE',  ( 106.5000000000000142, 0.000000000000000000, -44.14999999999999147 ) ) ;
#3194 = EDGE_LOOP ( 'NONE', ( #3233, #3249, #1781, #4132 ) ) ;
#3195 = VECTOR ( 'NONE', #3736, 1000.000000000000000 ) ;
#3196 = ORIENTED_EDGE ( 'NONE', *, *, #1946, .F. ) ;
#3197 = DIRECTION ( 'NONE',  ( 0.000000000000000000, 0.000000000000000000, 1.000000000000000000 ) ) ;
#3198 = DIRECTION ( 'NONE',  ( -0.000000000000000000, 1.000000000000000000, -0.000000000000000000 ) ) ;
#3199 = VERTEX_POINT ( 'NONE', #201 ) ;
#3200 = EDGE_CURVE ( 'NONE', #1818, #538, #3129, .T. ) ;
#3201 = EDGE_CURVE ( 'NONE', #288, #2428, #517, .T. ) ;
#3202 = AXIS2_PLACEMENT_3D ( 'NONE', #3006, #2624, #1748 ) ;
#3203 = DIRECTION ( 'NONE',  ( -0.000000000000000000, 1.000000000000000000, -0.000000000000000000 ) ) ;
#3204 = CYLINDRICAL_SURFACE ( 'NONE', #3036, 1.024999999999998135 ) ;
#3205 = DIRECTION ( 'NONE',  ( -0.000000000000000000, 1.000000000000000000, -0.000000000000000000 ) ) ;
#3206 = EDGE_CURVE ( 'NONE', #3947, #1192, #553, .T. ) ;
#3207 = ORIENTED_EDGE ( 'NONE', *, *, #1545, .F. ) ;
#3208 = VERTEX_POINT ( 'NONE', #1533 ) ;
#3209 = DIRECTION ( 'NONE',  ( 1.000000000000000000, 0.000000000000000000, 0.000000000000000000 ) ) ;
#3210 = AXIS2_PLACEMENT_3D ( 'NONE', #1803, #3086, #1778 ) ;
#3211 = CARTESIAN_POINT ( 'NONE',  ( 23.64000000000000057, 15.93999999999999950, -30.00000000000000000 ) ) ;
#3212 = CARTESIAN_POINT ( 'NONE',  ( 76.99812283724270401, 18.48999999999999844, 0.000000000000000000 ) ) ;
#3213 = EDGE_LOOP ( 'NONE', ( #3836, #978, #1873, #3827 ) ) ;
#3214 = VERTEX_POINT ( 'NONE', #3788 ) ;
#3215 = VERTEX_POINT ( 'NONE', #2744 ) ;
#3216 = LINE ( 'NONE', #1880, #1211 ) ;
#3217 = CIRCLE ( 'NONE', #2481, 3.000000000000002665 ) ;
#3218 = VECTOR ( 'NONE', #3320, 1000.000000000000000 ) ;
#3219 = ORIENTED_EDGE ( 'NONE', *, *, #942, .F. ) ;
#3220 = AXIS2_PLACEMENT_3D ( 'NONE', #176, #2423, #4062 ) ;
#3221 = VECTOR ( 'NONE', #2582, 1000.000000000000000 ) ;
#3222 = LINE ( 'NONE', #302, #1346 ) ;
#3223 = CARTESIAN_POINT ( 'NONE',  ( 0.000000000000000000, 21.50000000000000000, -81.00000000000000000 ) ) ;
#3224 = ORIENTED_EDGE ( 'NONE', *, *, #3713, .T. ) ;
#3225 = ORIENTED_EDGE ( 'NONE', *, *, #3041, .T. ) ;
#3226 = CIRCLE ( 'NONE', #2417, 1.250000000000000222 ) ;
#3227 = LINE ( 'NONE', #1914, #495 ) ;
#3228 = CARTESIAN_POINT ( 'NONE',  ( -1.000000000000009992, 0.000000000000000000, -2.999999999999999556 ) ) ;
#3229 = CARTESIAN_POINT ( 'NONE',  ( 91.49999999999998579, 18.00000000000000000, -80.00000000000000000 ) ) ;
#3230 = VERTEX_POINT ( 'NONE', #2793 ) ;
#3231 = VECTOR ( 'NONE', #868, 1000.000000000000000 ) ;
#3232 = ORIENTED_EDGE ( 'NONE', *, *, #4043, .F. ) ;
#3233 = ORIENTED_EDGE ( 'NONE', *, *, #3727, .F. ) ;
#3234 = DIRECTION ( 'NONE',  ( -0.000000000000000000, -0.000000000000000000, 1.000000000000000000 ) ) ;
#3235 = CIRCLE ( 'NONE', #1500, 3.000000000000002665 ) ;
#3236 = ADVANCED_FACE ( 'NONE', ( #3466 ), #2770, .F. ) ;
#3237 = AXIS2_PLACEMENT_3D ( 'NONE', #134, #2445, #3735 ) ;
#3238 = AXIS2_PLACEMENT_3D ( 'NONE', #968, #1629, #2258 ) ;
#3239 = EDGE_LOOP ( 'NONE', ( #901, #1334, #803, #205 ) ) ;
#3240 = EDGE_CURVE ( 'NONE', #1759, #2633, #870, .T. ) ;
#3241 = FACE_OUTER_BOUND ( 'NONE', #3364, .T. ) ;
#3242 = DIRECTION ( 'NONE',  ( 1.000000000000000000, 0.000000000000000000, 0.000000000000000000 ) ) ;
#3243 = VECTOR ( 'NONE', #1867, 1000.000000000000000 ) ;
#3244 = ORIENTED_EDGE ( 'NONE', *, *, #751, .T. ) ;
#3245 = FACE_OUTER_BOUND ( 'NONE', #2982, .T. ) ;
#3246 = DIRECTION ( 'NONE',  ( 0.000000000000000000, 0.000000000000000000, 1.000000000000000000 ) ) ;
#3247 = DIRECTION ( 'NONE',  ( 0.000000000000000000, -1.000000000000000000, 0.000000000000000000 ) ) ;
#3248 = ORIENTED_EDGE ( 'NONE', *, *, #4146, .T. ) ;
#3249 = ORIENTED_EDGE ( 'NONE', *, *, #646, .F. ) ;
#3250 = ADVANCED_FACE ( 'NONE', ( #3151 ), #2814, .F. ) ;
#3251 = EDGE_LOOP ( 'NONE', ( #1314, #759 ) ) ;
#3252 = EDGE_LOOP ( 'NONE', ( #2184, #2915, #1010, #741, #3966, #1941, #2712, #2856, #22, #296, #3764, #1516, #1587, #3510, #2007 ) ) ;
#3253 = CARTESIAN_POINT ( 'NONE',  ( 95.99999999999997158, 6.999999999999999112, -83.00000000000000000 ) ) ;
#3254 = PRODUCT_DEFINITION_FORMATION_WITH_SPECIFIED_SOURCE ( 'ANY', '', #3934, .NOT_KNOWN. ) ;
#3255 = EDGE_CURVE ( 'NONE', #2574, #89, #2133, .T. ) ;
#3256 = ADVANCED_FACE ( 'NONE', ( #1167 ), #847, .F. ) ;
#3257 = ORIENTED_EDGE ( 'NONE', *, *, #3717, .T. ) ;
#3258 = DIRECTION ( 'NONE',  ( 0.000000000000000000, 1.000000000000000000, -0.000000000000000000 ) ) ;
#3259 = DIRECTION ( 'NONE',  ( -0.000000000000000000, 1.000000000000000000, -0.000000000000000000 ) ) ;
#3260 = EDGE_CURVE ( 'NONE', #1296, #1814, #3425, .T. ) ;
#3261 = AXIS2_PLACEMENT_3D ( 'NONE', #3392, #795, #526 ) ;
#3262 = ORIENTED_EDGE ( 'NONE', *, *, #3059, .F. ) ;
#3263 = AXIS2_PLACEMENT_3D ( 'NONE', #500, #859, #1796 ) ;
#3264 = CARTESIAN_POINT ( 'NONE',  ( 113.9999999999999716, 8.000000000000000000, -37.40000000000001279 ) ) ;
#3265 = CARTESIAN_POINT ( 'NONE',  ( 89.99999999999997158, 8.000000000000000000, -66.00000000000001421 ) ) ;
#3266 = DIRECTION ( 'NONE',  ( 0.000000000000000000, -1.000000000000000000, 0.000000000000000000 ) ) ;
#3267 = CARTESIAN_POINT ( 'NONE',  ( 0.000000000000000000, 8.000000000000000000, -12.00000000000000000 ) ) ;
#3268 = EDGE_LOOP ( 'NONE', ( #2917, #179, #229, #2069 ) ) ;
#3269 = ORIENTED_EDGE ( 'NONE', *, *, #3522, .T. ) ;
#3270 = VERTEX_POINT ( 'NONE', #178 ) ;
#3271 = EDGE_CURVE ( 'NONE', #697, #3548, #227, .T. ) ;
#3272 = VECTOR ( 'NONE', #3902, 1000.000000000000000 ) ;
#3273 = EDGE_CURVE ( 'NONE', #1723, #3650, #1848, .T. ) ;
#3274 = EDGE_LOOP ( 'NONE', ( #3565, #1593 ) ) ;
#3275 = CYLINDRICAL_SURFACE ( 'NONE', #3615, 3.000000000000002665 ) ;
#3276 = DIRECTION ( 'NONE',  ( 0.000000000000000000, 0.000000000000000000, 1.000000000000000000 ) ) ;
#3277 = AXIS2_PLACEMENT_3D ( 'NONE', #2141, #4115, #1856 ) ;
#3278 = ADVANCED_FACE ( 'NONE', ( #892 ), #2183, .F. ) ;
#3279 = ORIENTED_EDGE ( 'NONE', *, *, #4030, .F. ) ;
#3280 = CARTESIAN_POINT ( 'NONE',  ( 90.08218129231372018, 21.48963824956963720, -10.00000000000000000 ) ) ;
#3281 = VECTOR ( 'NONE', #183, 1000.000000000000000 ) ;
#3282 = ADVANCED_FACE ( 'NONE', ( #286 ), #3932, .F. ) ;
#3283 = DIRECTION ( 'NONE',  ( 0.000000000000000000, -1.000000000000000000, 0.000000000000000000 ) ) ;
#3284 = AXIS2_PLACEMENT_3D ( 'NONE', #1040, #2020, #2243 ) ;
#3285 = CARTESIAN_POINT ( 'NONE',  ( 96.03983410135249699, 12.98930880003508115, 0.000000000000000000 ) ) ;
#3286 = VECTOR ( 'NONE', #3602, 1000.000000000000000 ) ;
#3287 = DIRECTION ( 'NONE',  ( 1.049727191138617956E-16, 0.5150380749100550437, -0.8571673007021117785 ) ) ;
#3288 = DIRECTION ( 'NONE',  ( -0.000000000000000000, -0.000000000000000000, 1.000000000000000000 ) ) ;
#3289 = DIRECTION ( 'NONE',  ( 0.000000000000000000, 0.000000000000000000, 1.000000000000000000 ) ) ;
#3290 = PLANE ( 'NONE',  #1194 ) ;
#3291 = ORIENTED_EDGE ( 'NONE', *, *, #3567, .F. ) ;
#3292 = EDGE_LOOP ( 'NONE', ( #204, #682 ) ) ;
#3293 = ORIENTED_EDGE ( 'NONE', *, *, #2955, .F. ) ;
#3294 = ORIENTED_EDGE ( 'NONE', *, *, #1904, .T. ) ;
#3295 = LINE ( 'NONE', #1033, #193 ) ;
#3296 = CARTESIAN_POINT ( 'NONE',  ( 111.0000000000000000, 8.000000000000000000, -40.40000000000001279 ) ) ;
#3297 = DIRECTION ( 'NONE',  ( 0.000000000000000000, 0.000000000000000000, -1.000000000000000000 ) ) ;
#3298 = ORIENTED_EDGE ( 'NONE', *, *, #1264, .F. ) ;
#3299 = ORIENTED_EDGE ( 'NONE', *, *, #3017, .T. ) ;
#3300 = LINE ( 'NONE', #2984, #4035 ) ;
#3301 = AXIS2_PLACEMENT_3D ( 'NONE', #1035, #2387, #3674 ) ;
#3302 = CIRCLE ( 'NONE', #3237, 2.999999999999999112 ) ;
#3303 = FACE_OUTER_BOUND ( 'NONE', #1611, .T. ) ;
#3304 = FACE_OUTER_BOUND ( 'NONE', #1251, .T. ) ;
#3305 = CARTESIAN_POINT ( 'NONE',  ( -2.265860067006950585E-15, 20.74892422621554999, -81.00000000000000000 ) ) ;
#3306 = LINE ( 'NONE', #2314, #3691 ) ;
#3307 = DIRECTION ( 'NONE',  ( 0.000000000000000000, 0.000000000000000000, 1.000000000000000000 ) ) ;
#3308 = DIRECTION ( 'NONE',  ( -1.000000000000000000, 0.000000000000000000, 0.000000000000000000 ) ) ;
#3309 = ORIENTED_EDGE ( 'NONE', *, *, #3656, .T. ) ;
#3310 = AXIS2_PLACEMENT_3D ( 'NONE', #3161, #1920, #3749 ) ;
#3311 = ORIENTED_EDGE ( 'NONE', *, *, #21, .F. ) ;
#3312 = ORIENTED_EDGE ( 'NONE', *, *, #1204, .T. ) ;
#3313 = EDGE_CURVE ( 'NONE', #976, #555, #2342, .T. ) ;
#3314 = ORIENTED_EDGE ( 'NONE', *, *, #830, .T. ) ;
#3315 = DIRECTION ( 'NONE',  ( 0.000000000000000000, 0.000000000000000000, 1.000000000000000000 ) ) ;
#3316 = LINE ( 'NONE', #1015, #3558 ) ;
#3317 = LINE ( 'NONE', #416, #2694 ) ;
#3318 = ORIENTED_EDGE ( 'NONE', *, *, #944, .T. ) ;
#3319 = DIRECTION ( 'NONE',  ( -0.000000000000000000, -1.000000000000000000, 0.000000000000000000 ) ) ;
#3320 = DIRECTION ( 'NONE',  ( 0.000000000000000000, -1.000000000000000000, 0.000000000000000000 ) ) ;
#3321 = AXIS2_PLACEMENT_3D ( 'NONE', #2970, #83, #1667 ) ;
#3322 = DIRECTION ( 'NONE',  ( 0.000000000000000000, -1.000000000000000000, 0.000000000000000000 ) ) ;
#3323 = DIRECTION ( 'NONE',  ( 0.000000000000000000, 0.000000000000000000, -1.000000000000000000 ) ) ;
#3324 = ADVANCED_FACE ( 'NONE', ( #306 ), #3186, .F. ) ;
#3325 = EDGE_CURVE ( 'NONE', #3878, #965, #1591, .T. ) ;
#3326 = EDGE_CURVE ( 'NONE', #2309, #2427, #2259, .T. ) ;
#3327 = PLANE ( 'NONE',  #2920 ) ;
#3328 = EDGE_CURVE ( 'NONE', #4138, #312, #591, .T. ) ;
#3329 = CARTESIAN_POINT ( 'NONE',  ( 88.00000000000000000, 2.000000000000000000, -25.00000000000002487 ) ) ;
#3330 = DIRECTION ( 'NONE',  ( 1.000000000000000000, -0.000000000000000000, -1.541976423090495387E-16 ) ) ;
#3331 = LINE ( 'NONE', #2361, #3608 ) ;
#3332 = ORIENTED_EDGE ( 'NONE', *, *, #3989, .T. ) ;
#3333 = EDGE_LOOP ( 'NONE', ( #163, #1480 ) ) ;
#3334 = VECTOR ( 'NONE', #3682, 1000.000000000000000 ) ;
#3335 = EDGE_CURVE ( 'NONE', #1279, #2759, #3958, .T. ) ;
#3336 = ORIENTED_EDGE ( 'NONE', *, *, #3820, .F. ) ;
#3337 = CARTESIAN_POINT ( 'NONE',  ( 101.9999999999999858, 8.000000000000000000, -50.39999999999999858 ) ) ;
#3338 = FACE_OUTER_BOUND ( 'NONE', #429, .T. ) ;
#3339 = CARTESIAN_POINT ( 'NONE',  ( 116.0000000000000000, 30.00000000000000000, -5.250000000000000888 ) ) ;
#3340 = ORIENTED_EDGE ( 'NONE', *, *, #1726, .F. ) ;
#3341 = AXIS2_PLACEMENT_3D ( 'NONE', #487, #246, #2163 ) ;
#3342 = DIRECTION ( 'NONE',  ( 0.000000000000000000, 0.000000000000000000, 1.000000000000000000 ) ) ;
#3343 = CIRCLE ( 'NONE', #2271, 3.000000000000002665 ) ;
#3344 = CARTESIAN_POINT ( 'NONE',  ( 0.000000000000000000, 21.50000000000000000, -79.75000000000000000 ) ) ;
#3345 = EDGE_CURVE ( 'NONE', #1905, #1735, #2890, .T. ) ;
#3346 = FACE_OUTER_BOUND ( 'NONE', #706, .T. ) ;
#3347 = CARTESIAN_POINT ( 'NONE',  ( 92.99999999999997158, 8.000000000000000000, -77.00000000000000000 ) ) ;
#3348 = CARTESIAN_POINT ( 'NONE',  ( 5.000000000000000000, 8.000000000000000000, -40.39999999999999147 ) ) ;
#3349 = CIRCLE ( 'NONE', #196, 3.000000000000002665 ) ;
#3350 = LINE ( 'NONE', #2399, #2450 ) ;
#3351 = FACE_OUTER_BOUND ( 'NONE', #554, .T. ) ;
#3352 = LINE ( 'NONE', #800, #2279 ) ;
#3353 = CARTESIAN_POINT ( 'NONE',  ( 74.50000000000000000, 18.00000000000000000, -85.00000000000000000 ) ) ;
#3354 = EDGE_LOOP ( 'NONE', ( #3224, #3065, #720, #4021 ) ) ;
#3356 = EDGE_LOOP ( 'NONE', ( #3130, #295, #743, #2302, #1850, #1696 ) ) ;
#3355 = VECTOR ( 'NONE', #3715, 1000.000000000000000 ) ;
#3357 = ORIENTED_EDGE ( 'NONE', *, *, #1787, .F. ) ;
#3358 = PLANE ( 'NONE',  #3892 ) ;
#3359 = DIRECTION ( 'NONE',  ( 1.000000000000000000, 0.000000000000000000, 0.000000000000000000 ) ) ;
#3360 = CARTESIAN_POINT ( 'NONE',  ( 5.000000000000000000, 30.00000000000000000, -14.99999999999999822 ) ) ;
#3361 = ORIENTED_EDGE ( 'NONE', *, *, #2941, .T. ) ;
#3362 = CARTESIAN_POINT ( 'NONE',  ( 14.00000000000000178, 8.000000000000000000, -47.39999999999997726 ) ) ;
#3363 = EDGE_CURVE ( 'NONE', #2759, #3808, #1574, .T. ) ;
#3364 = EDGE_LOOP ( 'NONE', ( #1736, #3590, #3591, #2185 ) ) ;
#3365 = CARTESIAN_POINT ( 'NONE',  ( 96.03999999044479807, 15.98930879544854733, -2.000000000000000000 ) ) ;
#3366 = EDGE_CURVE ( 'NONE', #1818, #477, #2331, .T. ) ;
#3367 = EDGE_CURVE ( 'NONE', #3904, #2239, #2410, .T. ) ;
#3368 = CARTESIAN_POINT ( 'NONE',  ( 116.0000000000000000, 21.50000000000000000, -4.000000000000000000 ) ) ;
#3369 = DIRECTION ( 'NONE',  ( -0.000000000000000000, 1.000000000000000000, -0.000000000000000000 ) ) ;
#3370 = VECTOR ( 'NONE', #2037, 999.9999999999998863 ) ;
#3371 = CARTESIAN_POINT ( 'NONE',  ( 9.500000000000008882, 8.000000000000000000, -7.399999999999987921 ) ) ;
#3372 = AXIS2_PLACEMENT_3D ( 'NONE', #3461, #3107, #3804 ) ;
#3373 = AXIS2_PLACEMENT_3D ( 'NONE', #1406, #1430, #527 ) ;
#3374 = PLANE ( 'NONE',  #3122 ) ;
#3375 = DIRECTION ( 'NONE',  ( -0.000000000000000000, 1.000000000000000000, -0.000000000000000000 ) ) ;
#3376 = DIRECTION ( 'NONE',  ( -0.000000000000000000, 0.000000000000000000, -1.000000000000000000 ) ) ;
#3377 = ORIENTED_EDGE ( 'NONE', *, *, #1104, .F. ) ;
#3378 = EDGE_LOOP ( 'NONE', ( #3746, #913, #490, #1582 ) ) ;
#3379 = ORIENTED_EDGE ( 'NONE', *, *, #2545, .T. ) ;
#3380 = CARTESIAN_POINT ( 'NONE',  ( 111.0000000000000000, 8.000000000000000000, -12.00000000000000000 ) ) ;
#3381 = FACE_BOUND ( 'NONE', #3252, .T. ) ;
#3382 = DIRECTION ( 'NONE',  ( 1.000000000000000000, 0.000000000000000000, 0.000000000000000000 ) ) ;
#3383 = ORIENTED_EDGE ( 'NONE', *, *, #3622, .F. ) ;
#3384 = ADVANCED_FACE ( 'NONE', ( #1250 ), #651, .T. ) ;
#3385 = DIRECTION ( 'NONE',  ( 0.000000000000000000, -1.000000000000000000, 0.000000000000000000 ) ) ;
#3386 = EDGE_CURVE ( 'NONE', #1180, #2597, #3616, .T. ) ;
#3387 = CARTESIAN_POINT ( 'NONE',  ( 14.00000000000000000, 2.000000000000000000, -50.39999999999997726 ) ) ;
#3388 = EDGE_CURVE ( 'NONE', #2269, #2137, #731, .T. ) ;
#3389 = FACE_OUTER_BOUND ( 'NONE', #2725, .T. ) ;
#3390 = VERTEX_POINT ( 'NONE', #629 ) ;
#3391 = CYLINDRICAL_SURFACE ( 'NONE', #440, 2.999999999999999112 ) ;
#3392 = CARTESIAN_POINT ( 'NONE',  ( 26.00000000000000000, 8.000000000000000000, -66.00000000000000000 ) ) ;
#3393 = EDGE_CURVE ( 'NONE', #955, #3790, #2854, .T. ) ;
#3394 = CIRCLE ( 'NONE', #3131, 3.000000000000000444 ) ;
#3395 = CARTESIAN_POINT ( 'NONE',  ( 82.99999999999997158, 8.000000000000001776, -71.97500000000002274 ) ) ;
#3396 = DIRECTION ( 'NONE',  ( -1.000000000000000000, 0.000000000000000000, 0.000000000000000000 ) ) ;
#3397 = EDGE_CURVE ( 'NONE', #2272, #894, #1290, .T. ) ;
#3398 = DIRECTION ( 'NONE',  ( 0.000000000000000000, 0.000000000000000000, -1.000000000000000000 ) ) ;
#3399 = LINE ( 'NONE', #2447, #1398 ) ;
#3400 = CARTESIAN_POINT ( 'NONE',  ( 117.0000000000000000, 30.00000000000000000, -2.999999999999999556 ) ) ;
#3401 = ORIENTED_EDGE ( 'NONE', *, *, #3945, .T. ) ;
#3402 = ORIENTED_EDGE ( 'NONE', *, *, #1337, .T. ) ;
#3403 = EDGE_LOOP ( 'NONE', ( #2952, #1635, #1694, #1659, #3182, #1499, #3112, #1720, #3470, #2267 ) ) ;
#3404 = LINE ( 'NONE', #575, #1944 ) ;
#3405 = LINE ( 'NONE', #2140, #3514 ) ;
#3406 = DIRECTION ( 'NONE',  ( 0.000000000000000000, -1.000000000000000000, 0.000000000000000000 ) ) ;
#3407 = ORIENTED_EDGE ( 'NONE', *, *, #3801, .F. ) ;
#3408 = CIRCLE ( 'NONE', #1132, 1.250000000000001110 ) ;
#3409 = EDGE_CURVE ( 'NONE', #2588, #1599, #3300, .T. ) ;
#3410 = VECTOR ( 'NONE', #1136, 1000.000000000000000 ) ;
#3411 = EDGE_CURVE ( 'NONE', #3635, #519, #932, .T. ) ;
#3412 = CYLINDRICAL_SURFACE ( 'NONE', #402, 1.250000000000001110 ) ;
#3413 = ORIENTED_EDGE ( 'NONE', *, *, #704, .F. ) ;
#3414 = DIRECTION ( 'NONE',  ( 0.000000000000000000, -1.000000000000000000, 0.000000000000000000 ) ) ;
#3415 = EDGE_LOOP ( 'NONE', ( #1956, #3970, #1257 ) ) ;
#3416 = CIRCLE ( 'NONE', #2058, 8.499999999999992895 ) ;
#3417 = DIRECTION ( 'NONE',  ( 0.000000000000000000, -0.000000000000000000, -1.000000000000000000 ) ) ;
#3418 = CARTESIAN_POINT ( 'NONE',  ( 9.500000000000010658, 8.000000000000000000, -44.14999999999998437 ) ) ;
#3419 = CARTESIAN_POINT ( 'NONE',  ( 9.500000000000008882, 0.000000000000000000, -6.149999999999989697 ) ) ;
#3420 = EDGE_CURVE ( 'NONE', #2428, #1050, #3807, .T. ) ;
#3421 = DIRECTION ( 'NONE',  ( -0.000000000000000000, 1.000000000000000000, -0.000000000000000000 ) ) ;
#3422 = APPROVAL_ROLE ( '' ) ;
#3423 = CYLINDRICAL_SURFACE ( 'NONE', #2908, 3.000000000000002665 ) ;
#3424 = CARTESIAN_POINT ( 'NONE',  ( 83.54015206977908292, 10.48999999999999844, -10.00000000000000000 ) ) ;
#3425 = LINE ( 'NONE', #1189, #2666 ) ;
#3426 = VERTEX_POINT ( 'NONE', #3344 ) ;
#3427 = VECTOR ( 'NONE', #1738, 999.9999999999998863 ) ;
#3428 = ORIENTED_EDGE ( 'NONE', *, *, #1389, .F. ) ;
#3429 = ORIENTED_EDGE ( 'NONE', *, *, #2836, .T. ) ;
#3430 = CARTESIAN_POINT ( 'NONE',  ( 99.03999999044479807, 15.98930879544854733, -2.000000000000000000 ) ) ;
#3431 = DIRECTION ( 'NONE',  ( 0.000000000000000000, 0.000000000000000000, -1.000000000000000000 ) ) ;
#3432 = CARTESIAN_POINT ( 'NONE',  ( 114.0000000000000000, 30.00000000000000000, 0.000000000000000000 ) ) ;
#3433 = ORIENTED_EDGE ( 'NONE', *, *, #2282, .F. ) ;
#3434 = CIRCLE ( 'NONE', #532, 3.000000000000000000 ) ;
#3435 = CIRCLE ( 'NONE', #3018, 1.024999999999998135 ) ;
#3436 = CARTESIAN_POINT ( 'NONE',  ( 106.5000000000000142, 8.000000000000000000, -7.399999999999997691 ) ) ;
#3437 = AXIS2_PLACEMENT_3D ( 'NONE', #2415, #3657, #3726 ) ;
#3438 = CARTESIAN_POINT ( 'NONE',  ( 92.99999999999997158, 7.000000000000000000, -77.00000000000000000 ) ) ;
#3439 = AXIS2_PLACEMENT_3D ( 'NONE', #406, #3964, #1345 ) ;
#3440 = CARTESIAN_POINT ( 'NONE',  ( 9.500000000000010658, 8.000000000000000000, -46.64999999999998437 ) ) ;
#3441 = DIRECTION ( 'NONE',  ( -0.000000000000000000, -1.000000000000000000, 0.000000000000000000 ) ) ;
#3442 = EDGE_CURVE ( 'NONE', #1036, #333, #190, .T. ) ;
#3443 = DIRECTION ( 'NONE',  ( 1.000000000000000000, 0.000000000000000000, 0.000000000000000000 ) ) ;
#3444 = CARTESIAN_POINT ( 'NONE',  ( 116.9999999999999858, 30.00000000000000000, 0.000000000000000000 ) ) ;
#3445 = CYLINDRICAL_SURFACE ( 'NONE', #3791, 3.000000000000002665 ) ;
#3446 = CARTESIAN_POINT ( 'NONE',  ( 0.0005803142972453455934, 10.49461941776586826, -10.00000000000000000 ) ) ;
#3447 = ADVANCED_FACE ( 'NONE', ( #1061 ), #1084, .T. ) ;
#3448 = VERTEX_POINT ( 'NONE', #480 ) ;
#3449 = AXIS2_PLACEMENT_3D ( 'NONE', #2708, #2015, #3382 ) ;
#3450 = ORIENTED_EDGE ( 'NONE', *, *, #1522, .F. ) ;
#3451 = EDGE_LOOP ( 'NONE', ( #3294, #2609, #1367, #2115 ) ) ;
#3452 = CARTESIAN_POINT ( 'NONE',  ( 116.9999999999999858, 0.000000000000000000, -85.00000000000000000 ) ) ;
#3453 = FACE_BOUND ( 'NONE', #622, .T. ) ;
#3454 = DIRECTION ( 'NONE',  ( -0.000000000000000000, 1.000000000000000000, -0.000000000000000000 ) ) ;
#3455 = ORIENTED_EDGE ( 'NONE', *, *, #3397, .T. ) ;
#3456 = FACE_OUTER_BOUND ( 'NONE', #3655, .T. ) ;
#3457 = DIRECTION ( 'NONE',  ( -0.000000000000000000, 1.000000000000000000, -0.000000000000000000 ) ) ;
#3458 = AXIS2_PLACEMENT_3D ( 'NONE', #2253, #1025, #1687 ) ;
#3459 = FACE_BOUND ( 'NONE', #3333, .T. ) ;
#3460 = EDGE_LOOP ( 'NONE', ( #2995, #2321, #2665, #2244 ) ) ;
#3461 = CARTESIAN_POINT ( 'NONE',  ( 0.001050333392039481256, 18.99461940477064559, -10.00000000000000000 ) ) ;
#3462 = DATE_AND_TIME ( #1925, #631 ) ;
#3463 = APPROVAL ( #284, 'UNSPECIFIED' ) ;
#3464 = CARTESIAN_POINT ( 'NONE',  ( 111.0000000000000000, 30.00000000000000000, -37.40000000000001279 ) ) ;
#3465 = CARTESIAN_POINT ( 'NONE',  ( 117.0000000000000000, 30.00000000000000000, -82.00000000000000000 ) ) ;
#3466 = FACE_OUTER_BOUND ( 'NONE', #2456, .T. ) ;
#3467 = EDGE_CURVE ( 'NONE', #779, #2641, #1816, .T. ) ;
#3468 = EDGE_LOOP ( 'NONE', ( #1700, #1960, #2488, #133, #435, #3888 ) ) ;
#3469 = APPROVAL_PERSON_ORGANIZATION ( #1509, #2018, #3422 ) ;
#3470 = ORIENTED_EDGE ( 'NONE', *, *, #1705, .F. ) ;
#3471 = ORIENTED_EDGE ( 'NONE', *, *, #152, .F. ) ;
#3472 = DIRECTION ( 'NONE',  ( 0.000000000000000000, 0.000000000000000000, -1.000000000000000000 ) ) ;
#3473 = CARTESIAN_POINT ( 'NONE',  ( 108.8489367685222220, 7.000000000000000000, -77.00000000000000000 ) ) ;
#3474 = DIRECTION ( 'NONE',  ( 0.000000000000000000, -1.000000000000000000, 0.000000000000000000 ) ) ;
#3475 = VERTEX_POINT ( 'NONE', #2040 ) ;
#3476 = EDGE_CURVE ( 'NONE', #186, #1674, #3005, .T. ) ;
#3477 = CARTESIAN_POINT ( 'NONE',  ( 111.0000000000000000, 30.00000000000000000, -4.999999999999999112 ) ) ;
#3478 = CYLINDRICAL_SURFACE ( 'NONE', #4040, 1.250000000000001110 ) ;
#3479 = CIRCLE ( 'NONE', #1722, 1.250000000000001110 ) ;
#3480 = DIRECTION ( 'NONE',  ( 0.000000000000000000, -1.000000000000000000, 0.000000000000000000 ) ) ;
#3481 = ORIENTED_EDGE ( 'NONE', *, *, #2334, .F. ) ;
#3482 = CIRCLE ( 'NONE', #925, 3.000000000000000444 ) ;
#3483 = EDGE_CURVE ( 'NONE', #3941, #1426, #1057, .T. ) ;
#3484 = CARTESIAN_POINT ( 'NONE',  ( 92.99999999999997158, 8.000000000000000000, 0.000000000000000000 ) ) ;
#3485 = CARTESIAN_POINT ( 'NONE',  ( 98.99999999999997158, 8.000000000000000000, -50.40000000000000568 ) ) ;
#3486 = VECTOR ( 'NONE', #1498, 1000.000000000000000 ) ;
#3487 = CARTESIAN_POINT ( 'NONE',  ( 106.5000000000000142, 8.000000000000000000, -45.39999999999999858 ) ) ;
#3488 = ORIENTED_EDGE ( 'NONE', *, *, #2938, .F. ) ;
#3489 = ORIENTED_EDGE ( 'NONE', *, *, #3668, .F. ) ;
#3490 = CARTESIAN_POINT ( 'NONE',  ( 100.0000000000000000, 8.000000000000000000, -9.000000000000001776 ) ) ;
#3491 = CYLINDRICAL_SURFACE ( 'NONE', #4050, 1.250000000000001110 ) ;
#3492 = DIRECTION ( 'NONE',  ( 0.000000000000000000, 0.000000000000000000, 1.000000000000000000 ) ) ;
#3493 = ORIENTED_EDGE ( 'NONE', *, *, #1775, .T. ) ;
#3494 = CIRCLE ( 'NONE', #2002, 1.250000000000001110 ) ;
#3495 = ORIENTED_EDGE ( 'NONE', *, *, #2204, .F. ) ;
#3496 = DIRECTION ( 'NONE',  ( 0.000000000000000000, -1.000000000000000000, 0.000000000000000000 ) ) ;
#3497 = AXIS2_PLACEMENT_3D ( 'NONE', #1269, #3169, #614 ) ;
#3498 = DIRECTION ( 'NONE',  ( 0.000000000000000000, 1.000000000000000000, 0.000000000000000000 ) ) ;
#3499 = VECTOR ( 'NONE', #3121, 1000.000000000000000 ) ;
#3500 = ADVANCED_FACE ( 'NONE', ( #1427 ), #457, .F. ) ;
#3501 = ORIENTED_EDGE ( 'NONE', *, *, #1828, .T. ) ;
#3502 = EDGE_CURVE ( 'NONE', #1621, #2286, #3979, .T. ) ;
#3503 = AXIS2_PLACEMENT_3D ( 'NONE', #1294, #899, #2577 ) ;
#3504 = ADVANCED_FACE ( 'NONE', ( #520 ), #3658, .T. ) ;
#3505 = CARTESIAN_POINT ( 'NONE',  ( 2.000000000000000000, 30.00000000000000000, -80.00000000000000000 ) ) ;
#3506 = PERSON_AND_ORGANIZATION ( #1792, #1100 ) ;
#3507 = DIRECTION ( 'NONE',  ( -1.000000000000000000, 0.000000000000000000, 3.154042683594200544E-16 ) ) ;
#3508 = DIRECTION ( 'NONE',  ( -0.000000000000000000, 1.000000000000000000, -0.000000000000000000 ) ) ;
#3509 = ORIENTED_EDGE ( 'NONE', *, *, #922, .F. ) ;
#3510 = ORIENTED_EDGE ( 'NONE', *, *, #1318, .F. ) ;
#3511 = DIRECTION ( 'NONE',  ( -0.000000000000000000, -0.000000000000000000, 1.000000000000000000 ) ) ;
#3512 = CARTESIAN_POINT ( 'NONE',  ( 40.00000000000000000, 8.000000000000000000, -63.00000000000000000 ) ) ;
#3513 = DIRECTION ( 'NONE',  ( 0.000000000000000000, -1.000000000000000000, 0.000000000000000000 ) ) ;
#3514 = VECTOR ( 'NONE', #4047, 1000.000000000000000 ) ;
#3515 = ORIENTED_EDGE ( 'NONE', *, *, #2881, .T. ) ;
#3516 = AXIS2_PLACEMENT_3D ( 'NONE', #3880, #2923, #627 ) ;
#3517 = AXIS2_PLACEMENT_3D ( 'NONE', #320, #929, #1909 ) ;
#3518 = VERTEX_POINT ( 'NONE', #768 ) ;
#3519 = DIRECTION ( 'NONE',  ( -0.000000000000000000, 1.000000000000000000, -0.000000000000000000 ) ) ;
#3520 = CYLINDRICAL_SURFACE ( 'NONE', #1449, 3.000000000000002665 ) ;
#3521 = PRODUCT_DEFINITION ( 'UNKNOWN', '', #3254, #1940 ) ;
#3522 = EDGE_CURVE ( 'NONE', #1356, #2636, #1377, .T. ) ;
#3523 = VERTEX_POINT ( 'NONE', #1107 ) ;
#3524 = CARTESIAN_POINT ( 'NONE',  ( 1.530808498934190338E-16, 30.00000000000000000, -82.25000000000000000 ) ) ;
#3525 = FACE_OUTER_BOUND ( 'NONE', #2050, .T. ) ;
#3526 = CARTESIAN_POINT ( 'NONE',  ( 116.0000000000000000, 30.00000000000000000, -5.250000000000000888 ) ) ;
#3527 = ORIENTED_EDGE ( 'NONE', *, *, #2618, .T. ) ;
#3528 = EDGE_LOOP ( 'NONE', ( #592, #662, #2384, #3042 ) ) ;
#3529 = EDGE_CURVE ( 'NONE', #2427, #1296, #1815, .T. ) ;
#3530 = LINE ( 'NONE', #309, #3535 ) ;
#3531 = DIRECTION ( 'NONE',  ( -1.000000000000000000, 0.000000000000000000, 0.000000000000000000 ) ) ;
#3532 = DIRECTION ( 'NONE',  ( -0.000000000000000000, 1.000000000000000000, -0.000000000000000000 ) ) ;
#3533 = ORIENTED_EDGE ( 'NONE', *, *, #3201, .F. ) ;
#3534 = ORIENTED_EDGE ( 'NONE', *, *, #3363, .T. ) ;
#3535 = VECTOR ( 'NONE', #3511, 1000.000000000000000 ) ;
#3536 = EDGE_LOOP ( 'NONE', ( #253, #3232, #355, #971 ) ) ;
#3537 = EDGE_LOOP ( 'NONE', ( #1011, #1577, #2100, #1794 ) ) ;
#3538 = DIRECTION ( 'NONE',  ( -0.000000000000000000, -0.000000000000000000, 1.000000000000000000 ) ) ;
#3539 = FACE_OUTER_BOUND ( 'NONE', #1655, .T. ) ;
#3540 = VERTEX_POINT ( 'NONE', #2393 ) ;
#3541 = AXIS2_PLACEMENT_3D ( 'NONE', #2968, #2509, #2442 ) ;
#3542 = CARTESIAN_POINT ( 'NONE',  ( 23.64000000000000057, 15.93999999999999950, -1.999999999999998224 ) ) ;
#3543 = COORDINATED_UNIVERSAL_TIME_OFFSET ( 1, 0, .AHEAD. ) ;
#3544 = CARTESIAN_POINT ( 'NONE',  ( 32.99999999999998579, 18.00000000000000000, -83.00000000000000000 ) ) ;
#3545 = CARTESIAN_POINT ( 'NONE',  ( 5.000000000000000000, 8.000000000000000000, -40.39999999999999147 ) ) ;
#3546 = AXIS2_PLACEMENT_3D ( 'NONE', #2316, #3666, #3308 ) ;
#3547 = ORIENTED_EDGE ( 'NONE', *, *, #2104, .T. ) ;
#3548 = VERTEX_POINT ( 'NONE', #813 ) ;
#3549 = EDGE_CURVE ( 'NONE', #1028, #1599, #1158, .T. ) ;
#3550 = DIRECTION ( 'NONE',  ( 0.000000000000000000, 0.000000000000000000, 1.000000000000000000 ) ) ;
#3551 = VECTOR ( 'NONE', #2839, 1000.000000000000000 ) ;
#3552 = DIRECTION ( 'NONE',  ( 0.000000000000000000, 0.000000000000000000, -1.000000000000000000 ) ) ;
#3553 = DIRECTION ( 'NONE',  ( 0.000000000000000000, 0.000000000000000000, 1.000000000000000000 ) ) ;
#3554 = VERTEX_POINT ( 'NONE', #168 ) ;
#3555 = VERTEX_POINT ( 'NONE', #2416 ) ;
#3556 = ORIENTED_EDGE ( 'NONE', *, *, #2376, .F. ) ;
#3557 = DIRECTION ( 'NONE',  ( 0.000000000000000000, 1.000000000000000000, -0.000000000000000000 ) ) ;
#3558 = VECTOR ( 'NONE', #3022, 1000.000000000000000 ) ;
#3559 = ORIENTED_EDGE ( 'NONE', *, *, #2539, .F. ) ;
#3560 = VECTOR ( 'NONE', #3330, 1000.000000000000000 ) ;
#3561 = AXIS2_PLACEMENT_3D ( 'NONE', #2822, #958, #4159 ) ;
#3562 = DIRECTION ( 'NONE',  ( -0.000000000000000000, -0.000000000000000000, 1.000000000000000000 ) ) ;
#3563 = DIRECTION ( 'NONE',  ( -0.000000000000000000, -0.000000000000000000, -1.000000000000000000 ) ) ;
#3564 = ADVANCED_FACE ( 'NONE', ( #3389 ), #2438, .F. ) ;
#3565 = ORIENTED_EDGE ( 'NONE', *, *, #53, .F. ) ;
#3566 = CIRCLE ( 'NONE', #467, 3.000000000000000444 ) ;
#3567 = EDGE_CURVE ( 'NONE', #2679, #2137, #3640, .T. ) ;
#3568 = CARTESIAN_POINT ( 'NONE',  ( 60.03999999999999915, 15.93999999999999950, -1.999999999999998224 ) ) ;
#3569 = CYLINDRICAL_SURFACE ( 'NONE', #1743, 3.000000000000002665 ) ;
#3570 = EDGE_CURVE ( 'NONE', #4163, #450, #1666, .T. ) ;
#3571 = FACE_BOUND ( 'NONE', #2782, .T. ) ;
#3572 = ORIENTED_EDGE ( 'NONE', *, *, #403, .T. ) ;
#3573 = VECTOR ( 'NONE', #2913, 1000.000000000000000 ) ;
#3574 = ORIENTED_EDGE ( 'NONE', *, *, #3058, .T. ) ;
#3575 = ORIENTED_EDGE ( 'NONE', *, *, #3778, .F. ) ;
#3576 = ORIENTED_EDGE ( 'NONE', *, *, #893, .F. ) ;
#3577 = DIRECTION ( 'NONE',  ( 0.000000000000000000, 0.000000000000000000, -1.000000000000000000 ) ) ;
#3578 = AXIS2_PLACEMENT_3D ( 'NONE', #3057, #172, #2444 ) ;
#3579 = CIRCLE ( 'NONE', #2696, 3.000000000000000888 ) ;
#3580 = EDGE_CURVE ( 'NONE', #3803, #3724, #3009, .T. ) ;
#3581 = ORIENTED_EDGE ( 'NONE', *, *, #3778, .T. ) ;
#3582 = CARTESIAN_POINT ( 'NONE',  ( 0.0007185552074903509175, 12.99461941394381981, -10.00000000000000000 ) ) ;
#3583 = CARTESIAN_POINT ( 'NONE',  ( 96.03999999044479807, 15.98930879544854733, -10.00000000000000000 ) ) ;
#3584 = ADVANCED_FACE ( 'NONE', ( #1179 ), #1503, .F. ) ;
#3585 = ORIENTED_EDGE ( 'NONE', *, *, #328, .T. ) ;
#3586 = DIRECTION ( 'NONE',  ( -0.000000000000000000, 1.000000000000000000, -0.000000000000000000 ) ) ;
#3587 = CARTESIAN_POINT ( 'NONE',  ( 76.99812283724270401, 18.48999999999999844, -2.000000000000000000 ) ) ;
#3588 = CARTESIAN_POINT ( 'NONE',  ( 69.99999999999998579, 2.000000000000000000, -80.00000000000000000 ) ) ;
#3589 = ORIENTED_EDGE ( 'NONE', *, *, #2477, .T. ) ;
#3590 = ORIENTED_EDGE ( 'NONE', *, *, #2664, .T. ) ;
#3591 = ORIENTED_EDGE ( 'NONE', *, *, #2570, .T. ) ;
#3592 = ORIENTED_EDGE ( 'NONE', *, *, #2156, .T. ) ;
#3593 = CARTESIAN_POINT ( 'NONE',  ( 82.99999999999998579, 18.00000000000000000, -83.00000000000000000 ) ) ;
#3594 = DIRECTION ( 'NONE',  ( -0.000000000000000000, 1.000000000000000000, -0.000000000000000000 ) ) ;
#3595 = APPROVAL_PERSON_ORGANIZATION ( #1248, #3463, #3147 ) ;
#3596 = EDGE_CURVE ( 'NONE', #1396, #985, #3100, .T. ) ;
#3597 = ORIENTED_EDGE ( 'NONE', *, *, #2767, .F. ) ;
#3598 = DIRECTION ( 'NONE',  ( -0.000000000000000000, 1.000000000000000000, -0.000000000000000000 ) ) ;
#3599 = CARTESIAN_POINT ( 'NONE',  ( 111.0000000000000000, 8.000000000000000000, -4.999999999999999112 ) ) ;
#3600 = CIRCLE ( 'NONE', #2731, 1.024999999999984368 ) ;
#3601 = CARTESIAN_POINT ( 'NONE',  ( 5.000000000000000000, 30.00000000000000000, -4.999999999999999112 ) ) ;
#3602 = DIRECTION ( 'NONE',  ( -0.000000000000000000, -1.000000000000000000, -0.000000000000000000 ) ) ;
#3603 = DIRECTION ( 'NONE',  ( -0.000000000000000000, -0.000000000000000000, 1.000000000000000000 ) ) ;
#3604 = DIRECTION ( 'NONE',  ( -1.000000000000000000, -5.303319243360361186E-16, 0.000000000000000000 ) ) ;
#3605 = ORIENTED_EDGE ( 'NONE', *, *, #704, .T. ) ;
#3606 = EDGE_LOOP ( 'NONE', ( #1235, #970, #1502 ) ) ;
#3607 = ORIENTED_EDGE ( 'NONE', *, *, #4178, .F. ) ;
#3608 = VECTOR ( 'NONE', #2723, 1000.000000000000000 ) ;
#3609 = VERTEX_POINT ( 'NONE', #2638 ) ;
#3610 = CARTESIAN_POINT ( 'NONE',  ( 33.00000000000000000, 8.000000000000000000, -71.97500000000000853 ) ) ;
#3611 = FACE_OUTER_BOUND ( 'NONE', #330, .T. ) ;
#3612 = LINE ( 'NONE', #2662, #3708 ) ;
#3613 = ORIENTED_EDGE ( 'NONE', *, *, #3900, .T. ) ;
#3614 = VERTEX_POINT ( 'NONE', #1698 ) ;
#3615 = AXIS2_PLACEMENT_3D ( 'NONE', #92, #112, #1974 ) ;
#3616 = LINE ( 'NONE', #3526, #2753 ) ;
#3617 = AXIS2_PLACEMENT_3D ( 'NONE', #2727, #1537, #805 ) ;
#3618 = EDGE_CURVE ( 'NONE', #1234, #536, #3349, .T. ) ;
#3619 = DIRECTION ( 'NONE',  ( 0.000000000000000000, 0.000000000000000000, -1.000000000000000000 ) ) ;
#3620 = VECTOR ( 'NONE', #2105, 1000.000000000000000 ) ;
#3621 = DIRECTION ( 'NONE',  ( -0.000000000000000000, 1.000000000000000000, -0.000000000000000000 ) ) ;
#3622 = EDGE_CURVE ( 'NONE', #1594, #3878, #2998, .T. ) ;
#3623 = CARTESIAN_POINT ( 'NONE',  ( 0.000000000000000000, 21.50000000000000000, -4.000000000000000000 ) ) ;
#3624 = DIRECTION ( 'NONE',  ( 0.000000000000000000, 1.000000000000000000, 0.000000000000000000 ) ) ;
#3625 = CARTESIAN_POINT ( 'NONE',  ( 83.54015206977908292, 10.48999999999999844, 0.000000000000000000 ) ) ;
#3626 = DIRECTION ( 'NONE',  ( -5.303319243360361186E-16, 1.000000000000000000, 0.000000000000000000 ) ) ;
#3627 = ORIENTED_EDGE ( 'NONE', *, *, #1997, .F. ) ;
#3628 = ORIENTED_EDGE ( 'NONE', *, *, #3313, .T. ) ;
#3629 = AXIS2_PLACEMENT_3D ( 'NONE', #2078, #4024, #4071 ) ;
#3630 = VERTEX_POINT ( 'NONE', #2325 ) ;
#3631 = ORIENTED_EDGE ( 'NONE', *, *, #96, .F. ) ;
#3632 = CARTESIAN_POINT ( 'NONE',  ( 120.0000000000000142, 0.000000000000000000, -82.00000000000000000 ) ) ;
#3633 = LINE ( 'NONE', #160, #2550 ) ;
#3634 = DIRECTION ( 'NONE',  ( -0.000000000000000000, 1.000000000000000000, -0.000000000000000000 ) ) ;
#3635 = VERTEX_POINT ( 'NONE', #3995 ) ;
#3636 = ADVANCED_FACE ( 'NONE', ( #471 ), #1034, .F. ) ;
#3637 = EDGE_CURVE ( 'NONE', #914, #2266, #1760, .T. ) ;
#3638 = CYLINDRICAL_SURFACE ( 'NONE', #3437, 1.250000000000001110 ) ;
#3639 = EDGE_CURVE ( 'NONE', #3947, #2368, #2671, .T. ) ;
#3640 = LINE ( 'NONE', #3728, #3218 ) ;
#3641 = ADVANCED_FACE ( 'NONE', ( #3611 ), #784, .F. ) ;
#3642 = DIRECTION ( 'NONE',  ( 1.301042606982606060E-16, 0.000000000000000000, 1.000000000000000000 ) ) ;
#3643 = CARTESIAN_POINT ( 'NONE',  ( 0.000000000000000000, 8.000000000000000000, 0.000000000000000000 ) ) ;
#3644 = DIRECTION ( 'NONE',  ( 0.000000000000000000, 1.000000000000000000, 0.000000000000000000 ) ) ;
#3645 = CARTESIAN_POINT ( 'NONE',  ( 23.00000000000000000, 2.000000000000000000, -66.00000000000000000 ) ) ;
#3646 = DIRECTION ( 'NONE',  ( -0.000000000000000000, 1.000000000000000000, -0.000000000000000000 ) ) ;
#3647 = VECTOR ( 'NONE', #641, 1000.000000000000000 ) ;
#3648 = FACE_OUTER_BOUND ( 'NONE', #1853, .T. ) ;
#3649 = EDGE_LOOP ( 'NONE', ( #2405, #2748, #3219, #3814 ) ) ;
#3650 = VERTEX_POINT ( 'NONE', #3296 ) ;
#3651 = ORIENTED_EDGE ( 'NONE', *, *, #277, .T. ) ;
#3652 = DIRECTION ( 'NONE',  ( -1.000000000000000000, 0.000000000000000000, 0.000000000000000000 ) ) ;
#3653 = CARTESIAN_POINT ( 'NONE',  ( 2.000000000000000000, 30.00000000000000000, 0.000000000000000000 ) ) ;
#3654 = DIRECTION ( 'NONE',  ( 0.000000000000000000, 0.000000000000000000, 1.000000000000000000 ) ) ;
#3655 = EDGE_LOOP ( 'NONE', ( #510, #572, #2055, #2030 ) ) ;
#3656 = EDGE_CURVE ( 'NONE', #1279, #574, #3633, .T. ) ;
#3657 = DIRECTION ( 'NONE',  ( -0.000000000000000000, 1.000000000000000000, -0.000000000000000000 ) ) ;
#3658 = PLANE ( 'NONE',  #1887 ) ;
#3659 = AXIS2_PLACEMENT_3D ( 'NONE', #3010, #3985, #2378 ) ;
#3660 = DIRECTION ( 'NONE',  ( -0.000000000000000000, 1.000000000000000000, -0.000000000000000000 ) ) ;
#3661 = DIRECTION ( 'NONE',  ( 1.000000000000000000, -0.000000000000000000, 0.000000000000000000 ) ) ;
#3662 = DIRECTION ( 'NONE',  ( 1.000000000000000000, 0.000000000000000000, 0.000000000000000000 ) ) ;
#3663 = CARTESIAN_POINT ( 'NONE',  ( 0.000000000000000000, 30.00000000000000000, -4.000000000000000000 ) ) ;
#3664 = CARTESIAN_POINT ( 'NONE',  ( 116.0000000000000000, 21.50000000000000000, -4.000000000000000000 ) ) ;
#3665 = CARTESIAN_POINT ( 'NONE',  ( 2.000000000000000000, 30.00000000000000000, -80.00000000000000000 ) ) ;
#3666 = DIRECTION ( 'NONE',  ( -0.000000000000000000, -0.000000000000000000, -1.000000000000000000 ) ) ;
#3667 = EDGE_LOOP ( 'NONE', ( #267, #2730, #1171, #701 ) ) ;
#3668 = EDGE_CURVE ( 'NONE', #1735, #3887, #3765, .T. ) ;
#3669 = VERTEX_POINT ( 'NONE', #1053 ) ;
#3670 = VECTOR ( 'NONE', #1862, 1000.000000000000000 ) ;
#3671 = ORIENTED_EDGE ( 'NONE', *, *, #1450, .T. ) ;
#3672 = DIRECTION ( 'NONE',  ( 0.000000000000000000, 1.000000000000000000, -0.000000000000000000 ) ) ;
#3673 = DIRECTION ( 'NONE',  ( -0.000000000000000000, -0.000000000000000000, 1.000000000000000000 ) ) ;
#3674 = DIRECTION ( 'NONE',  ( 1.000000000000000000, 0.000000000000000000, 0.000000000000000000 ) ) ;
#3675 = VERTEX_POINT ( 'NONE', #93 ) ;
#3676 = CIRCLE ( 'NONE', #1725, 3.000000000000002665 ) ;
#3677 = ADVANCED_FACE ( 'NONE', ( #1677 ), #1077, .F. ) ;
#3678 = CARTESIAN_POINT ( 'NONE',  ( 1.530808498934189598E-16, 21.50000000000000000, -5.249999999999998224 ) ) ;
#3679 = ORIENTED_EDGE ( 'NONE', *, *, #3952, .T. ) ;
#3680 = CIRCLE ( 'NONE', #3150, 3.199999999999994404 ) ;
#3681 = DIRECTION ( 'NONE',  ( -1.850371707708594366E-15, 0.000000000000000000, -1.000000000000000000 ) ) ;
#3682 = DIRECTION ( 'NONE',  ( -1.000000000000000000, -5.303319243360361186E-16, 0.000000000000000000 ) ) ;
#3683 = CARTESIAN_POINT ( 'NONE',  ( 92.99999999999997158, 2.000000000000000000, -80.00000000000000000 ) ) ;
#3684 = FACE_BOUND ( 'NONE', #639, .T. ) ;
#3685 = VECTOR ( 'NONE', #4027, 1000.000000000000000 ) ;
#3686 = AXIS2_PLACEMENT_3D ( 'NONE', #3029, #2057, #2689 ) ;
#3687 = ADVANCED_FACE ( 'NONE', ( #3924 ), #3358, .T. ) ;
#3688 = CARTESIAN_POINT ( 'NONE',  ( 27.99999999999996803, 2.000000000000000000, -25.00000000000002487 ) ) ;
#3689 = DIRECTION ( 'NONE',  ( -0.000000000000000000, 1.000000000000000000, -0.000000000000000000 ) ) ;
#3690 = DIRECTION ( 'NONE',  ( 0.000000000000000000, 0.000000000000000000, 1.000000000000000000 ) ) ;
#3691 = VECTOR ( 'NONE', #3963, 1000.000000000000000 ) ;
#3692 = ORIENTED_EDGE ( 'NONE', *, *, #1465, .F. ) ;
#3693 = VERTEX_POINT ( 'NONE', #2036 ) ;
#3694 = EDGE_CURVE ( 'NONE', #3555, #3700, #3316, .T. ) ;
#3695 = EDGE_CURVE ( 'NONE', #955, #2634, #2216, .T. ) ;
#3696 = ORIENTED_EDGE ( 'NONE', *, *, #4143, .F. ) ;
#3697 = DIRECTION ( 'NONE',  ( 0.000000000000000000, 0.000000000000000000, 1.000000000000000000 ) ) ;
#3698 = CARTESIAN_POINT ( 'NONE',  ( 9.500000000000010658, 0.000000000000000000, -46.64999999999998437 ) ) ;
#3699 = CARTESIAN_POINT ( 'NONE',  ( 103.0000000000000142, 8.000000000000000000, -9.000000000000001776 ) ) ;
#3700 = VERTEX_POINT ( 'NONE', #2053 ) ;
#3701 = LINE ( 'NONE', #788, #772 ) ;
#3702 = FACE_OUTER_BOUND ( 'NONE', #324, .T. ) ;
#3703 = DIRECTION ( 'NONE',  ( 0.000000000000000000, 0.000000000000000000, 1.000000000000000000 ) ) ;
#3704 = ADVANCED_FACE ( 'NONE', ( #3338 ), #113, .F. ) ;
#3705 = ORIENTED_EDGE ( 'NONE', *, *, #278, .F. ) ;
#3706 = FACE_BOUND ( 'NONE', #3003, .T. ) ;
#3707 = LINE ( 'NONE', #122, #177 ) ;
#3708 = VECTOR ( 'NONE', #727, 1000.000000000000000 ) ;
#3709 = CARTESIAN_POINT ( 'NONE',  ( 41.49999999999997868, 18.00000000000000000, -80.00000000000000000 ) ) ;
#3710 = CIRCLE ( 'NONE', #144, 8.499999999999992895 ) ;
#3711 = VECTOR ( 'NONE', #3897, 1000.000000000000000 ) ;
#3712 = LINE ( 'NONE', #841, #3195 ) ;
#3713 = EDGE_CURVE ( 'NONE', #1396, #1445, #1420, .T. ) ;
#3714 = DIRECTION ( 'NONE',  ( -0.000000000000000000, 1.000000000000000000, -0.000000000000000000 ) ) ;
#3715 = DIRECTION ( 'NONE',  ( 0.000000000000000000, 0.000000000000000000, 1.000000000000000000 ) ) ;
#3716 = DIRECTION ( 'NONE',  ( 0.000000000000000000, -1.000000000000000000, 0.000000000000000000 ) ) ;
#3717 = EDGE_CURVE ( 'NONE', #2434, #1723, #2074, .T. ) ;
#3718 = ORIENTED_EDGE ( 'NONE', *, *, #3019, .T. ) ;
#3719 = ORIENTED_EDGE ( 'NONE', *, *, #922, .T. ) ;
#3720 = ORIENTED_EDGE ( 'NONE', *, *, #279, .T. ) ;
#3721 = DIRECTION ( 'NONE',  ( 0.000000000000000000, 0.000000000000000000, -1.000000000000000000 ) ) ;
#3722 = CARTESIAN_POINT ( 'NONE',  ( 0.000000000000000000, 0.000000000000000000, -85.00000000000000000 ) ) ;
#3723 = CARTESIAN_POINT ( 'NONE',  ( 76.99812283724270401, 21.48999999999999844, -2.000000000000000000 ) ) ;
#3724 = VERTEX_POINT ( 'NONE', #3430 ) ;
#3725 = FACE_OUTER_BOUND ( 'NONE', #1307, .T. ) ;
#3726 = DIRECTION ( 'NONE',  ( 0.000000000000000000, 0.000000000000000000, 1.000000000000000000 ) ) ;
#3727 = EDGE_CURVE ( 'NONE', #3138, #1028, #862, .T. ) ;
#3728 = CARTESIAN_POINT ( 'NONE',  ( 75.99999999999998579, 8.000000000000000000, -63.00000000000000000 ) ) ;
#3729 = VERTEX_POINT ( 'NONE', #4088 ) ;
#3730 = DIRECTION ( 'NONE',  ( -0.000000000000000000, -1.000000000000000000, -0.000000000000000000 ) ) ;
#3731 = LINE ( 'NONE', #2787, #2322 ) ;
#3732 = CIRCLE ( 'NONE', #2191, 3.000000000000002665 ) ;
#3733 = CARTESIAN_POINT ( 'NONE',  ( 24.49999999999998934, 18.00000000000000000, -85.00000000000000000 ) ) ;
#3734 = CC_DESIGN_SECURITY_CLASSIFICATION ( #1244, ( #3254 ) ) ;
#3735 = DIRECTION ( 'NONE',  ( 0.000000000000000000, 0.000000000000000000, -1.000000000000000000 ) ) ;
#3736 = DIRECTION ( 'NONE',  ( 1.224510688924804848E-16, -0.000000000000000000, -1.000000000000000000 ) ) ;
#3737 = CARTESIAN_POINT ( 'NONE',  ( 9.500000000000008882, 0.000000000000000000, -7.399999999999987921 ) ) ;
#3738 = CARTESIAN_POINT ( 'NONE',  ( 96.03983410135249699, 12.98930880003508115, -10.00000000000000000 ) ) ;
#3739 = CARTESIAN_POINT ( 'NONE',  ( 0.000000000000000000, 21.50000000000000000, -4.000000000000000000 ) ) ;
#3740 = ORIENTED_EDGE ( 'NONE', *, *, #2176, .F. ) ;
#3741 = ORIENTED_EDGE ( 'NONE', *, *, #2089, .T. ) ;
#3742 = ORIENTED_EDGE ( 'NONE', *, *, #3019, .F. ) ;
#3743 = CARTESIAN_POINT ( 'NONE',  ( 9.500000000000008882, 8.000000000000000000, -7.399999999999987921 ) ) ;
#3744 = CYLINDRICAL_SURFACE ( 'NONE', #1153, 5.999999999999998224 ) ;
#3745 = LINE ( 'NONE', #515, #3551 ) ;
#3746 = ORIENTED_EDGE ( 'NONE', *, *, #3952, .F. ) ;
#3747 = AXIS2_PLACEMENT_3D ( 'NONE', #80, #2354, #422 ) ;
#3748 = FACE_OUTER_BOUND ( 'NONE', #920, .T. ) ;
#3749 = DIRECTION ( 'NONE',  ( 0.000000000000000000, 0.000000000000000000, 1.000000000000000000 ) ) ;
#3750 = EDGE_CURVE ( 'NONE', #2841, #1097, #1172, .T. ) ;
#3751 = CIRCLE ( 'NONE', #1995, 1.249999999999998446 ) ;
#3752 = ORIENTED_EDGE ( 'NONE', *, *, #3945, .F. ) ;
#3753 = PLANE ( 'NONE',  #2805 ) ;
#3754 = FACE_OUTER_BOUND ( 'NONE', #1074, .T. ) ;
#3755 = EDGE_CURVE ( 'NONE', #186, #1180, #3494, .T. ) ;
#3756 = CARTESIAN_POINT ( 'NONE',  ( 5.000000000000000000, 2.000000000000000000, -40.39999999999999147 ) ) ;
#3757 = CARTESIAN_POINT ( 'NONE',  ( 106.5000000000000142, 8.000000000000000000, -7.399999999999997691 ) ) ;
#3758 = DATE_AND_TIME ( #2720, #3805 ) ;
#3759 = DIRECTION ( 'NONE',  ( 0.000000000000000000, -1.000000000000000000, 0.000000000000000000 ) ) ;
#3760 = CARTESIAN_POINT ( 'NONE',  ( 2.000000000000000000, 30.00000000000000000, -4.999999999999999112 ) ) ;
#3761 = EDGE_CURVE ( 'NONE', #1097, #931, #3404, .T. ) ;
#3762 = DIRECTION ( 'NONE',  ( 0.000000000000000000, 1.000000000000000000, -0.000000000000000000 ) ) ;
#3763 = AXIS2_PLACEMENT_3D ( 'NONE', #1641, #3948, #1353 ) ;
#3764 = ORIENTED_EDGE ( 'NONE', *, *, #2310, .F. ) ;
#3765 = CIRCLE ( 'NONE', #792, 3.000000000000000000 ) ;
#3766 = ORIENTED_EDGE ( 'NONE', *, *, #4161, .F. ) ;
#3767 = VERTEX_POINT ( 'NONE', #250 ) ;
#3768 = DIRECTION ( 'NONE',  ( -1.000000000000000000, -0.000000000000000000, -4.625929269271485914E-16 ) ) ;
#3769 = FACE_OUTER_BOUND ( 'NONE', #3268, .T. ) ;
#3770 = CARTESIAN_POINT ( 'NONE',  ( 19.00000000000000000, 8.000000000000000000, -2.000000000000000444 ) ) ;
#3771 = ORIENTED_EDGE ( 'NONE', *, *, #1432, .F. ) ;
#3772 = VECTOR ( 'NONE', #2087, 1000.000000000000000 ) ;
#3773 = CARTESIAN_POINT ( 'NONE',  ( 76.99812283724270401, 21.48999999999999844, -10.00000000000000000 ) ) ;
#3774 = CLOSED_SHELL ( 'NONE', ( #3324, #2150, #3236, #994, #38, #2514, #2406, #347, #3500, #1975, #1390, #1903, #1005, #3677, #1067, #3278, #2492, #1387, #139, #1603, #2531, #1021, #3845, #3879, #842, #3687, #1436, #2517, #2356, #1303, #1343, #648, #2626, #2273, #2441, #1016, #2227, #1168, #814, #3250, #1864, #3704, #1037, #904, #3641, #2610, #2999, #2254, #773, #721, #1836, #4075, #1339, #2049, #522, #2292, #3133, #2613, #2274, #1709, #1481, #1558, #3282, #2589, #607, #1333, #2439, #72, #2307, #579, #3564, #442, #410, #164, #2134, #2511, #667, #1473, #3384, #2162, #3082, #1793, #2774, #2529, #1624, #2895, #3931, #1022, #2195, #3139, #1258, #349, #3447, #2853, #961, #793, #1273, #1927, #2328, #1579, #203, #3584, #63, #2152, #712, #4098, #2070, #3636, #4134, #908, #3504, #4092, #3926, #1141, #2081, #2713, #2747, #3256, #2237, #1003, #2642, #1662, #4130, #2850 ) ) ;
#3775 = DIRECTION ( 'NONE',  ( 0.000000000000000000, -1.000000000000000000, 0.000000000000000000 ) ) ;
#3776 = VECTOR ( 'NONE', #1876, 1000.000000000000000 ) ;
#3777 = EDGE_CURVE ( 'NONE', #356, #3475, #120, .T. ) ;
#3778 = EDGE_CURVE ( 'NONE', #3862, #914, #2404, .T. ) ;
#3779 = LINE ( 'NONE', #4076, #101 ) ;
#3780 = ORIENTED_EDGE ( 'NONE', *, *, #3820, .T. ) ;
#3781 = CIRCLE ( 'NONE', #2149, 1.250000000000001110 ) ;
#3782 = AXIS2_PLACEMENT_3D ( 'NONE', #492, #1833, #2778 ) ;
#3783 = DIRECTION ( 'NONE',  ( -0.000000000000000000, 1.000000000000000000, -0.000000000000000000 ) ) ;
#3784 = APPROVAL_DATE_TIME ( #222, #2018 ) ;
#3785 = DIRECTION ( 'NONE',  ( 0.000000000000000000, 0.000000000000000000, -1.000000000000000000 ) ) ;
#3786 = FACE_OUTER_BOUND ( 'NONE', #2877, .T. ) ;
#3787 = EDGE_CURVE ( 'NONE', #3808, #574, #2483, .T. ) ;
#3788 = CARTESIAN_POINT ( 'NONE',  ( 0.000000000000000000, 30.00000000000000000, -2.750000000000000888 ) ) ;
#3789 = CONICAL_SURFACE ( 'NONE', #418, 1.250000000000001110, 1.029744258676655200 ) ;
#3790 = VERTEX_POINT ( 'NONE', #3794 ) ;
#3791 = AXIS2_PLACEMENT_3D ( 'NONE', #552, #3128, #245 ) ;
#3792 = EDGE_LOOP ( 'NONE', ( #3766, #1493 ) ) ;
#3793 = ORIENTED_EDGE ( 'NONE', *, *, #1090, .F. ) ;
#3794 = CARTESIAN_POINT ( 'NONE',  ( 27.99999999999996803, 2.000000000000000000, -28.20000000000002061 ) ) ;
#3795 = FACE_BOUND ( 'NONE', #1555, .T. ) ;
#3796 = CARTESIAN_POINT ( 'NONE',  ( 20.00000000000000000, 7.000000000000000000, -80.00000000000000000 ) ) ;
#3797 = ORIENTED_EDGE ( 'NONE', *, *, #2639, .F. ) ;
#3798 = CARTESIAN_POINT ( 'NONE',  ( 100.0000000000000000, 8.000000000000000000, -4.999999999999999112 ) ) ;
#3799 = CARTESIAN_POINT ( 'NONE',  ( 108.8489367685222220, 8.000000000000000000, -77.00000000000000000 ) ) ;
#3800 = CIRCLE ( 'NONE', #1639, 1.250000000000001110 ) ;
#3801 = EDGE_CURVE ( 'NONE', #674, #825, #268, .T. ) ;
#3802 = CYLINDRICAL_SURFACE ( 'NONE', #1532, 8.499999999999996447 ) ;
#3803 = VERTEX_POINT ( 'NONE', #2777 ) ;
#3804 = DIRECTION ( 'NONE',  ( 0.9999999984711560597, -5.529636409402791065E-05, 0.000000000000000000 ) ) ;
#3805 = LOCAL_TIME ( 12, 43, 22.00000000000000000, #2468 ) ;
#3806 = CYLINDRICAL_SURFACE ( 'NONE', #1993, 3.000000000000002665 ) ;
#3807 = LINE ( 'NONE', #1724, #3620 ) ;
#3808 = VERTEX_POINT ( 'NONE', #4018 ) ;
#3809 = ORIENTED_EDGE ( 'NONE', *, *, #2064, .F. ) ;
#3810 = CARTESIAN_POINT ( 'NONE',  ( 5.000000000000000000, 8.000000000000000000, -1.999999999999999112 ) ) ;
#3811 = DIRECTION ( 'NONE',  ( 1.000000000000000000, 0.000000000000000000, 0.000000000000000000 ) ) ;
#3812 = CARTESIAN_POINT ( 'NONE',  ( 116.0000000000000000, 21.50000000000000000, -4.000000000000000000 ) ) ;
#3813 = ORIENTED_EDGE ( 'NONE', *, *, #4149, .F. ) ;
#3814 = ORIENTED_EDGE ( 'NONE', *, *, #504, .T. ) ;
#3815 = EDGE_CURVE ( 'NONE', #3887, #602, #4045, .T. ) ;
#3816 = EDGE_CURVE ( 'NONE', #825, #1272, #2096, .T. ) ;
#3817 = DIRECTION ( 'NONE',  ( -0.000000000000000000, 1.000000000000000000, -0.000000000000000000 ) ) ;
#3818 = CARTESIAN_POINT ( 'NONE',  ( 111.0000000000000000, 8.000000000000000000, -53.39999999999999858 ) ) ;
#3819 = VECTOR ( 'NONE', #4056, 1000.000000000000000 ) ;
#3820 = EDGE_CURVE ( 'NONE', #3614, #3523, #4176, .T. ) ;
#3821 = AXIS2_PLACEMENT_3D ( 'NONE', #3362, #544, #3072 ) ;
#3822 = ORIENTED_EDGE ( 'NONE', *, *, #2846, .F. ) ;
#3823 = AXIS2_PLACEMENT_3D ( 'NONE', #3267, #1755, #3040 ) ;
#3824 = CARTESIAN_POINT ( 'NONE',  ( 26.00000000000000000, 8.000000000000000000, -63.00000000000000000 ) ) ;
#3825 = DIRECTION ( 'NONE',  ( 0.000000000000000000, 0.000000000000000000, 1.000000000000000000 ) ) ;
#3826 = DIRECTION ( 'NONE',  ( -0.000000000000000000, 1.000000000000000000, -0.000000000000000000 ) ) ;
#3827 = ORIENTED_EDGE ( 'NONE', *, *, #300, .F. ) ;
#3828 = ORIENTED_EDGE ( 'NONE', *, *, #2649, .T. ) ;
#3829 = EDGE_CURVE ( 'NONE', #1059, #11, #1149, .T. ) ;
#3830 = CARTESIAN_POINT ( 'NONE',  ( 9.500000000000010658, 0.000000000000000000, -44.14999999999998437 ) ) ;
#3831 = DIRECTION ( 'NONE',  ( -0.000000000000000000, 0.000000000000000000, -1.000000000000000000 ) ) ;
#3832 = CARTESIAN_POINT ( 'NONE',  ( 16.00000000000000000, 2.000000000000000000, -4.999999999999999112 ) ) ;
#3833 = EDGE_LOOP ( 'NONE', ( #499, #3096, #2977 ) ) ;
#3834 = AXIS2_PLACEMENT_3D ( 'NONE', #1394, #2306, #2683 ) ;
#3835 = EDGE_CURVE ( 'NONE', #450, #4163, #789, .T. ) ;
#3836 = ORIENTED_EDGE ( 'NONE', *, *, #258, .T. ) ;
#3837 = CARTESIAN_POINT ( 'NONE',  ( 114.0000000000000000, 2.000000000000000000, -15.00000000000000000 ) ) ;
#3838 = VECTOR ( 'NONE', #948, 1000.000000000000000 ) ;
#3839 = DIRECTION ( 'NONE',  ( 0.000000000000000000, 0.000000000000000000, 1.000000000000000000 ) ) ;
#3840 = AXIS2_PLACEMENT_3D ( 'NONE', #2651, #1668, #3861 ) ;
#3841 = EDGE_CURVE ( 'NONE', #2171, #3700, #539, .T. ) ;
#3842 = VECTOR ( 'NONE', #2548, 1000.000000000000000 ) ;
#3843 = ORIENTED_EDGE ( 'NONE', *, *, #3187, .T. ) ;
#3844 = CIRCLE ( 'NONE', #2893, 3.000000000000002665 ) ;
#3845 = ADVANCED_FACE ( 'NONE', ( #1193, #2476, #557 ), #2408, .F. ) ;
#3846 = DIRECTION ( 'NONE',  ( 0.000000000000000000, 0.000000000000000000, 1.000000000000000000 ) ) ;
#3847 = DIRECTION ( 'NONE',  ( 0.000000000000000000, 1.000000000000000000, 0.000000000000000000 ) ) ;
#3848 = CARTESIAN_POINT ( 'NONE',  ( 2.000000000000000000, 2.000000000000001776, -4.999999999999999112 ) ) ;
#3849 = EDGE_LOOP ( 'NONE', ( #1319, #1372, #1810, #1613 ) ) ;
#3850 = ORIENTED_EDGE ( 'NONE', *, *, #816, .T. ) ;
#3851 = DIRECTION ( 'NONE',  ( 1.000000000000000000, 0.000000000000000000, 0.000000000000000000 ) ) ;
#3852 = EDGE_CURVE ( 'NONE', #2994, #288, #897, .T. ) ;
#3853 = FACE_OUTER_BOUND ( 'NONE', #408, .T. ) ;
#3854 = CARTESIAN_POINT ( 'NONE',  ( 89.99999999999997158, 8.000000000000000000, -63.00000000000000000 ) ) ;
#3855 = VECTOR ( 'NONE', #3323, 1000.000000000000000 ) ;
#3856 = ORIENTED_EDGE ( 'NONE', *, *, #1201, .F. ) ;
#3857 = VERTEX_POINT ( 'NONE', #874 ) ;
#3858 = CIRCLE ( 'NONE', #479, 3.000000000000002665 ) ;
#3859 = ORIENTED_EDGE ( 'NONE', *, *, #2585, .T. ) ;
#3860 = LINE ( 'NONE', #4119, #2887 ) ;
#3861 = DIRECTION ( 'NONE',  ( -1.000000000000000000, 0.000000000000000000, 0.000000000000000000 ) ) ;
#3862 = VERTEX_POINT ( 'NONE', #3452 ) ;
#3863 = EDGE_CURVE ( 'NONE', #1441, #1192, #331, .T. ) ;
#3864 = CARTESIAN_POINT ( 'NONE',  ( 89.99999999999997158, 8.000000000000000000, -66.00000000000001421 ) ) ;
#3865 = PLANE ( 'NONE',  #3238 ) ;
#3866 = CARTESIAN_POINT ( 'NONE',  ( 113.9999999999999716, 8.000000000000000000, -50.39999999999998437 ) ) ;
#3867 = ORIENTED_EDGE ( 'NONE', *, *, #944, .F. ) ;
#3868 = VERTEX_POINT ( 'NONE', #3830 ) ;
#3869 = LINE ( 'NONE', #972, #1023 ) ;
#3870 = DIRECTION ( 'NONE',  ( 0.000000000000000000, 0.000000000000000000, 1.000000000000000000 ) ) ;
#3871 = LINE ( 'NONE', #3832, #3078 ) ;
#3872 = EDGE_LOOP ( 'NONE', ( #3225, #474, #3742, #601 ) ) ;
#3873 = AXIS2_PLACEMENT_3D ( 'NONE', #633, #2837, #619 ) ;
#3874 = ORIENTED_EDGE ( 'NONE', *, *, #581, .F. ) ;
#3875 = EDGE_LOOP ( 'NONE', ( #2094, #3196 ) ) ;
#3876 = CARTESIAN_POINT ( 'NONE',  ( 5.000000000000000000, 30.00000000000000000, -53.39999999999999147 ) ) ;
#3877 = EDGE_CURVE ( 'NONE', #1935, #1905, #1950, .T. ) ;
#3878 = VERTEX_POINT ( 'NONE', #4172 ) ;
#3879 = ADVANCED_FACE ( 'NONE', ( #1895, #1595, #1275 ), #2263, .T. ) ;
#3880 = CARTESIAN_POINT ( 'NONE',  ( 54.03999999999999915, 15.93999999999999950, -1.999999999999998224 ) ) ;
#3881 = CARTESIAN_POINT ( 'NONE',  ( 29.64000000000000057, 15.93999999999999950, -1.999999999999998224 ) ) ;
#3882 = ORIENTED_EDGE ( 'NONE', *, *, #375, .T. ) ;
#3883 = CARTESIAN_POINT ( 'NONE',  ( -4.371503159461552616E-14, 8.000000000000000000, -62.99999999999994316 ) ) ;
#3884 = VECTOR ( 'NONE', #1834, 1000.000000000000000 ) ;
#3885 = LINE ( 'NONE', #1669, #2558 ) ;
#3886 = DIRECTION ( 'NONE',  ( 0.000000000000000000, 0.5150380749100536004, 0.8571673007021125557 ) ) ;
#3887 = VERTEX_POINT ( 'NONE', #3810 ) ;
#3888 = ORIENTED_EDGE ( 'NONE', *, *, #1515, .T. ) ;
#3889 = ORIENTED_EDGE ( 'NONE', *, *, #242, .F. ) ;
#3890 = ORIENTED_EDGE ( 'NONE', *, *, #2501, .T. ) ;
#3891 = DIRECTION ( 'NONE',  ( -0.000000000000000000, 1.000000000000000000, -0.000000000000000000 ) ) ;
#3892 = AXIS2_PLACEMENT_3D ( 'NONE', #3653, #2349, #746 ) ;
#3893 = ORIENTED_EDGE ( 'NONE', *, *, #53, .T. ) ;
#3894 = CIRCLE ( 'NONE', #3458, 3.000000000000002665 ) ;
#3895 = AXIS2_PLACEMENT_3D ( 'NONE', #3110, #3061, #1754 ) ;
#3896 = DIRECTION ( 'NONE',  ( 0.000000000000000000, 1.000000000000000000, 0.000000000000000000 ) ) ;
#3897 = DIRECTION ( 'NONE',  ( -1.000000000000000000, 0.000000000000000000, 0.000000000000000000 ) ) ;
#3898 = ORIENTED_EDGE ( 'NONE', *, *, #962, .F. ) ;
#3899 = LINE ( 'NONE', #2003, #1176 ) ;
#3900 = EDGE_CURVE ( 'NONE', #1835, #1356, #2228, .T. ) ;
#3901 = CARTESIAN_POINT ( 'NONE',  ( 111.0000000000000000, 2.000000000000001776, -80.00000000000000000 ) ) ;
#3902 = DIRECTION ( 'NONE',  ( 1.000000000000000000, 0.000000000000000000, -3.154042683594201037E-16 ) ) ;
#3903 = ORIENTED_EDGE ( 'NONE', *, *, #1465, .T. ) ;
#3904 = VERTEX_POINT ( 'NONE', #2594 ) ;
#3905 = ORIENTED_EDGE ( 'NONE', *, *, #2690, .T. ) ;
#3906 = ORIENTED_EDGE ( 'NONE', *, *, #1085, .T. ) ;
#3907 = CARTESIAN_POINT ( 'NONE',  ( 26.00000000000000000, 8.000000000000000000, -66.00000000000000000 ) ) ;
#3908 = CARTESIAN_POINT ( 'NONE',  ( 33.00000000000000000, 0.000000000000000000, -73.00000000000001421 ) ) ;
#3909 = CIRCLE ( 'NONE', #2170, 5.999999999999998224 ) ;
#3910 = VECTOR ( 'NONE', #928, 1000.000000000000000 ) ;
#3911 = CONICAL_SURFACE ( 'NONE', #2097, 1.249999999999998446, 1.029744258676653423 ) ;
#3912 = ORIENTED_EDGE ( 'NONE', *, *, #299, .F. ) ;
#3913 = CARTESIAN_POINT ( 'NONE',  ( 88.00000000000000000, 0.000000000000000000, -28.20000000000002061 ) ) ;
#3914 = CARTESIAN_POINT ( 'NONE',  ( 9.500000000000008882, 0.000000000000000000, -8.649999999999987921 ) ) ;
#3915 = CARTESIAN_POINT ( 'NONE',  ( 2.000000000000001332, 8.000000000000000000, -40.39999999999999147 ) ) ;
#3916 = DIRECTION ( 'NONE',  ( 0.000000000000000000, 0.000000000000000000, -1.000000000000000000 ) ) ;
#3917 = DIRECTION ( 'NONE',  ( -0.000000000000000000, 1.000000000000000000, -0.000000000000000000 ) ) ;
#3918 = FACE_OUTER_BOUND ( 'NONE', #417, .T. ) ;
#3919 = EDGE_LOOP ( 'NONE', ( #308, #2317, #3575, #654 ) ) ;
#3920 = VERTEX_POINT ( 'NONE', #1578 ) ;
#3921 = ORIENTED_EDGE ( 'NONE', *, *, #1000, .T. ) ;
#3922 = ORIENTED_EDGE ( 'NONE', *, *, #3206, .F. ) ;
#3923 = DIRECTION ( 'NONE',  ( 0.000000000000000000, 0.000000000000000000, 1.000000000000000000 ) ) ;
#3924 = FACE_OUTER_BOUND ( 'NONE', #1270, .T. ) ;
#3925 = AXIS2_PLACEMENT_3D ( 'NONE', #2298, #2628, #441 ) ;
#3926 = ADVANCED_FACE ( 'NONE', ( #1615 ), #1632, .T. ) ;
#3927 = DIRECTION ( 'NONE',  ( 0.000000000000000000, 0.000000000000000000, -1.000000000000000000 ) ) ;
#3928 = EDGE_LOOP ( 'NONE', ( #3741, #3592, #3605, #2232, #2807, #4074, #1600, #301 ) ) ;
#3929 = EDGE_CURVE ( 'NONE', #2382, #269, #3227, .T. ) ;
#3930 = ORIENTED_EDGE ( 'NONE', *, *, #1397, .F. ) ;
#3931 = ADVANCED_FACE ( 'NONE', ( #3245 ), #1557, .T. ) ;
#3932 = CYLINDRICAL_SURFACE ( 'NONE', #2147, 3.000000000000000000 ) ;
#3933 = CARTESIAN_POINT ( 'NONE',  ( -0.0006085575282451708258, 18.99461949650128290, -1.999999999999999556 ) ) ;
#3934 = PRODUCT ( 'housing_body_Rev01b', 'housing_body_Rev01b', '', ( #198 ) ) ;
#3935 = CYLINDRICAL_SURFACE ( 'NONE', #617, 5.999999999999998224 ) ;
#3936 = VECTOR ( 'NONE', #4037, 1000.000000000000000 ) ;
#3937 = DIRECTION ( 'NONE',  ( 0.000000000000000000, 0.000000000000000000, -1.000000000000000000 ) ) ;
#3938 = DIRECTION ( 'NONE',  ( -0.000000000000000000, -0.000000000000000000, 1.000000000000000000 ) ) ;
#3939 = FACE_OUTER_BOUND ( 'NONE', #1756, .T. ) ;
#3940 = CARTESIAN_POINT ( 'NONE',  ( 14.00000000000000000, 8.000000000000000000, -50.39999999999997726 ) ) ;
#3941 = VERTEX_POINT ( 'NONE', #3568 ) ;
#3942 = ORIENTED_EDGE ( 'NONE', *, *, #1845, .F. ) ;
#3943 = CC_DESIGN_PERSON_AND_ORGANIZATION_ASSIGNMENT ( #1207, #531, ( #3521 ) ) ;
#3944 = ORIENTED_EDGE ( 'NONE', *, *, #1123, .T. ) ;
#3945 = EDGE_CURVE ( 'NONE', #2137, #2124, #967, .T. ) ;
#3946 = AXIS2_PLACEMENT_3D ( 'NONE', #2974, #3626, #3604 ) ;
#3947 = VERTEX_POINT ( 'NONE', #4133 ) ;
#3948 = DIRECTION ( 'NONE',  ( -0.000000000000000000, -0.000000000000000000, 1.000000000000000000 ) ) ;
#3949 = DIRECTION ( 'NONE',  ( 0.000000000000000000, -1.000000000000000000, 0.000000000000000000 ) ) ;
#3950 = CARTESIAN_POINT ( 'NONE',  ( 0.0007185552074903509175, 12.99461941394381981, 0.000000000000000000 ) ) ;
#3951 = VERTEX_POINT ( 'NONE', #292 ) ;
#3952 = EDGE_CURVE ( 'NONE', #3969, #1818, #3394, .T. ) ;
#3953 = EDGE_LOOP ( 'NONE', ( #1416, #1620, #494, #2249, #381, #3771, #3859, #3597, #1049, #2038, #1988, #1878 ) ) ;
#3954 = AXIS2_PLACEMENT_3D ( 'NONE', #4139, #3519, #624 ) ;
#3955 = CARTESIAN_POINT ( 'NONE',  ( 113.9999999999999716, 8.000000000000000000, -40.40000000000001990 ) ) ;
#3956 = AXIS2_PLACEMENT_3D ( 'NONE', #851, #2818, #3093 ) ;
#3957 = CYLINDRICAL_SURFACE ( 'NONE', #2535, 3.000000000000002665 ) ;
#3958 = CIRCLE ( 'NONE', #3497, 3.000000000000002665 ) ;
#3959 = DIRECTION ( 'NONE',  ( 0.000000000000000000, 0.000000000000000000, 1.000000000000000000 ) ) ;
#3960 = CIRCLE ( 'NONE', #1625, 3.199999999999994404 ) ;
#3961 = VECTOR ( 'NONE', #3007, 1000.000000000000000 ) ;
#3962 = CARTESIAN_POINT ( 'NONE',  ( 114.0000000000000000, 2.000000000000001776, -80.00000000000000000 ) ) ;
#3963 = DIRECTION ( 'NONE',  ( 0.000000000000000000, 0.000000000000000000, 1.000000000000000000 ) ) ;
#3964 = DIRECTION ( 'NONE',  ( 0.000000000000000000, 1.000000000000000000, 0.000000000000000000 ) ) ;
#3965 = CARTESIAN_POINT ( 'NONE',  ( 113.9999999999999716, 2.000000000000000000, -50.39999999999998437 ) ) ;
#3966 = ORIENTED_EDGE ( 'NONE', *, *, #2570, .F. ) ;
#3967 = VERTEX_POINT ( 'NONE', #1309 ) ;
#3968 = VECTOR ( 'NONE', #3603, 1000.000000000000000 ) ;
#3969 = VERTEX_POINT ( 'NONE', #2520 ) ;
#3970 = ORIENTED_EDGE ( 'NONE', *, *, #865, .T. ) ;
#3971 = DIRECTION ( 'NONE',  ( 0.000000000000000000, 0.000000000000000000, 1.000000000000000000 ) ) ;
#3972 = DIRECTION ( 'NONE',  ( 1.000000000000000000, 0.000000000000000000, 0.000000000000000000 ) ) ;
#3973 = AXIS2_PLACEMENT_3D ( 'NONE', #304, #4128, #3185 ) ;
#3974 = DIRECTION ( 'NONE',  ( -0.000000000000000000, 1.000000000000000000, -0.000000000000000000 ) ) ;
#3975 = EDGE_LOOP ( 'NONE', ( #3515, #2392, #2953, #2538 ) ) ;
#3976 = VECTOR ( 'NONE', #819, 1000.000000000000000 ) ;
#3977 = ORIENTED_EDGE ( 'NONE', *, *, #1799, .T. ) ;
#3978 = VECTOR ( 'NONE', #2513, 1000.000000000000000 ) ;
#3979 = LINE ( 'NONE', #2371, #1331 ) ;
#3980 = AXIS2_PLACEMENT_3D ( 'NONE', #3699, #1355, #3927 ) ;
#3981 = DIRECTION ( 'NONE',  ( 0.000000000000000000, 0.000000000000000000, 1.000000000000000000 ) ) ;
#3982 = CARTESIAN_POINT ( 'NONE',  ( 88.00000000000000000, 2.000000000000000000, -28.20000000000002061 ) ) ;
#3983 = CYLINDRICAL_SURFACE ( 'NONE', #218, 1.249999999999998446 ) ;
#3984 = EDGE_CURVE ( 'NONE', #4170, #3669, #303, .T. ) ;
#3985 = DIRECTION ( 'NONE',  ( -0.000000000000000000, 1.000000000000000000, -0.000000000000000000 ) ) ;
#3986 = LINE ( 'NONE', #756, #398 ) ;
#3987 = LINE ( 'NONE', #1093, #3772 ) ;
#3988 = AXIS2_PLACEMENT_3D ( 'NONE', #3737, #485, #551 ) ;
#3989 = EDGE_CURVE ( 'NONE', #411, #849, #596, .T. ) ;
#3990 = CARTESIAN_POINT ( 'NONE',  ( 90.08173892140095518, 13.48963826180039227, 0.000000000000000000 ) ) ;
#3991 = ORIENTED_EDGE ( 'NONE', *, *, #830, .F. ) ;
#3992 = ORIENTED_EDGE ( 'NONE', *, *, #2902, .T. ) ;
#3993 = EDGE_LOOP ( 'NONE', ( #4054, #3318, #512, #2771 ) ) ;
#3994 = CARTESIAN_POINT ( 'NONE',  ( 74.04008294569290172, 18.98999999999999844, -2.000000000000000000 ) ) ;
#3995 = CARTESIAN_POINT ( 'NONE',  ( 116.0000000000000000, 30.00000000000000000, -79.75000000000000000 ) ) ;
#3996 = DIRECTION ( 'NONE',  ( 1.000000000000000000, 0.000000000000000000, 0.000000000000000000 ) ) ;
#3997 = FACE_OUTER_BOUND ( 'NONE', #3064, .T. ) ;
#3998 = ORIENTED_EDGE ( 'NONE', *, *, #834, .F. ) ;
#3999 = CONICAL_SURFACE ( 'NONE', #693, 1.249999999999998446, 1.029744258676653423 ) ;
#4000 = DIRECTION ( 'NONE',  ( -0.000000000000000000, 1.000000000000000000, -0.000000000000000000 ) ) ;
#4001 = EDGE_LOOP ( 'NONE', ( #4124, #3088, #19, #2996 ) ) ;
#4002 = DIRECTION ( 'NONE',  ( 0.000000000000000000, 0.000000000000000000, -1.000000000000000000 ) ) ;
#4003 = AXIS2_PLACEMENT_3D ( 'NONE', #4153, #675, #3209 ) ;
#4004 = EDGE_CURVE ( 'NONE', #1426, #666, #3530, .T. ) ;
#4005 = LINE ( 'NONE', #1108, #3334 ) ;
#4006 = PLANE ( 'NONE',  #1989 ) ;
#4007 = DIRECTION ( 'NONE',  ( -0.000000000000000000, 1.000000000000000000, -0.000000000000000000 ) ) ;
#4008 = EDGE_CURVE ( 'NONE', #1308, #109, #1922, .T. ) ;
#4009 = EDGE_CURVE ( 'NONE', #2124, #1134, #952, .T. ) ;
#4010 = APPROVAL_DATE_TIME ( #3758, #645 ) ;
#4011 = DIRECTION ( 'NONE',  ( 0.000000000000000000, 0.000000000000000000, -1.000000000000000000 ) ) ;
#4012 = DIRECTION ( 'NONE',  ( 0.000000000000000000, 0.000000000000000000, 1.000000000000000000 ) ) ;
#4013 = DIRECTION ( 'NONE',  ( -0.000000000000000000, 1.000000000000000000, -0.000000000000000000 ) ) ;
#4014 = VERTEX_POINT ( 'NONE', #325 ) ;
#4015 = ORIENTED_EDGE ( 'NONE', *, *, #2320, .F. ) ;
#4016 = CIRCLE ( 'NONE', #1111, 1.250000000000001110 ) ;
#4017 = ORIENTED_EDGE ( 'NONE', *, *, #2001, .F. ) ;
#4018 = CARTESIAN_POINT ( 'NONE',  ( 90.08218129231372018, 21.48963824956963720, 0.000000000000000000 ) ) ;
#4019 = DIRECTION ( 'NONE',  ( 0.000000000000000000, 0.000000000000000000, 1.000000000000000000 ) ) ;
#4020 = DIRECTION ( 'NONE',  ( 0.000000000000000000, -1.000000000000000000, 0.000000000000000000 ) ) ;
#4021 = ORIENTED_EDGE ( 'NONE', *, *, #3596, .F. ) ;
#4022 = EDGE_CURVE ( 'NONE', #359, #1056, #2861, .T. ) ;
#4023 = VECTOR ( 'NONE', #3886, 1000.000000000000114 ) ;
#4024 = DIRECTION ( 'NONE',  ( 0.000000000000000000, -1.000000000000000000, 0.000000000000000000 ) ) ;
#4025 = LINE ( 'NONE', #1399, #1822 ) ;
#4026 = AXIS2_PLACEMENT_3D ( 'NONE', #1581, #30, #678 ) ;
#4027 = DIRECTION ( 'NONE',  ( 1.000000000000000000, 0.000000000000000000, 0.000000000000000000 ) ) ;
#4028 = EDGE_CURVE ( 'NONE', #2301, #3614, #3869, .T. ) ;
#4029 = ORIENTED_EDGE ( 'NONE', *, *, #3420, .F. ) ;
#4030 = EDGE_CURVE ( 'NONE', #1631, #536, #1091, .T. ) ;
#4031 = DIRECTION ( 'NONE',  ( -0.000000000000000000, -0.000000000000000000, -1.000000000000000000 ) ) ;
#4032 = CARTESIAN_POINT ( 'NONE',  ( 92.99999999999997158, 7.000000000000000000, 0.000000000000000000 ) ) ;
#4033 = CARTESIAN_POINT ( 'NONE',  ( 33.00000000000000000, 0.000000000000000000, -71.97500000000000853 ) ) ;
#4034 = AXIS2_PLACEMENT_3D ( 'NONE', #3365, #1770, #2353 ) ;
#4035 = VECTOR ( 'NONE', #322, 1000.000000000000000 ) ;
#4036 = PERSON_AND_ORGANIZATION ( #1792, #1100 ) ;
#4037 = DIRECTION ( 'NONE',  ( -0.000000000000000000, -1.000000000000000000, -0.000000000000000000 ) ) ;
#4038 = CARTESIAN_POINT ( 'NONE',  ( 98.99999999999997158, 2.000000000000000000, -50.40000000000000568 ) ) ;
#4039 = DIRECTION ( 'NONE',  ( -0.000000000000000000, 1.000000000000000000, -0.000000000000000000 ) ) ;
#4040 = AXIS2_PLACEMENT_3D ( 'NONE', #1901, #3181, #3839 ) ;
#4041 = ORIENTED_EDGE ( 'NONE', *, *, #1946, .T. ) ;
#4042 = ORIENTED_EDGE ( 'NONE', *, *, #3119, .F. ) ;
#4043 = EDGE_CURVE ( 'NONE', #230, #3199, #102, .T. ) ;
#4044 = ORIENTED_EDGE ( 'NONE', *, *, #2192, .T. ) ;
#4045 = LINE ( 'NONE', #2430, #726 ) ;
#4046 = APPLICATION_CONTEXT ( 'configuration controlled 3d designs of mechanical parts and assemblies' ) ;
#4047 = DIRECTION ( 'NONE',  ( 0.000000000000000000, 1.000000000000000000, -0.000000000000000000 ) ) ;
#4048 = DIRECTION ( 'NONE',  ( 0.000000000000000000, 0.000000000000000000, -1.000000000000000000 ) ) ;
#4049 = ORIENTED_EDGE ( 'NONE', *, *, #689, .F. ) ;
#4050 = AXIS2_PLACEMENT_3D ( 'NONE', #1932, #1915, #3870 ) ;
#4051 = DIRECTION ( 'NONE',  ( 0.000000000000000000, 0.000000000000000000, -1.000000000000000000 ) ) ;
#4052 = EDGE_LOOP ( 'NONE', ( #1013, #2119 ) ) ;
#4053 = CARTESIAN_POINT ( 'NONE',  ( 2.000000000000001332, 2.000000000000000000, -40.39999999999999147 ) ) ;
#4054 = ORIENTED_EDGE ( 'NONE', *, *, #3694, .F. ) ;
#4055 = FACE_OUTER_BOUND ( 'NONE', #2364, .T. ) ;
#4056 = DIRECTION ( 'NONE',  ( -0.000000000000000000, 1.000000000000000000, -0.000000000000000000 ) ) ;
#4057 = AXIS2_PLACEMENT_3D ( 'NONE', #2128, #1728, #3008 ) ;
#4058 = FACE_BOUND ( 'NONE', #938, .T. ) ;
#4059 = VECTOR ( 'NONE', #649, 999.9999999999998863 ) ;
#4060 = DIRECTION ( 'NONE',  ( 1.000000000000000000, -0.000000000000000000, -1.850371707708594366E-15 ) ) ;
#4061 = DIRECTION ( 'NONE',  ( 1.000000000000000000, 0.000000000000000000, -3.154042683594201037E-16 ) ) ;
#4062 = DIRECTION ( 'NONE',  ( 0.000000000000000000, 0.000000000000000000, -1.000000000000000000 ) ) ;
#4063 = CARTESIAN_POINT ( 'NONE',  ( 116.0000000000000000, 30.00000000000000000, -81.00000000000000000 ) ) ;
#4064 = EDGE_LOOP ( 'NONE', ( #158, #1643, #2351, #370 ) ) ;
#4065 = ORIENTED_EDGE ( 'NONE', *, *, #2686, .F. ) ;
#4066 = ORIENTED_EDGE ( 'NONE', *, *, #3201, .T. ) ;
#4067 = DIRECTION ( 'NONE',  ( 0.000000000000000000, -1.000000000000000000, 0.000000000000000000 ) ) ;
#4068 = DIRECTION ( 'NONE',  ( 0.000000000000000000, 0.000000000000000000, -1.000000000000000000 ) ) ;
#4069 = CARTESIAN_POINT ( 'NONE',  ( 0.000000000000000000, 2.000000000000000000, -83.00000000000000000 ) ) ;
#4070 = ORIENTED_EDGE ( 'NONE', *, *, #3255, .T. ) ;
#4071 = DIRECTION ( 'NONE',  ( 0.000000000000000000, 0.000000000000000000, -1.000000000000000000 ) ) ;
#4072 = EDGE_LOOP ( 'NONE', ( #307, #3020, #2962, #71 ) ) ;
#4073 = DIRECTION ( 'NONE',  ( -0.000000000000000000, 1.000000000000000000, -0.000000000000000000 ) ) ;
#4074 = ORIENTED_EDGE ( 'NONE', *, *, #1389, .T. ) ;
#4075 = ADVANCED_FACE ( 'NONE', ( #1982 ), #2044, .F. ) ;
#4076 = CARTESIAN_POINT ( 'NONE',  ( 108.8489367685222220, 7.000000000000000000, -83.00000000000000000 ) ) ;
#4077 = CARTESIAN_POINT ( 'NONE',  ( 106.5000000000000142, 8.000000000000000000, -44.14999999999999147 ) ) ;
#4078 = AXIS2_PLACEMENT_3D ( 'NONE', #3663, #774, #366 ) ;
#4079 = CARTESIAN_POINT ( 'NONE',  ( 111.0000000000000000, 2.000000000000000000, -50.39999999999999147 ) ) ;
#4080 = DIRECTION ( 'NONE',  ( 0.000000000000000000, 0.000000000000000000, -1.000000000000000000 ) ) ;
#4081 = DATE_TIME_ROLE ( 'creation_date' ) ;
#4082 = DIRECTION ( 'NONE',  ( 0.000000000000000000, 0.000000000000000000, 1.000000000000000000 ) ) ;
#4083 = CARTESIAN_POINT ( 'NONE',  ( 82.99999999999997158, 8.000000000000000000, -74.02500000000000568 ) ) ;
#4084 = CARTESIAN_POINT ( 'NONE',  ( 32.99999999999998579, 18.00000000000000000, -85.00000000000000000 ) ) ;
#4085 = ORIENTED_EDGE ( 'NONE', *, *, #3271, .F. ) ;
#4086 = EDGE_LOOP ( 'NONE', ( #3930, #3574, #345, #4110 ) ) ;
#4087 = EDGE_LOOP ( 'NONE', ( #2255, #1520, #2113, #1675, #637, #749, #2016, #4044 ) ) ;
#4088 = CARTESIAN_POINT ( 'NONE',  ( 103.0000000000000142, 2.000000000000000000, -12.00000000000000000 ) ) ;
#4089 = CARTESIAN_POINT ( 'NONE',  ( 19.00000000000000000, 2.000000000000000000, -4.999999999999999112 ) ) ;
#4090 = DIRECTION ( 'NONE',  ( -0.000000000000000000, 1.000000000000000000, -0.000000000000000000 ) ) ;
#4091 = ORIENTED_EDGE ( 'NONE', *, *, #2156, .F. ) ;
#4092 = ADVANCED_FACE ( 'NONE', ( #2063 ), #2650, .T. ) ;
#4093 = EDGE_CURVE ( 'NONE', #4108, #1175, #714, .T. ) ;
#4094 = VECTOR ( 'NONE', #2463, 1000.000000000000000 ) ;
#4095 = EDGE_CURVE ( 'NONE', #1240, #477, #3899, .T. ) ;
#4096 = CARTESIAN_POINT ( 'NONE',  ( 83.54015206977908292, 10.48999999999999844, -2.000000000000000000 ) ) ;
#4097 = LINE ( 'NONE', #1200, #1750 ) ;
#4098 = ADVANCED_FACE ( 'NONE', ( #404 ), #3327, .F. ) ;
#4099 = CIRCLE ( 'NONE', #2062, 3.000000000000002665 ) ;
#4100 = EDGE_CURVE ( 'NONE', #191, #3208, #32, .T. ) ;
#4101 = DIRECTION ( 'NONE',  ( 0.000000000000000000, -1.000000000000000000, 0.000000000000000000 ) ) ;
#4102 = ORIENTED_EDGE ( 'NONE', *, *, #3103, .F. ) ;
#4103 = CARTESIAN_POINT ( 'NONE',  ( 9.500000000000008882, 8.000000000000000000, -8.649999999999987921 ) ) ;
#4104 = CARTESIAN_POINT ( 'NONE',  ( 113.9999999999999716, 2.000000000000000000, -40.40000000000001990 ) ) ;
#4105 = DIRECTION ( 'NONE',  ( 0.000000000000000000, -1.000000000000000000, 0.000000000000000000 ) ) ;
#4106 = CARTESIAN_POINT ( 'NONE',  ( 69.99999999999998579, 8.000000000000000000, -83.00000000000000000 ) ) ;
#4107 = CARTESIAN_POINT ( 'NONE',  ( 5.000000000000000000, 2.000000000000001776, -53.39999999999999147 ) ) ;
#4108 = VERTEX_POINT ( 'NONE', #3305 ) ;
#4109 = AXIS2_PLACEMENT_3D ( 'NONE', #2857, #348, #655 ) ;
#4110 = ORIENTED_EDGE ( 'NONE', *, *, #1201, .T. ) ;
#4111 = ORIENTED_EDGE ( 'NONE', *, *, #1542, .T. ) ;
#4112 = CARTESIAN_POINT ( 'NONE',  ( 43.00000000000000000, 7.000000000000000000, 0.000000000000000000 ) ) ;
#4113 = EDGE_CURVE ( 'NONE', #1562, #3214, #2795, .T. ) ;
#4114 = CARTESIAN_POINT ( 'NONE',  ( 24.49999999999998934, 18.00000000000000000, -83.00000000000000000 ) ) ;
#4115 = DIRECTION ( 'NONE',  ( 0.000000000000000000, 0.000000000000000000, -1.000000000000000000 ) ) ;
#4116 = ORIENTED_EDGE ( 'NONE', *, *, #1286, .F. ) ;
#4117 = VECTOR ( 'NONE', #1143, 1000.000000000000114 ) ;
#4118 = AXIS2_PLACEMENT_3D ( 'NONE', #2374, #2693, #1749 ) ;
#4119 = CARTESIAN_POINT ( 'NONE',  ( 113.9999999999999716, 8.000000000000000000, -40.40000000000001990 ) ) ;
#4120 = CARTESIAN_POINT ( 'NONE',  ( 33.00000000000000000, 8.000000000000000000, -73.00000000000001421 ) ) ;
#4121 = AXIS2_PLACEMENT_3D ( 'NONE', #1839, #3498, #625 ) ;
#4122 = VECTOR ( 'NONE', #657, 1000.000000000000000 ) ;
#4123 = FACE_OUTER_BOUND ( 'NONE', #2418, .T. ) ;
#4124 = ORIENTED_EDGE ( 'NONE', *, *, #1921, .T. ) ;
#4125 = CARTESIAN_POINT ( 'NONE',  ( 106.5000000000000142, 8.000000000000000000, -46.64999999999999858 ) ) ;
#4126 = EDGE_CURVE ( 'NONE', #2309, #1814, #2948, .T. ) ;
#4127 = PLANE ( 'NONE',  #507 ) ;
#4128 = DIRECTION ( 'NONE',  ( 1.541976423090495633E-16, 0.000000000000000000, 1.000000000000000000 ) ) ;
#4129 = DIRECTION ( 'NONE',  ( 0.000000000000000000, 0.000000000000000000, 1.000000000000000000 ) ) ;
#4130 = ADVANCED_FACE ( 'NONE', ( #2337 ), #3999, .F. ) ;
#4131 = ORIENTED_EDGE ( 'NONE', *, *, #2021, .F. ) ;
#4132 = ORIENTED_EDGE ( 'NONE', *, *, #3549, .F. ) ;
#4133 = CARTESIAN_POINT ( 'NONE',  ( 33.00000000000000000, 0.000000000000000000, -74.02500000000000568 ) ) ;
#4134 = ADVANCED_FACE ( 'NONE', ( #424 ), #1409, .F. ) ;
#4135 = CARTESIAN_POINT ( 'NONE',  ( 20.00000000000000000, 7.000000000000000000, -82.99999999999998579 ) ) ;
#4136 = CYLINDRICAL_SURFACE ( 'NONE', #3004, 3.000000000000000000 ) ;
#4137 = ORIENTED_EDGE ( 'NONE', *, *, #3017, .F. ) ;
#4138 = VERTEX_POINT ( 'NONE', #3264 ) ;
#4139 = CARTESIAN_POINT ( 'NONE',  ( 46.00000000000000711, 6.999999999999999112, -80.00000000000000000 ) ) ;
#4140 = CARTESIAN_POINT ( 'NONE',  ( -1.000000000000000444, 0.000000000000000000, -82.00000000000000000 ) ) ;
#4141 = PLANE ( 'NONE',  #40 ) ;
#4142 = ORIENTED_EDGE ( 'NONE', *, *, #3713, .F. ) ;
#4143 = EDGE_CURVE ( 'NONE', #2124, #1657, #382, .T. ) ;
#4144 = CARTESIAN_POINT ( 'NONE',  ( 71.04000000000006310, 15.99000000000000021, -2.000000000000000000 ) ) ;
#4145 = VECTOR ( 'NONE', #755, 1000.000000000000000 ) ;
#4146 = EDGE_CURVE ( 'NONE', #1391, #1296, #3732, .T. ) ;
#4147 = CARTESIAN_POINT ( 'NONE',  ( 29.64000000000000057, 15.93999999999999950, -30.00000000000000000 ) ) ;
#4148 = DIRECTION ( 'NONE',  ( -0.000000000000000000, 1.000000000000000000, 0.000000000000000000 ) ) ;
#4149 = EDGE_CURVE ( 'NONE', #31, #1693, #2672, .T. ) ;
#4150 = EDGE_LOOP ( 'NONE', ( #1117, #2136, #3165, #369, #1038, #1075 ) ) ;
#4151 = CC_DESIGN_APPROVAL ( #3463, ( #1244 ) ) ;
#4152 = ORIENTED_EDGE ( 'NONE', *, *, #3567, .T. ) ;
#4153 = CARTESIAN_POINT ( 'NONE',  ( 23.64000000000000057, 15.93999999999999950, 0.000000000000000000 ) ) ;
#4154 = CARTESIAN_POINT ( 'NONE',  ( 23.00000000000000000, 8.000000000000000000, 0.000000000000000000 ) ) ;
#4155 = CARTESIAN_POINT ( 'NONE',  ( 32.84000000000001052, 15.93999999999999950, -30.00000000000000000 ) ) ;
#4156 = EDGE_CURVE ( 'NONE', #2209, #659, #764, .T. ) ;
#4157 = ORIENTED_EDGE ( 'NONE', *, *, #652, .T. ) ;
#4158 = EDGE_LOOP ( 'NONE', ( #3740, #1197, #1990, #1438 ) ) ;
#4159 = DIRECTION ( 'NONE',  ( 0.000000000000000000, 0.000000000000000000, 1.000000000000000000 ) ) ;
#4160 = FACE_BOUND ( 'NONE', #2304, .T. ) ;
#4161 = EDGE_CURVE ( 'NONE', #3214, #1562, #831, .T. ) ;
#4162 = AXIS2_PLACEMENT_3D ( 'NONE', #2154, #171, #501 ) ;
#4163 = VERTEX_POINT ( 'NONE', #2928 ) ;
#4164 = EDGE_CURVE ( 'NONE', #3967, #2093, #3712, .T. ) ;
#4165 = AXIS2_PLACEMENT_3D ( 'NONE', #2067, #2006, #1712 ) ;
#4166 = EDGE_CURVE ( 'NONE', #2574, #1723, #462, .T. ) ;
#4167 = CARTESIAN_POINT ( 'NONE',  ( 69.99999999999998579, 7.000000000000000000, -83.00000000000000000 ) ) ;
#4168 = DIRECTION ( 'NONE',  ( 0.000000000000000000, 0.000000000000000000, 1.000000000000000000 ) ) ;
#4169 = DIRECTION ( 'NONE',  ( 0.000000000000000000, 0.000000000000000000, 1.000000000000000000 ) ) ;
#4170 = VERTEX_POINT ( 'NONE', #798 ) ;
#4171 = VERTEX_POINT ( 'NONE', #1459 ) ;
#4172 = CARTESIAN_POINT ( 'NONE',  ( 111.0000000000000000, 30.00000000000000000, -1.999999999999999556 ) ) ;
#4173 = CARTESIAN_POINT ( 'NONE',  ( 114.0000000000000000, 2.000000000000000000, 0.000000000000000000 ) ) ;
#4174 = LINE ( 'NONE', #3229, #2398 ) ;
#4175 = ORIENTED_EDGE ( 'NONE', *, *, #3097, .F. ) ;
#4176 = CIRCLE ( 'NONE', #1129, 3.000000000000002665 ) ;
#4177 = ORIENTED_EDGE ( 'NONE', *, *, #3313, .F. ) ;
#4178 = EDGE_CURVE ( 'NONE', #1272, #3729, #3350, .T. ) ;
ENDSEC;
END-ISO-10303-21;
